symbol,asset_id,weather_point_id,period_end,data_kind,latitude,longitude,precipitation_sum_mm,rain_sum_mm,snowfall_sum_cm,temperature_2m_mean_c,et0_fao_evapotranspiration_sum_mm,weather_days,source_url,retrieved_at,source_note
508026,wuyiqiao_1_5,wuyiqiao_asset_point,2013-03-31,ex_post_reanalysis_era5,28.750000,101.750000,134.200000,35.800000,73.990000,7.833333,275.210000,90,https://archive-api.open-meteo.com/v1/archive?models=era5,2026-08-29,固定ERA5模型；电站点位代理；ex-post再分析；不可视为历史交易时点已知预报；非流域面积加权降雨
508026,wuyiqiao_1_5,wuyiqiao_asset_point,2013-06-30,ex_post_reanalysis_era5,28.750000,101.750000,598.700000,518.400000,58.170000,16.067033,339.490000,91,https://archive-api.open-meteo.com/v1/archive?models=era5,2026-08-29,固定ERA5模型；电站点位代理；ex-post再分析；不可视为历史交易时点已知预报；非流域面积加权降雨
508026,wuyiqiao_1_5,wuyiqiao_asset_point,2013-09-30,ex_post_reanalysis_era5,28.750000,101.750000,645.500000,638.400000,4.970000,19.955435,310.280000,92,https://archive-api.open-meteo.com/v1/archive?models=era5,2026-08-29,固定ERA5模型；电站点位代理；ex-post再分析；不可视为历史交易时点已知预报；非流域面积加权降雨
508026,wuyiqiao_1_5,wuyiqiao_asset_point,2013-12-31,ex_post_reanalysis_era5,28.750000,101.750000,178.700000,99.200000,63.980000,8.671739,201.070000,92,https://archive-api.open-meteo.com/v1/archive?models=era5,2026-08-29,固定ERA5模型；电站点位代理；ex-post再分析；不可视为历史交易时点已知预报；非流域面积加权降雨
508026,wuyiqiao_1_5,wuyiqiao_asset_point,2014-03-31,ex_post_reanalysis_era5,28.750000,101.750000,130.200000,35.200000,71.330000,6.404444,261.400000,90,https://archive-api.open-meteo.com/v1/archive?models=era5,2026-08-29,固定ERA5模型；电站点位代理；ex-post再分析；不可视为历史交易时点已知预报；非流域面积加权降雨
508026,wuyiqiao_1_5,wuyiqiao_asset_point,2014-06-30,ex_post_reanalysis_era5,28.750000,101.750000,474.200000,426.500000,33.950000,17.026374,331.600000,91,https://archive-api.open-meteo.com/v1/archive?models=era5,2026-08-29,固定ERA5模型；电站点位代理；ex-post再分析；不可视为历史交易时点已知预报；非流域面积加权降雨
508026,wuyiqiao_1_5,wuyiqiao_asset_point,2014-09-30,ex_post_reanalysis_era5,28.750000,101.750000,750.600000,741.200000,6.580000,19.921739,279.400000,92,https://archive-api.open-meteo.com/v1/archive?models=era5,2026-08-29,固定ERA5模型；电站点位代理；ex-post再分析；不可视为历史交易时点已知预报；非流域面积加权降雨
508026,wuyiqiao_1_5,wuyiqiao_asset_point,2014-12-31,ex_post_reanalysis_era5,28.750000,101.750000,165.600000,106.600000,51.310000,10.222826,203.550000,92,https://archive-api.open-meteo.com/v1/archive?models=era5,2026-08-29,固定ERA5模型；电站点位代理；ex-post再分析；不可视为历史交易时点已知预报；非流域面积加权降雨
508026,wuyiqiao_1_5,wuyiqiao_asset_point,2015-03-31,ex_post_reanalysis_era5,28.750000,101.750000,82.000000,33.300000,39.550000,8.383333,281.800000,90,https://archive-api.open-meteo.com/v1/archive?models=era5,2026-08-29,固定ERA5模型；电站点位代理；ex-post再分析；不可视为历史交易时点已知预报；非流域面积加权降雨
508026,wuyiqiao_1_5,wuyiqiao_asset_point,2015-06-30,ex_post_reanalysis_era5,28.750000,101.750000,566.800000,505.800000,44.450000,17.042857,328.120000,91,https://archive-api.open-meteo.com/v1/archive?models=era5,2026-08-29,固定ERA5模型；电站点位代理；ex-post再分析；不可视为历史交易时点已知预报；非流域面积加权降雨
508026,wuyiqiao_1_5,wuyiqiao_asset_point,2015-09-30,ex_post_reanalysis_era5,28.750000,101.750000,711.900000,711.500000,0.280000,19.100000,267.120000,92,https://archive-api.open-meteo.com/v1/archive?models=era5,2026-08-29,固定ERA5模型；电站点位代理；ex-post再分析；不可视为历史交易时点已知预报；非流域面积加权降雨
508026,wuyiqiao_1_5,wuyiqiao_asset_point,2015-12-31,ex_post_reanalysis_era5,28.750000,101.750000,174.800000,111.200000,51.030000,9.655435,208.290000,92,https://archive-api.open-meteo.com/v1/archive?models=era5,2026-08-29,固定ERA5模型；电站点位代理；ex-post再分析；不可视为历史交易时点已知预报；非流域面积加权降雨
508026,wuyiqiao_1_5,wuyiqiao_asset_point,2016-03-31,ex_post_reanalysis_era5,28.750000,101.750000,117.600000,20.100000,76.650000,4.336264,244.030000,91,https://archive-api.open-meteo.com/v1/archive?models=era5,2026-08-29,固定ERA5模型；电站点位代理；ex-post再分析；不可视为历史交易时点已知预报；非流域面积加权降雨
508026,wuyiqiao_1_5,wuyiqiao_asset_point,2016-06-30,ex_post_reanalysis_era5,28.750000,101.750000,720.200000,663.200000,40.250000,16.684615,323.690000,91,https://archive-api.open-meteo.com/v1/archive?models=era5,2026-08-29,固定ERA5模型；电站点位代理；ex-post再分析；不可视为历史交易时点已知预报；非流域面积加权降雨
508026,wuyiqiao_1_5,wuyiqiao_asset_point,2016-09-30,ex_post_reanalysis_era5,28.750000,101.750000,579.000000,573.300000,3.990000,20.272826,297.410000,92,https://archive-api.open-meteo.com/v1/archive?models=era5,2026-08-29,固定ERA5模型；电站点位代理；ex-post再分析；不可视为历史交易时点已知预报；非流域面积加权降雨
508026,wuyiqiao_1_5,wuyiqiao_asset_point,2016-12-31,ex_post_reanalysis_era5,28.750000,101.750000,161.600000,114.400000,39.130000,12.369565,214.550000,92,https://archive-api.open-meteo.com/v1/archive?models=era5,2026-08-29,固定ERA5模型；电站点位代理；ex-post再分析；不可视为历史交易时点已知预报；非流域面积加权降雨
508026,wuyiqiao_1_5,wuyiqiao_asset_point,2017-03-31,ex_post_reanalysis_era5,28.750000,101.750000,136.200000,20.400000,92.540000,7.776667,253.570000,90,https://archive-api.open-meteo.com/v1/archive?models=era5,2026-08-29,固定ERA5模型；电站点位代理；ex-post再分析；不可视为历史交易时点已知预报；非流域面积加权降雨
508026,wuyiqiao_1_5,wuyiqiao_asset_point,2017-06-30,ex_post_reanalysis_era5,28.750000,101.750000,587.400000,514.700000,52.220000,16.274725,315.980000,91,https://archive-api.open-meteo.com/v1/archive?models=era5,2026-08-29,固定ERA5模型；电站点位代理；ex-post再分析；不可视为历史交易时点已知预报；非流域面积加权降雨
508026,wuyiqiao_1_5,wuyiqiao_asset_point,2017-09-30,ex_post_reanalysis_era5,28.750000,101.750000,650.200000,650.200000,0.000000,20.616304,307.770000,92,https://archive-api.open-meteo.com/v1/archive?models=era5,2026-08-29,固定ERA5模型；电站点位代理；ex-post再分析；不可视为历史交易时点已知预报；非流域面积加权降雨
508026,wuyiqiao_1_5,wuyiqiao_asset_point,2017-12-31,ex_post_reanalysis_era5,28.750000,101.750000,198.800000,148.400000,45.010000,11.757609,197.390000,92,https://archive-api.open-meteo.com/v1/archive?models=era5,2026-08-29,固定ERA5模型；电站点位代理；ex-post再分析；不可视为历史交易时点已知预报；非流域面积加权降雨
508026,wuyiqiao_1_5,wuyiqiao_asset_point,2018-03-31,ex_post_reanalysis_era5,28.750000,101.750000,150.800000,30.300000,92.400000,7.290000,257.190000,90,https://archive-api.open-meteo.com/v1/archive?models=era5,2026-08-29,固定ERA5模型；电站点位代理；ex-post再分析；不可视为历史交易时点已知预报；非流域面积加权降雨
508026,wuyiqiao_1_5,wuyiqiao_asset_point,2018-06-30,ex_post_reanalysis_era5,28.750000,101.750000,635.200000,588.800000,33.320000,16.628571,320.250000,91,https://archive-api.open-meteo.com/v1/archive?models=era5,2026-08-29,固定ERA5模型；电站点位代理；ex-post再分析；不可视为历史交易时点已知预报；非流域面积加权降雨
508026,wuyiqiao_1_5,wuyiqiao_asset_point,2018-09-30,ex_post_reanalysis_era5,28.750000,101.750000,700.400000,700.400000,0.000000,20.531522,299.450000,92,https://archive-api.open-meteo.com/v1/archive?models=era5,2026-08-29,固定ERA5模型；电站点位代理；ex-post再分析；不可视为历史交易时点已知预报；非流域面积加权降雨
508026,wuyiqiao_1_5,wuyiqiao_asset_point,2018-12-31,ex_post_reanalysis_era5,28.750000,101.750000,184.300000,104.500000,61.320000,10.135870,209.040000,92,https://archive-api.open-meteo.com/v1/archive?models=era5,2026-08-29,固定ERA5模型；电站点位代理；ex-post再分析；不可视为历史交易时点已知预报；非流域面积加权降雨
508026,wuyiqiao_1_5,wuyiqiao_asset_point,2019-03-31,ex_post_reanalysis_era5,28.750000,101.750000,101.200000,24.900000,59.360000,8.583333,275.790000,90,https://archive-api.open-meteo.com/v1/archive?models=era5,2026-08-29,固定ERA5模型；电站点位代理；ex-post再分析；不可视为历史交易时点已知预报；非流域面积加权降雨
508026,wuyiqiao_1_5,wuyiqiao_asset_point,2019-06-30,ex_post_reanalysis_era5,28.750000,101.750000,596.400000,548.900000,33.600000,17.382418,345.650000,91,https://archive-api.open-meteo.com/v1/archive?models=era5,2026-08-29,固定ERA5模型；电站点位代理；ex-post再分析；不可视为历史交易时点已知预报；非流域面积加权降雨
508026,wuyiqiao_1_5,wuyiqiao_asset_point,2019-09-30,ex_post_reanalysis_era5,28.750000,101.750000,773.800000,759.400000,10.080000,19.806522,277.580000,92,https://archive-api.open-meteo.com/v1/archive?models=era5,2026-08-29,固定ERA5模型；电站点位代理；ex-post再分析；不可视为历史交易时点已知预报；非流域面积加权降雨
508026,wuyiqiao_1_5,wuyiqiao_asset_point,2019-12-31,ex_post_reanalysis_era5,28.750000,101.750000,242.400000,188.300000,42.420000,10.166304,194.420000,92,https://archive-api.open-meteo.com/v1/archive?models=era5,2026-08-29,固定ERA5模型；电站点位代理；ex-post再分析；不可视为历史交易时点已知预报；非流域面积加权降雨
508026,wuyiqiao_1_5,wuyiqiao_asset_point,2020-03-31,ex_post_reanalysis_era5,28.750000,101.750000,101.500000,17.900000,66.640000,4.952747,254.290000,91,https://archive-api.open-meteo.com/v1/archive?models=era5,2026-08-29,固定ERA5模型；电站点位代理；ex-post再分析；不可视为历史交易时点已知预报；非流域面积加权降雨
508026,wuyiqiao_1_5,wuyiqiao_asset_point,2020-06-30,ex_post_reanalysis_era5,28.750000,101.750000,598.200000,499.300000,71.330000,16.010989,335.530000,91,https://archive-api.open-meteo.com/v1/archive?models=era5,2026-08-29,固定ERA5模型；电站点位代理；ex-post再分析；不可视为历史交易时点已知预报；非流域面积加权降雨
508026,wuyiqiao_1_5,wuyiqiao_asset_point,2020-09-30,ex_post_reanalysis_era5,28.750000,101.750000,886.600000,886.600000,0.000000,20.691304,257.870000,92,https://archive-api.open-meteo.com/v1/archive?models=era5,2026-08-29,固定ERA5模型；电站点位代理；ex-post再分析；不可视为历史交易时点已知预报；非流域面积加权降雨
508026,wuyiqiao_1_5,wuyiqiao_asset_point,2020-12-31,ex_post_reanalysis_era5,28.750000,101.750000,137.100000,95.400000,34.860000,11.418478,189.160000,92,https://archive-api.open-meteo.com/v1/archive?models=era5,2026-08-29,固定ERA5模型；电站点位代理；ex-post再分析；不可视为历史交易时点已知预报；非流域面积加权降雨
508026,wuyiqiao_1_5,wuyiqiao_asset_point,2021-03-31,ex_post_reanalysis_era5,28.750000,101.750000,124.200000,36.600000,68.320000,7.253333,256.680000,90,https://archive-api.open-meteo.com/v1/archive?models=era5,2026-08-29,固定ERA5模型；电站点位代理；ex-post再分析；不可视为历史交易时点已知预报；非流域面积加权降雨
508026,wuyiqiao_1_5,wuyiqiao_asset_point,2021-06-30,ex_post_reanalysis_era5,28.750000,101.750000,544.800000,518.800000,18.480000,17.691209,319.560000,91,https://archive-api.open-meteo.com/v1/archive?models=era5,2026-08-29,固定ERA5模型；电站点位代理；ex-post再分析；不可视为历史交易时点已知预报；非流域面积加权降雨
508026,wuyiqiao_1_5,wuyiqiao_asset_point,2021-09-30,ex_post_reanalysis_era5,28.750000,101.750000,718.900000,718.900000,0.000000,20.556522,294.350000,92,https://archive-api.open-meteo.com/v1/archive?models=era5,2026-08-29,固定ERA5模型；电站点位代理；ex-post再分析；不可视为历史交易时点已知预报；非流域面积加权降雨
508026,wuyiqiao_1_5,wuyiqiao_asset_point,2021-12-31,ex_post_reanalysis_era5,28.750000,101.750000,169.600000,100.500000,57.190000,10.358696,186.920000,92,https://archive-api.open-meteo.com/v1/archive?models=era5,2026-08-29,固定ERA5模型；电站点位代理；ex-post再分析；不可视为历史交易时点已知预报；非流域面积加权降雨
508026,wuyiqiao_1_5,wuyiqiao_asset_point,2022-03-31,ex_post_reanalysis_era5,28.750000,101.750000,105.300000,31.400000,51.730000,4.870000,253.820000,90,https://archive-api.open-meteo.com/v1/archive?models=era5,2026-08-29,固定ERA5模型；电站点位代理；ex-post再分析；不可视为历史交易时点已知预报；非流域面积加权降雨
508026,wuyiqiao_1_5,wuyiqiao_asset_point,2022-06-30,ex_post_reanalysis_era5,28.750000,101.750000,649.700000,550.900000,69.160000,15.779121,290.310000,91,https://archive-api.open-meteo.com/v1/archive?models=era5,2026-08-29,固定ERA5模型；电站点位代理；ex-post再分析；不可视为历史交易时点已知预报；非流域面积加权降雨
508026,wuyiqiao_1_5,wuyiqiao_asset_point,2022-09-30,ex_post_reanalysis_era5,28.750000,101.750000,611.700000,611.700000,0.000000,20.398913,320.360000,92,https://archive-api.open-meteo.com/v1/archive?models=era5,2026-08-29,固定ERA5模型；电站点位代理；ex-post再分析；不可视为历史交易时点已知预报；非流域面积加权降雨
508026,wuyiqiao_1_5,wuyiqiao_asset_point,2022-12-31,ex_post_reanalysis_era5,28.750000,101.750000,172.100000,138.300000,23.660000,11.604348,205.170000,92,https://archive-api.open-meteo.com/v1/archive?models=era5,2026-08-29,固定ERA5模型；电站点位代理；ex-post再分析；不可视为历史交易时点已知预报；非流域面积加权降雨
508026,wuyiqiao_1_5,wuyiqiao_asset_point,2023-03-31,ex_post_reanalysis_era5,28.750000,101.750000,178.000000,36.400000,99.120000,6.361111,250.660000,90,https://archive-api.open-meteo.com/v1/archive?models=era5,2026-08-29,固定ERA5模型；电站点位代理；ex-post再分析；不可视为历史交易时点已知预报；非流域面积加权降雨
508026,wuyiqiao_1_5,wuyiqiao_asset_point,2023-06-30,ex_post_reanalysis_era5,28.750000,101.750000,518.100000,489.700000,19.880000,17.092308,358.050000,91,https://archive-api.open-meteo.com/v1/archive?models=era5,2026-08-29,固定ERA5模型；电站点位代理；ex-post再分析；不可视为历史交易时点已知预报；非流域面积加权降雨
508026,wuyiqiao_1_5,wuyiqiao_asset_point,2023-09-30,ex_post_reanalysis_era5,28.750000,101.750000,698.100000,698.100000,0.000000,20.856522,304.450000,92,https://archive-api.open-meteo.com/v1/archive?models=era5,2026-08-29,固定ERA5模型；电站点位代理；ex-post再分析；不可视为历史交易时点已知预报；非流域面积加权降雨
508026,wuyiqiao_1_5,wuyiqiao_asset_point,2023-12-31,ex_post_reanalysis_era5,28.750000,101.750000,228.100000,176.600000,36.050000,11.850000,211.100000,92,https://archive-api.open-meteo.com/v1/archive?models=era5,2026-08-29,固定ERA5模型；电站点位代理；ex-post再分析；不可视为历史交易时点已知预报；非流域面积加权降雨
508026,wuyiqiao_1_5,wuyiqiao_asset_point,2024-03-31,ex_post_reanalysis_era5,28.750000,101.750000,140.300000,51.900000,62.020000,7.309890,265.850000,91,https://archive-api.open-meteo.com/v1/archive?models=era5,2026-08-29,固定ERA5模型；电站点位代理；ex-post再分析；不可视为历史交易时点已知预报；非流域面积加权降雨
508026,wuyiqiao_1_5,wuyiqiao_asset_point,2024-06-30,ex_post_reanalysis_era5,28.750000,101.750000,695.800000,652.800000,30.100000,16.954945,305.890000,91,https://archive-api.open-meteo.com/v1/archive?models=era5,2026-08-29,固定ERA5模型；电站点位代理；ex-post再分析；不可视为历史交易时点已知预报；非流域面积加权降雨
508026,wuyiqiao_1_5,wuyiqiao_asset_point,2024-09-30,ex_post_reanalysis_era5,28.750000,101.750000,772.500000,772.500000,0.000000,21.529348,315.600000,92,https://archive-api.open-meteo.com/v1/archive?models=era5,2026-08-29,固定ERA5模型；电站点位代理；ex-post再分析；不可视为历史交易时点已知预报；非流域面积加权降雨
508026,wuyiqiao_1_5,wuyiqiao_asset_point,2024-12-31,ex_post_reanalysis_era5,28.750000,101.750000,219.300000,165.500000,37.660000,10.800000,182.320000,92,https://archive-api.open-meteo.com/v1/archive?models=era5,2026-08-29,固定ERA5模型；电站点位代理；ex-post再分析；不可视为历史交易时点已知预报；非流域面积加权降雨
508026,wuyiqiao_1_5,wuyiqiao_asset_point,2025-03-31,ex_post_reanalysis_era5,28.750000,101.750000,178.800000,15.900000,114.030000,6.046667,225.710000,90,https://archive-api.open-meteo.com/v1/archive?models=era5,2026-08-29,固定ERA5模型；电站点位代理；ex-post再分析；不可视为历史交易时点已知预报；非流域面积加权降雨
508026,wuyiqiao_1_5,wuyiqiao_asset_point,2025-06-30,ex_post_reanalysis_era5,28.750000,101.750000,659.100000,601.900000,40.040000,16.360440,314.690000,91,https://archive-api.open-meteo.com/v1/archive?models=era5,2026-08-29,固定ERA5模型；电站点位代理；ex-post再分析；不可视为历史交易时点已知预报；非流域面积加权降雨
508026,wuyiqiao_1_5,wuyiqiao_asset_point,2025-09-30,ex_post_reanalysis_era5,28.750000,101.750000,719.100000,719.100000,0.000000,21.193478,321.010000,92,https://archive-api.open-meteo.com/v1/archive?models=era5,2026-08-29,固定ERA5模型；电站点位代理；ex-post再分析；不可视为历史交易时点已知预报；非流域面积加权降雨
508026,wuyiqiao_1_5,wuyiqiao_asset_point,2025-12-31,ex_post_reanalysis_era5,28.750000,101.750000,237.300000,157.500000,55.860000,11.977174,200.690000,92,https://archive-api.open-meteo.com/v1/archive?models=era5,2026-08-29,固定ERA5模型；电站点位代理；ex-post再分析；不可视为历史交易时点已知预报；非流域面积加权降雨
508026,wuyiqiao_1_5,wuyiqiao_asset_point,2026-03-31,ex_post_reanalysis_era5,28.750000,101.750000,209.900000,68.000000,99.330000,8.682222,257.600000,90,https://archive-api.open-meteo.com/v1/archive?models=era5,2026-08-29,固定ERA5模型；电站点位代理；ex-post再分析；不可视为历史交易时点已知预报；非流域面积加权降雨
508026,wuyiqiao_1_5,wuyiqiao_asset_point,2026-06-30,ex_post_reanalysis_era5,28.750000,101.750000,655.900000,588.600000,47.110000,16.907692,305.810000,91,https://archive-api.open-meteo.com/v1/archive?models=era5,2026-08-29,固定ERA5模型；电站点位代理；ex-post再分析；不可视为历史交易时点已知预报；非流域面积加权降雨
