symbol,period_end,publication_date,metric,value,unit,source_url,source_sha256,verification_status,raw_text
508000,2021-12-31,2022-03-30,fund_shares,500000000.0,shares,https://www.sse.com.cn/disclosure/fund/announcement/c/new/2022-03-30/508000_20220330_1_9Qr8Y4nN.pdf,ab6eb7d13a826214e572bdc03c07455f899ac01d2c81cc599efdff60caee88bf,machine_extracted_official_pdf,"报告期末基金份额总额 500,000,000.00 份；期末账面基金份额净值 2.9656 元"
508000,2021-12-31,2022-03-30,nav_per_unit,2.9656,RMB_per_unit,https://www.sse.com.cn/disclosure/fund/announcement/c/new/2022-03-30/508000_20220330_1_9Qr8Y4nN.pdf,ab6eb7d13a826214e572bdc03c07455f899ac01d2c81cc599efdff60caee88bf,machine_extracted_official_pdf,"报告期末基金份额总额 500,000,000.00 份；期末账面基金份额净值 2.9656 元"
508000,2022-12-31,2023-03-30,fund_shares,500000000.0,shares,https://www.sse.com.cn/disclosure/fund/announcement/c/new/2023-03-30/508000_20230330_62SA.pdf,7cbead7a815a7b93f2d70197298d88a5911c79fee10e843d7bf5b7a83baa7607,machine_extracted_official_pdf,"报告期末基金份额总额 500,000,000.00 份；期末账面基金份额净值 2.7614 元"
508000,2022-12-31,2023-03-30,nav_per_unit,2.7614,RMB_per_unit,https://www.sse.com.cn/disclosure/fund/announcement/c/new/2023-03-30/508000_20230330_62SA.pdf,7cbead7a815a7b93f2d70197298d88a5911c79fee10e843d7bf5b7a83baa7607,machine_extracted_official_pdf,"报告期末基金份额总额 500,000,000.00 份；期末账面基金份额净值 2.7614 元"
508000,2023-12-31,2024-03-30,fund_shares,960326121.0,shares,https://www.sse.com.cn/disclosure/fund/announcement/c/new/2024-03-30/508000_20240330_0OY1.pdf,ea233e68756a6bb3499d38606bd03c338e1f1be794f0c310bd628722263ccdd4,machine_extracted_official_pdf,"报告期末基金份额总额 960,326,121.00 份；期末账面基金份额净值 2.978 元"
508000,2023-12-31,2024-03-30,nav_per_unit,2.978,RMB_per_unit,https://www.sse.com.cn/disclosure/fund/announcement/c/new/2024-03-30/508000_20240330_0OY1.pdf,ea233e68756a6bb3499d38606bd03c338e1f1be794f0c310bd628722263ccdd4,machine_extracted_official_pdf,"报告期末基金份额总额 960,326,121.00 份；期末账面基金份额净值 2.978 元"
508000,2024-12-31,2025-03-31,fund_shares,960326121.0,shares,https://www.sse.com.cn/disclosure/fund/announcement/c/new/2025-03-31/508000_20250331_FEF5.pdf,721ed53e3921857872d4c0a95ce75a4e7c1916d6f63ec78c9f53cfb9871c14c5,machine_extracted_official_pdf,"报告期末基金份额总额 960,326,121.00 份；期末账面基金份额净值 2.8069 元"
508000,2024-12-31,2025-03-31,nav_per_unit,2.8069,RMB_per_unit,https://www.sse.com.cn/disclosure/fund/announcement/c/new/2025-03-31/508000_20250331_FEF5.pdf,721ed53e3921857872d4c0a95ce75a4e7c1916d6f63ec78c9f53cfb9871c14c5,machine_extracted_official_pdf,"报告期末基金份额总额 960,326,121.00 份；期末账面基金份额净值 2.8069 元"
508000,2025-12-31,2026-03-27,fund_shares,960326121.0,shares,https://www.sse.com.cn/disclosure/fund/announcement/c/new/2026-03-27/508000_20260327_HFJ9.pdf,3260395947ebac589887a110d9dfb1fd161c1a3c386afe9ccc5aa323037f0a9a,machine_extracted_official_pdf,"报告期末基金份额总额 960,326,121.00 份；期末账面基金份额净值 2.6374 元"
508000,2025-12-31,2026-03-27,nav_per_unit,2.6374,RMB_per_unit,https://www.sse.com.cn/disclosure/fund/announcement/c/new/2026-03-27/508000_20260327_HFJ9.pdf,3260395947ebac589887a110d9dfb1fd161c1a3c386afe9ccc5aa323037f0a9a,machine_extracted_official_pdf,"报告期末基金份额总额 960,326,121.00 份；期末账面基金份额净值 2.6374 元"
508001,2021-12-31,2022-03-30,fund_shares,500000000.0,shares,https://www.sse.com.cn/disclosure/fund/announcement/c/new/2022-03-30/508001_20220330_1_D2At7Pbj.pdf,7d02fb861ab544105ac4473c1a0c980e233da0c8fca9f9020e5ec2c3920d0b15,machine_extracted_official_pdf,"报告期末基金份额总额 500,000,000.00 份；期末账面基金份额净值 8.3498 元"
508001,2021-12-31,2022-03-30,nav_per_unit,8.3498,RMB_per_unit,https://www.sse.com.cn/disclosure/fund/announcement/c/new/2022-03-30/508001_20220330_1_D2At7Pbj.pdf,7d02fb861ab544105ac4473c1a0c980e233da0c8fca9f9020e5ec2c3920d0b15,machine_extracted_official_pdf,"报告期末基金份额总额 500,000,000.00 份；期末账面基金份额净值 8.3498 元"
508001,2022-12-31,2023-03-31,fund_shares,500000000.0,shares,https://www.sse.com.cn/disclosure/fund/announcement/c/new/2023-03-31/508001_20230331_Y43L.pdf,7462b1097144db01456338da0af72f12b21079d902822483ff988d70071c8f70,machine_extracted_official_pdf,"报告期末基金份额总额 500,000,000.00 份；期末账面基金份额净值 7.4327 元"
508001,2022-12-31,2023-03-31,nav_per_unit,7.4327,RMB_per_unit,https://www.sse.com.cn/disclosure/fund/announcement/c/new/2023-03-31/508001_20230331_Y43L.pdf,7462b1097144db01456338da0af72f12b21079d902822483ff988d70071c8f70,machine_extracted_official_pdf,"报告期末基金份额总额 500,000,000.00 份；期末账面基金份额净值 7.4327 元"
508001,2023-12-31,2024-03-30,fund_shares,500000000.0,shares,https://www.sse.com.cn/disclosure/fund/announcement/c/new/2024-03-30/508001_20240330_4IVC.pdf,1b8130dee2d3b579a4c889b5d83f1677c5924fb98568087ec7dfb9986944b3bf,machine_extracted_official_pdf,"报告期末基金份额总额 500,000,000.00 份；期末账面基金份额净值 6.8779 元"
508001,2023-12-31,2024-03-30,nav_per_unit,6.8779,RMB_per_unit,https://www.sse.com.cn/disclosure/fund/announcement/c/new/2024-03-30/508001_20240330_4IVC.pdf,1b8130dee2d3b579a4c889b5d83f1677c5924fb98568087ec7dfb9986944b3bf,machine_extracted_official_pdf,"报告期末基金份额总额 500,000,000.00 份；期末账面基金份额净值 6.8779 元"
508001,2024-12-31,2025-03-28,fund_shares,500000000.0,shares,https://www.sse.com.cn/disclosure/fund/announcement/c/new/2025-03-28/508001_20250328_P6P4.pdf,1b021506dbb9b072c62b9e90c8a94feee87b52e9ccf0cdae40f847652713ac7b,machine_extracted_official_pdf,"报告期末基金份额总额 500,000,000.00 份；期末账面基金份额净值 5.6154 元"
508001,2024-12-31,2025-03-28,nav_per_unit,5.6154,RMB_per_unit,https://www.sse.com.cn/disclosure/fund/announcement/c/new/2025-03-28/508001_20250328_P6P4.pdf,1b021506dbb9b072c62b9e90c8a94feee87b52e9ccf0cdae40f847652713ac7b,machine_extracted_official_pdf,"报告期末基金份额总额 500,000,000.00 份；期末账面基金份额净值 5.6154 元"
508001,2025-12-31,2026-03-31,fund_shares,500000000.0,shares,https://www.sse.com.cn/disclosure/fund/announcement/c/new/2026-03-31/508001_20260331_AW50.pdf,fef04420528c5a2b53a56079447f544a0b7febf7539805ddaf7e76f6add8c971,machine_extracted_official_pdf,"报告期末基金份额总额 500,000,000.00 份；期末账面基金份额净值 4.7631 元"
508001,2025-12-31,2026-03-31,nav_per_unit,4.7631,RMB_per_unit,https://www.sse.com.cn/disclosure/fund/announcement/c/new/2026-03-31/508001_20260331_AW50.pdf,fef04420528c5a2b53a56079447f544a0b7febf7539805ddaf7e76f6add8c971,machine_extracted_official_pdf,"报告期末基金份额总额 500,000,000.00 份；期末账面基金份额净值 4.7631 元"
508002,2024-12-31,2025-03-31,fund_shares,1000000000.0,shares,https://www.sse.com.cn/disclosure/fund/announcement/c/new/2025-03-31/508002_20250331_VL0L.pdf,967951b079e66b75a47aa067d1348a691bcc052a6714cbbae3f3c2fe4827cdc9,machine_extracted_official_pdf,"报告期末基金份额总额 1,000,000,000.00 份；期末账面基金份额净值 2.3104 元"
508002,2024-12-31,2025-03-31,nav_per_unit,2.3104,RMB_per_unit,https://www.sse.com.cn/disclosure/fund/announcement/c/new/2025-03-31/508002_20250331_VL0L.pdf,967951b079e66b75a47aa067d1348a691bcc052a6714cbbae3f3c2fe4827cdc9,machine_extracted_official_pdf,"报告期末基金份额总额 1,000,000,000.00 份；期末账面基金份额净值 2.3104 元"
508002,2025-12-31,2026-03-31,fund_shares,1000000000.0,shares,https://www.sse.com.cn/disclosure/fund/announcement/c/new/2026-03-31/508002_20260331_UH7T.pdf,137ea1d09f5543f9dfce1d4f798894ceb17499c9a2bab662fd149ca461c6093e,machine_extracted_official_pdf,"报告期末基金份额总额 1,000,000,000.00 份；期末账面基金份额净值 2.1983 元"
508002,2025-12-31,2026-03-31,nav_per_unit,2.1983,RMB_per_unit,https://www.sse.com.cn/disclosure/fund/announcement/c/new/2026-03-31/508002_20260331_UH7T.pdf,137ea1d09f5543f9dfce1d4f798894ceb17499c9a2bab662fd149ca461c6093e,machine_extracted_official_pdf,"报告期末基金份额总额 1,000,000,000.00 份；期末账面基金份额净值 2.1983 元"
508003,2024-12-31,2025-03-28,fund_shares,500000000.0,shares,https://www.sse.com.cn/disclosure/fund/announcement/c/new/2025-03-28/508003_20250328_9096.pdf,1ca6d0fd801d2c55ce075718b0485a0d94d70f5319bc206822d9c16a09724d1f,machine_extracted_official_pdf,"报告期末基金份额总额 500,000,000.00 份；期末账面基金份额净值 3.232 元"
508003,2024-12-31,2025-03-28,nav_per_unit,3.232,RMB_per_unit,https://www.sse.com.cn/disclosure/fund/announcement/c/new/2025-03-28/508003_20250328_9096.pdf,1ca6d0fd801d2c55ce075718b0485a0d94d70f5319bc206822d9c16a09724d1f,machine_extracted_official_pdf,"报告期末基金份额总额 500,000,000.00 份；期末账面基金份额净值 3.232 元"
508003,2025-12-31,2026-03-31,fund_shares,500000000.0,shares,https://www.sse.com.cn/disclosure/fund/announcement/c/new/2026-03-31/508003_20260331_3B0V.pdf,111accda2061df55ce78834b2d3242bee080a0db956c057c964e871cc6d70bb2,machine_extracted_official_pdf,"报告期末基金份额总额 500,000,000.00 份；期末账面基金份额净值 3.1143 元"
508003,2025-12-31,2026-03-31,nav_per_unit,3.1143,RMB_per_unit,https://www.sse.com.cn/disclosure/fund/announcement/c/new/2026-03-31/508003_20260331_3B0V.pdf,111accda2061df55ce78834b2d3242bee080a0db956c057c964e871cc6d70bb2,machine_extracted_official_pdf,"报告期末基金份额总额 500,000,000.00 份；期末账面基金份额净值 3.1143 元"
508005,2024-12-31,2025-03-31,fund_shares,800000000.0,shares,https://www.sse.com.cn/disclosure/fund/announcement/c/new/2025-03-31/508005_20250331_KQ1I.pdf,5a9b9fea5ce99b53479343cdc9b07e6468db09088e700e8cb8371443f6a461d4,machine_extracted_official_pdf,"报告期末基金份额总额 800,000,000.00 份；期末账面基金份额净值 2.4844 元"
508005,2024-12-31,2025-03-31,nav_per_unit,2.4844,RMB_per_unit,https://www.sse.com.cn/disclosure/fund/announcement/c/new/2025-03-31/508005_20250331_KQ1I.pdf,5a9b9fea5ce99b53479343cdc9b07e6468db09088e700e8cb8371443f6a461d4,machine_extracted_official_pdf,"报告期末基金份额总额 800,000,000.00 份；期末账面基金份额净值 2.4844 元"
508005,2025-12-31,2026-03-27,fund_shares,800000000.0,shares,https://www.sse.com.cn/disclosure/fund/announcement/c/new/2026-03-27/508005_20260327_D6U8.pdf,88ec3fa6c6c296936b8a1d2ff2df317b960d72368cb6f33f73ea668c71e0ef34,machine_extracted_official_pdf,"报告期末基金份额总额 800,000,000.00 份；期末账面基金份额净值 2.4565 元"
508005,2025-12-31,2026-03-27,nav_per_unit,2.4565,RMB_per_unit,https://www.sse.com.cn/disclosure/fund/announcement/c/new/2026-03-27/508005_20260327_D6U8.pdf,88ec3fa6c6c296936b8a1d2ff2df317b960d72368cb6f33f73ea668c71e0ef34,machine_extracted_official_pdf,"报告期末基金份额总额 800,000,000.00 份；期末账面基金份额净值 2.4565 元"
508006,2021-12-31,2022-03-31,fund_shares,500000000.0,shares,https://www.sse.com.cn/disclosure/fund/announcement/c/new/2022-03-31/508006_20220331_1_yzIZgOAh.pdf,b8889885d711c6694ba98a55ea828ad991fb2041616f9cad6fd629ca5ac90e54,machine_extracted_official_pdf,"报告期末基金份额总额 500,000,000.00 份；期末账面基金份额净值 3.772 元"
508006,2021-12-31,2022-03-31,nav_per_unit,3.772,RMB_per_unit,https://www.sse.com.cn/disclosure/fund/announcement/c/new/2022-03-31/508006_20220331_1_yzIZgOAh.pdf,b8889885d711c6694ba98a55ea828ad991fb2041616f9cad6fd629ca5ac90e54,machine_extracted_official_pdf,"报告期末基金份额总额 500,000,000.00 份；期末账面基金份额净值 3.772 元"
508006,2022-12-31,2023-03-31,fund_shares,500000000.0,shares,https://www.sse.com.cn/disclosure/fund/announcement/c/new/2023-03-31/508006_20230331_I9VM.pdf,764b4d049fe82edb9a1aa0a48dd6db5dc151a09ac307ee7931d0cf046a946c06,machine_extracted_official_pdf,"报告期末基金份额总额 500,000,000.00 份；期末账面基金份额净值 3.4176 元"
508006,2022-12-31,2023-03-31,nav_per_unit,3.4176,RMB_per_unit,https://www.sse.com.cn/disclosure/fund/announcement/c/new/2023-03-31/508006_20230331_I9VM.pdf,764b4d049fe82edb9a1aa0a48dd6db5dc151a09ac307ee7931d0cf046a946c06,machine_extracted_official_pdf,"报告期末基金份额总额 500,000,000.00 份；期末账面基金份额净值 3.4176 元"
508006,2023-12-31,2024-03-30,fund_shares,500000000.0,shares,https://www.sse.com.cn/disclosure/fund/announcement/c/new/2024-03-30/508006_20240330_C6WA.pdf,31505ca4630f160ed74c9cc4cfb86a962b99fa8df64eff425efc55cd6f14998f,machine_extracted_official_pdf,"报告期末基金份额总额 500,000,000.00 份；期末账面基金份额净值 3.1834 元"
508006,2023-12-31,2024-03-30,nav_per_unit,3.1834,RMB_per_unit,https://www.sse.com.cn/disclosure/fund/announcement/c/new/2024-03-30/508006_20240330_C6WA.pdf,31505ca4630f160ed74c9cc4cfb86a962b99fa8df64eff425efc55cd6f14998f,machine_extracted_official_pdf,"报告期末基金份额总额 500,000,000.00 份；期末账面基金份额净值 3.1834 元"
508006,2024-12-31,2025-03-31,fund_shares,500000000.0,shares,https://www.sse.com.cn/disclosure/fund/announcement/c/new/2025-03-31/508006_20250331_NJSS.pdf,91223008e3b1b1a0f0949843b991a823a1271c4fd4a9866f196e02bb0765facf,machine_extracted_official_pdf,"报告期末基金份额总额 500,000,000.00 份；期末账面基金份额净值 2.9853 元"
508006,2024-12-31,2025-03-31,nav_per_unit,2.9853,RMB_per_unit,https://www.sse.com.cn/disclosure/fund/announcement/c/new/2025-03-31/508006_20250331_NJSS.pdf,91223008e3b1b1a0f0949843b991a823a1271c4fd4a9866f196e02bb0765facf,machine_extracted_official_pdf,"报告期末基金份额总额 500,000,000.00 份；期末账面基金份额净值 2.9853 元"
508006,2025-12-31,2026-03-31,fund_shares,500000000.0,shares,https://www.sse.com.cn/disclosure/fund/announcement/c/new/2026-03-31/508006_20260331_TBP1.pdf,ce14ce9875b104ea02ef9daf5aae5d3fdf2fb6f09223a282f2438055c2435e31,machine_extracted_official_pdf,"报告期末基金份额总额 500,000,000.00 份；期末账面基金份额净值 2.808 元"
508006,2025-12-31,2026-03-31,nav_per_unit,2.808,RMB_per_unit,https://www.sse.com.cn/disclosure/fund/announcement/c/new/2026-03-31/508006_20260331_TBP1.pdf,ce14ce9875b104ea02ef9daf5aae5d3fdf2fb6f09223a282f2438055c2435e31,machine_extracted_official_pdf,"报告期末基金份额总额 500,000,000.00 份；期末账面基金份额净值 2.808 元"
508007,2023-12-31,2024-03-29,fund_shares,400000000.0,shares,https://www.sse.com.cn/disclosure/fund/announcement/c/new/2024-03-29/508007_20240329_UKVI.pdf,f261933dca16fecf62a0bce4920cb2d87bf8c453e56ba8655522fca70aa59de2,machine_extracted_official_pdf,"报告期末基金份额总额 400,000,000.00 份；期末账面基金份额净值 6.9279 元"
508007,2023-12-31,2024-03-29,nav_per_unit,6.9279,RMB_per_unit,https://www.sse.com.cn/disclosure/fund/announcement/c/new/2024-03-29/508007_20240329_UKVI.pdf,f261933dca16fecf62a0bce4920cb2d87bf8c453e56ba8655522fca70aa59de2,machine_extracted_official_pdf,"报告期末基金份额总额 400,000,000.00 份；期末账面基金份额净值 6.9279 元"
508007,2024-12-31,2025-03-28,fund_shares,400000000.0,shares,https://www.sse.com.cn/disclosure/fund/announcement/c/new/2025-03-28/508007_20250328_D111.pdf,7de487aae848928785fc4be2361c6029d538161d3caeb7c6c2cedb8ce6b1f476,machine_extracted_official_pdf,"报告期末基金份额总额 400,000,000.00 份；期末账面基金份额净值 6.4355 元"
508007,2024-12-31,2025-03-28,nav_per_unit,6.4355,RMB_per_unit,https://www.sse.com.cn/disclosure/fund/announcement/c/new/2025-03-28/508007_20250328_D111.pdf,7de487aae848928785fc4be2361c6029d538161d3caeb7c6c2cedb8ce6b1f476,machine_extracted_official_pdf,"报告期末基金份额总额 400,000,000.00 份；期末账面基金份额净值 6.4355 元"
508007,2025-12-31,2026-03-31,fund_shares,400000000.0,shares,https://www.sse.com.cn/disclosure/fund/announcement/c/new/2026-03-31/508007_20260331_0J09.pdf,17a57eca4aa244cb331b60c3435cdf0666b6014de1aea683f62310fe679b165f,machine_extracted_official_pdf,"报告期末基金份额总额 400,000,000.00 份；期末账面基金份额净值 6.1266 元"
508007,2025-12-31,2026-03-31,nav_per_unit,6.1266,RMB_per_unit,https://www.sse.com.cn/disclosure/fund/announcement/c/new/2026-03-31/508007_20260331_0J09.pdf,17a57eca4aa244cb331b60c3435cdf0666b6014de1aea683f62310fe679b165f,machine_extracted_official_pdf,"报告期末基金份额总额 400,000,000.00 份；期末账面基金份额净值 6.1266 元"
508008,2022-12-31,2023-03-30,fund_shares,500000000.0,shares,https://www.sse.com.cn/disclosure/fund/announcement/c/new/2023-03-30/508008_20230330_IYV3.pdf,ea1a193679ecb8ab226a2833de08644af9582d6e1bbfccb88fab24a7afff6c6f,machine_extracted_official_pdf,"报告期末基金份额总额 500,000,000.00 份；期末账面基金份额净值 9.5749 元"
508008,2022-12-31,2023-03-30,nav_per_unit,9.5749,RMB_per_unit,https://www.sse.com.cn/disclosure/fund/announcement/c/new/2023-03-30/508008_20230330_IYV3.pdf,ea1a193679ecb8ab226a2833de08644af9582d6e1bbfccb88fab24a7afff6c6f,machine_extracted_official_pdf,"报告期末基金份额总额 500,000,000.00 份；期末账面基金份额净值 9.5749 元"
508008,2023-12-31,2024-03-29,fund_shares,500000000.0,shares,https://www.sse.com.cn/disclosure/fund/announcement/c/new/2024-03-29/508008_20240329_B5PC.pdf,89fad4230984141e4db9a4538e0699cd22ed43e6fa8d31bf46482bfbad17d016,machine_extracted_official_pdf,"报告期末基金份额总额 500,000,000.00 份；期末账面基金份额净值 9.0706 元"
508008,2023-12-31,2024-03-29,nav_per_unit,9.0706,RMB_per_unit,https://www.sse.com.cn/disclosure/fund/announcement/c/new/2024-03-29/508008_20240329_B5PC.pdf,89fad4230984141e4db9a4538e0699cd22ed43e6fa8d31bf46482bfbad17d016,machine_extracted_official_pdf,"报告期末基金份额总额 500,000,000.00 份；期末账面基金份额净值 9.0706 元"
508008,2024-12-31,2025-03-28,fund_shares,500000000.0,shares,https://www.sse.com.cn/disclosure/fund/announcement/c/new/2025-03-28/508008_20250328_WP1M.pdf,e6a4634906777730e4c9bb27a94502ba4d15a11477d34237d125a7d5f18b7aa5,machine_extracted_official_pdf,"报告期末基金份额总额 500,000,000.00 份；期末账面基金份额净值 7.8723 元"
508008,2024-12-31,2025-03-28,nav_per_unit,7.8723,RMB_per_unit,https://www.sse.com.cn/disclosure/fund/announcement/c/new/2025-03-28/508008_20250328_WP1M.pdf,e6a4634906777730e4c9bb27a94502ba4d15a11477d34237d125a7d5f18b7aa5,machine_extracted_official_pdf,"报告期末基金份额总额 500,000,000.00 份；期末账面基金份额净值 7.8723 元"
508008,2025-12-31,2026-03-31,fund_shares,500000000.0,shares,https://www.sse.com.cn/disclosure/fund/announcement/c/new/2026-03-31/508008_20260331_00P0.pdf,271dbf48dcaf859a53d6103ac402f853599c73a96843f6302ceb4728a528f614,machine_extracted_official_pdf,"报告期末基金份额总额 500,000,000.00 份；期末账面基金份额净值 7.0871 元"
508008,2025-12-31,2026-03-31,nav_per_unit,7.0871,RMB_per_unit,https://www.sse.com.cn/disclosure/fund/announcement/c/new/2026-03-31/508008_20260331_00P0.pdf,271dbf48dcaf859a53d6103ac402f853599c73a96843f6302ceb4728a528f614,machine_extracted_official_pdf,"报告期末基金份额总额 500,000,000.00 份；期末账面基金份额净值 7.0871 元"
508009,2023-12-31,2024-03-30,fund_shares,1000000000.0,shares,https://www.sse.com.cn/disclosure/fund/announcement/c/new/2024-03-30/508009_20240330_AET2.pdf,db2eeed7a4191a3cebb3b7fbc3535b9fe6ef209fac51b879c4c9948429bf5633,machine_extracted_official_pdf,"报告期末基金份额总额 1,000,000,000.00 份；期末账面基金份额净值 9.7271 元"
508009,2023-12-31,2024-03-30,nav_per_unit,9.7271,RMB_per_unit,https://www.sse.com.cn/disclosure/fund/announcement/c/new/2024-03-30/508009_20240330_AET2.pdf,db2eeed7a4191a3cebb3b7fbc3535b9fe6ef209fac51b879c4c9948429bf5633,machine_extracted_official_pdf,"报告期末基金份额总额 1,000,000,000.00 份；期末账面基金份额净值 9.7271 元"
508009,2024-12-31,2025-03-29,fund_shares,1000000000.0,shares,https://www.sse.com.cn/disclosure/fund/announcement/c/new/2025-03-29/508009_20250329_I20J.pdf,df1c995e1446a4ddff78b7313b29c100a545e0b0b4276e89fcc8d6c6468573bb,machine_extracted_official_pdf,"报告期末基金份额总额 1,000,000,000.00 份；期末账面基金份额净值 7.9369 元"
508009,2024-12-31,2025-03-29,nav_per_unit,7.9369,RMB_per_unit,https://www.sse.com.cn/disclosure/fund/announcement/c/new/2025-03-29/508009_20250329_I20J.pdf,df1c995e1446a4ddff78b7313b29c100a545e0b0b4276e89fcc8d6c6468573bb,machine_extracted_official_pdf,"报告期末基金份额总额 1,000,000,000.00 份；期末账面基金份额净值 7.9369 元"
508009,2025-12-31,2026-03-31,fund_shares,1000000000.0,shares,https://www.sse.com.cn/disclosure/fund/announcement/c/new/2026-03-31/508009_20260331_8F6K.pdf,b59e1f355fd9754e99c29f8697ac8046e42bc2c20b5b02231c390c6acd40c689,machine_extracted_official_pdf,"报告期末基金份额总额 1,000,000,000.00 份；期末账面基金份额净值 7.2587 元"
508009,2025-12-31,2026-03-31,nav_per_unit,7.2587,RMB_per_unit,https://www.sse.com.cn/disclosure/fund/announcement/c/new/2026-03-31/508009_20260331_8F6K.pdf,b59e1f355fd9754e99c29f8697ac8046e42bc2c20b5b02231c390c6acd40c689,machine_extracted_official_pdf,"报告期末基金份额总额 1,000,000,000.00 份；期末账面基金份额净值 7.2587 元"
508010,2025-12-31,2026-03-31,fund_shares,400000000.0,shares,https://www.sse.com.cn/disclosure/fund/announcement/c/new/2026-03-31/508010_20260331_I52R.pdf,be6839edb68e5bad4517e4d0e734de86c4db03be048337fc89dd093abc998579,machine_extracted_official_pdf,"报告期末基金份额总额 400,000,000.00 份；期末账面基金份额净值 2.5496 元"
508010,2025-12-31,2026-03-31,nav_per_unit,2.5496,RMB_per_unit,https://www.sse.com.cn/disclosure/fund/announcement/c/new/2026-03-31/508010_20260331_I52R.pdf,be6839edb68e5bad4517e4d0e734de86c4db03be048337fc89dd093abc998579,machine_extracted_official_pdf,"报告期末基金份额总额 400,000,000.00 份；期末账面基金份额净值 2.5496 元"
508011,2024-12-31,2025-03-28,fund_shares,400000000.0,shares,https://www.sse.com.cn/disclosure/fund/announcement/c/new/2025-03-28/508011_20250328_G35O.pdf,1607ff18252e8e4b0667f99c0691591fc049d3c04425944943ba4d79dbcb2c93,machine_extracted_official_pdf,"报告期末基金份额总额 400,000,000.00 份；期末账面基金份额净值 2.3993 元"
508011,2024-12-31,2025-03-28,nav_per_unit,2.3993,RMB_per_unit,https://www.sse.com.cn/disclosure/fund/announcement/c/new/2025-03-28/508011_20250328_G35O.pdf,1607ff18252e8e4b0667f99c0691591fc049d3c04425944943ba4d79dbcb2c93,machine_extracted_official_pdf,"报告期末基金份额总额 400,000,000.00 份；期末账面基金份额净值 2.3993 元"
508011,2025-12-31,2026-03-30,fund_shares,400000000.0,shares,https://www.sse.com.cn/disclosure/fund/announcement/c/new/2026-03-30/508011_20260330_7532.pdf,d423d96ca2ae7c015adf4ed6dd1d85cf465d61bd854e6e622e8bb2ed734d4ce3,machine_extracted_official_pdf,"报告期末基金份额总额 400,000,000.00 份；期末账面基金份额净值 2.3089 元"
508011,2025-12-31,2026-03-30,nav_per_unit,2.3089,RMB_per_unit,https://www.sse.com.cn/disclosure/fund/announcement/c/new/2026-03-30/508011_20260330_7532.pdf,d423d96ca2ae7c015adf4ed6dd1d85cf465d61bd854e6e622e8bb2ed734d4ce3,machine_extracted_official_pdf,"报告期末基金份额总额 400,000,000.00 份；期末账面基金份额净值 2.3089 元"
508012,2025-12-31,2026-03-31,fund_shares,300000000.0,shares,https://www.sse.com.cn/disclosure/fund/announcement/c/new/2026-03-31/508012_20260331_BWV3.pdf,ea317e0a42788579806c64676e92cb7cf562583b1b3f569b333251b100cbbdbe,machine_extracted_official_pdf,"报告期末基金份额总额 300,000,000.00 份；期末账面基金份额净值 3.0816 元"
508012,2025-12-31,2026-03-31,nav_per_unit,3.0816,RMB_per_unit,https://www.sse.com.cn/disclosure/fund/announcement/c/new/2026-03-31/508012_20260331_BWV3.pdf,ea317e0a42788579806c64676e92cb7cf562583b1b3f569b333251b100cbbdbe,machine_extracted_official_pdf,"报告期末基金份额总额 300,000,000.00 份；期末账面基金份额净值 3.0816 元"
508015,2024-12-31,2025-03-31,fund_shares,200000000.0,shares,https://www.sse.com.cn/disclosure/fund/announcement/c/new/2025-03-31/508015_20250331_9EKP.pdf,6b63d9d643ad4a99b995c0c4953801b4baff53820136f7b2dc999350c1112e95,machine_extracted_official_pdf,"报告期末基金份额总额 200,000,000.00 份；期末账面基金份额净值 6.1911 元"
508015,2024-12-31,2025-03-31,nav_per_unit,6.1911,RMB_per_unit,https://www.sse.com.cn/disclosure/fund/announcement/c/new/2025-03-31/508015_20250331_9EKP.pdf,6b63d9d643ad4a99b995c0c4953801b4baff53820136f7b2dc999350c1112e95,machine_extracted_official_pdf,"报告期末基金份额总额 200,000,000.00 份；期末账面基金份额净值 6.1911 元"
508015,2025-12-31,2026-03-31,fund_shares,200000000.0,shares,https://www.sse.com.cn/disclosure/fund/announcement/c/new/2026-03-31/508015_20260331_Y9M1.pdf,b7af38a0f059e10a3b49e308c000ad1ba7993d406dfb81a3886e45fcca559841,machine_extracted_official_pdf,"报告期末基金份额总额 200,000,000.00 份；期末账面基金份额净值 5.6678 元"
508015,2025-12-31,2026-03-31,nav_per_unit,5.6678,RMB_per_unit,https://www.sse.com.cn/disclosure/fund/announcement/c/new/2026-03-31/508015_20260331_Y9M1.pdf,b7af38a0f059e10a3b49e308c000ad1ba7993d406dfb81a3886e45fcca559841,machine_extracted_official_pdf,"报告期末基金份额总额 200,000,000.00 份；期末账面基金份额净值 5.6678 元"
508016,2025-12-31,2026-03-27,fund_shares,500000000.0,shares,https://www.sse.com.cn/disclosure/fund/announcement/c/new/2026-03-27/508016_20260327_6N6J.pdf,318bc519999c5a6f68b8edb06f27c25070e9b1a26650e1fdb366c816f5de2e99,machine_extracted_official_pdf,"报告期末基金份额总额 500,000,000.00 份；期末账面基金份额净值 3.7721 元"
508016,2025-12-31,2026-03-27,nav_per_unit,3.7721,RMB_per_unit,https://www.sse.com.cn/disclosure/fund/announcement/c/new/2026-03-27/508016_20260327_6N6J.pdf,318bc519999c5a6f68b8edb06f27c25070e9b1a26650e1fdb366c816f5de2e99,machine_extracted_official_pdf,"报告期末基金份额总额 500,000,000.00 份；期末账面基金份额净值 3.7721 元"
508017,2024-12-31,2025-03-31,fund_shares,400000000.0,shares,https://www.sse.com.cn/disclosure/fund/announcement/c/new/2025-03-31/508017_20250331_O326.pdf,0cf0691c49b63857cdb8a13561526e6e4da922f5002b7954eeb585435f479a85,machine_extracted_official_pdf,"报告期末基金份额总额 400,000,000.00 份；期末账面基金份额净值 2.6158 元"
508017,2024-12-31,2025-03-31,nav_per_unit,2.6158,RMB_per_unit,https://www.sse.com.cn/disclosure/fund/announcement/c/new/2025-03-31/508017_20250331_O326.pdf,0cf0691c49b63857cdb8a13561526e6e4da922f5002b7954eeb585435f479a85,machine_extracted_official_pdf,"报告期末基金份额总额 400,000,000.00 份；期末账面基金份额净值 2.6158 元"
508017,2025-12-31,2026-03-27,fund_shares,400000000.0,shares,https://www.sse.com.cn/disclosure/fund/announcement/c/new/2026-03-27/508017_20260327_UJBW.pdf,4dfb75c36128daa7f520f1d43127c58c2cc076988a6f5e3b43eb6bba5d238845,machine_extracted_official_pdf,"报告期末基金份额总额 400,000,000.00 份；期末账面基金份额净值 2.511 元"
508017,2025-12-31,2026-03-27,nav_per_unit,2.511,RMB_per_unit,https://www.sse.com.cn/disclosure/fund/announcement/c/new/2026-03-27/508017_20260327_UJBW.pdf,4dfb75c36128daa7f520f1d43127c58c2cc076988a6f5e3b43eb6bba5d238845,machine_extracted_official_pdf,"报告期末基金份额总额 400,000,000.00 份；期末账面基金份额净值 2.511 元"
508018,2022-12-31,2023-03-30,fund_shares,1000000000.0,shares,https://www.sse.com.cn/disclosure/fund/announcement/c/new/2023-03-30/508018_20230330_QTP8.pdf,14862b387dc21e4ff3aef427457c2f944c524be7e49ede5a74029f0099694061,machine_extracted_official_pdf,"报告期末基金份额总额 1,000,000,000.00 份；期末账面基金份额净值 9.2751 元"
508018,2022-12-31,2023-03-30,nav_per_unit,9.2751,RMB_per_unit,https://www.sse.com.cn/disclosure/fund/announcement/c/new/2023-03-30/508018_20230330_QTP8.pdf,14862b387dc21e4ff3aef427457c2f944c524be7e49ede5a74029f0099694061,machine_extracted_official_pdf,"报告期末基金份额总额 1,000,000,000.00 份；期末账面基金份额净值 9.2751 元"
508018,2023-12-31,2024-03-30,fund_shares,1000000000.0,shares,https://www.sse.com.cn/disclosure/fund/announcement/c/new/2024-03-30/508018_20240330_68ZQ.pdf,9abd51064f3bee5d850f6b5584bef5e67f6006747e35a758b9fbc23d52d61aef,machine_extracted_official_pdf,"报告期末基金份额总额 1,000,000,000.00 份；期末账面基金份额净值 9.0603 元"
508018,2023-12-31,2024-03-30,nav_per_unit,9.0603,RMB_per_unit,https://www.sse.com.cn/disclosure/fund/announcement/c/new/2024-03-30/508018_20240330_68ZQ.pdf,9abd51064f3bee5d850f6b5584bef5e67f6006747e35a758b9fbc23d52d61aef,machine_extracted_official_pdf,"报告期末基金份额总额 1,000,000,000.00 份；期末账面基金份额净值 9.0603 元"
508018,2024-12-31,2025-03-29,fund_shares,1000000000.0,shares,https://www.sse.com.cn/disclosure/fund/announcement/c/new/2025-03-29/508018_20250329_2AXB.pdf,fa09db15350e7a1e4171cf5791e1c7d40b677ee2c1ec7244ac6e88009002ff0a,machine_extracted_official_pdf,"报告期末基金份额总额 1,000,000,000.00 份；期末账面基金份额净值 7.5997 元"
508018,2024-12-31,2025-03-29,nav_per_unit,7.5997,RMB_per_unit,https://www.sse.com.cn/disclosure/fund/announcement/c/new/2025-03-29/508018_20250329_2AXB.pdf,fa09db15350e7a1e4171cf5791e1c7d40b677ee2c1ec7244ac6e88009002ff0a,machine_extracted_official_pdf,"报告期末基金份额总额 1,000,000,000.00 份；期末账面基金份额净值 7.5997 元"
508018,2025-12-31,2026-03-31,fund_shares,1000000000.0,shares,https://www.sse.com.cn/disclosure/fund/announcement/c/new/2026-03-31/508018_20260331_JTPR.pdf,820ad060f44dc77198e30372aee6778778521a3629118803f172a934109443bc,machine_extracted_official_pdf,"报告期末基金份额总额 1,000,000,000.00 份；期末账面基金份额净值 7.4036 元"
508018,2025-12-31,2026-03-31,nav_per_unit,7.4036,RMB_per_unit,https://www.sse.com.cn/disclosure/fund/announcement/c/new/2026-03-31/508018_20260331_JTPR.pdf,820ad060f44dc77198e30372aee6778778521a3629118803f172a934109443bc,machine_extracted_official_pdf,"报告期末基金份额总额 1,000,000,000.00 份；期末账面基金份额净值 7.4036 元"
508019,2023-12-31,2024-03-29,fund_shares,600000000.0,shares,https://www.sse.com.cn/disclosure/fund/announcement/c/new/2024-03-29/508019_20240329_4LRE.pdf,759020914f6fc8634d3c866fe0dc621344a6988c91d3e21c927ea1e7d2440819,machine_extracted_official_pdf,"报告期末基金份额总额 600,000,000.00 份；期末账面基金份额净值 2.6411 元"
508019,2023-12-31,2024-03-29,nav_per_unit,2.6411,RMB_per_unit,https://www.sse.com.cn/disclosure/fund/announcement/c/new/2024-03-29/508019_20240329_4LRE.pdf,759020914f6fc8634d3c866fe0dc621344a6988c91d3e21c927ea1e7d2440819,machine_extracted_official_pdf,"报告期末基金份额总额 600,000,000.00 份；期末账面基金份额净值 2.6411 元"
508019,2024-12-31,2025-03-31,fund_shares,600000000.0,shares,https://www.sse.com.cn/disclosure/fund/announcement/c/new/2025-03-31/508019_20250331_84DI.pdf,48ef15d19d03c5a16235dc4332860084082d255a19287e2aec9593f60435916f,machine_extracted_official_pdf,"报告期末基金份额总额 600,000,000.00 份；期末账面基金份额净值 2.4138 元"
508019,2024-12-31,2025-03-31,nav_per_unit,2.4138,RMB_per_unit,https://www.sse.com.cn/disclosure/fund/announcement/c/new/2025-03-31/508019_20250331_84DI.pdf,48ef15d19d03c5a16235dc4332860084082d255a19287e2aec9593f60435916f,machine_extracted_official_pdf,"报告期末基金份额总额 600,000,000.00 份；期末账面基金份额净值 2.4138 元"
508019,2025-12-31,2026-03-31,fund_shares,600000000.0,shares,https://www.sse.com.cn/disclosure/fund/announcement/c/new/2026-03-31/508019_20260331_LDT1.pdf,daed945c58cb2ff6eddda164940d8278fcb1d8b47d7d2374375ac280c7c09942,machine_extracted_official_pdf,"报告期末基金份额总额 600,000,000.00 份；期末账面基金份额净值 2.269 元"
508019,2025-12-31,2026-03-31,nav_per_unit,2.269,RMB_per_unit,https://www.sse.com.cn/disclosure/fund/announcement/c/new/2026-03-31/508019_20260331_LDT1.pdf,daed945c58cb2ff6eddda164940d8278fcb1d8b47d7d2374375ac280c7c09942,machine_extracted_official_pdf,"报告期末基金份额总额 600,000,000.00 份；期末账面基金份额净值 2.269 元"
508021,2022-12-31,2023-03-31,fund_shares,200000000.0,shares,https://www.sse.com.cn/disclosure/fund/announcement/c/new/2023-03-31/508021_20230331_8LU9.pdf,3d2aab4560631026787a8a7033788726e4c175f1a5077f0e68357fd5f63f616f,machine_extracted_official_pdf,"报告期末基金份额总额 200,000,000.00 份；期末账面基金份额净值 4.1813 元"
508021,2022-12-31,2023-03-31,nav_per_unit,4.1813,RMB_per_unit,https://www.sse.com.cn/disclosure/fund/announcement/c/new/2023-03-31/508021_20230331_8LU9.pdf,3d2aab4560631026787a8a7033788726e4c175f1a5077f0e68357fd5f63f616f,machine_extracted_official_pdf,"报告期末基金份额总额 200,000,000.00 份；期末账面基金份额净值 4.1813 元"
508021,2023-12-31,2024-03-29,fund_shares,200000000.0,shares,https://www.sse.com.cn/disclosure/fund/announcement/c/new/2024-03-29/508021_20240329_MD7S.pdf,7facc6793566e88d0c596a48e17c7a7f861372b15fbe9c373afb199f8bcd1c3b,machine_extracted_official_pdf,"报告期末基金份额总额 200,000,000.00 份；期末账面基金份额净值 4.2381 元"
508021,2023-12-31,2024-03-29,nav_per_unit,4.2381,RMB_per_unit,https://www.sse.com.cn/disclosure/fund/announcement/c/new/2024-03-29/508021_20240329_MD7S.pdf,7facc6793566e88d0c596a48e17c7a7f861372b15fbe9c373afb199f8bcd1c3b,machine_extracted_official_pdf,"报告期末基金份额总额 200,000,000.00 份；期末账面基金份额净值 4.2381 元"
508021,2024-12-31,2025-03-31,fund_shares,200000000.0,shares,https://www.sse.com.cn/disclosure/fund/announcement/c/new/2025-03-31/508021_20250331_3S6G.pdf,2aadad5824fd3c8465748750c82399d634f1b0269574c1dfec98c17012ee292f,machine_extracted_official_pdf,"报告期末基金份额总额 200,000,000.00 份；期末账面基金份额净值 4.1527 元"
508021,2024-12-31,2025-03-31,nav_per_unit,4.1527,RMB_per_unit,https://www.sse.com.cn/disclosure/fund/announcement/c/new/2025-03-31/508021_20250331_3S6G.pdf,2aadad5824fd3c8465748750c82399d634f1b0269574c1dfec98c17012ee292f,machine_extracted_official_pdf,"报告期末基金份额总额 200,000,000.00 份；期末账面基金份额净值 4.1527 元"
508021,2025-12-31,2026-03-31,fund_shares,588788630.0,shares,https://www.sse.com.cn/disclosure/fund/announcement/c/new/2026-03-31/508021_20260331_D3YQ.pdf,f2e69558c3c7032453319597a6d9292181ce741bc236bec17b181186720a8ff6,machine_extracted_official_pdf,"报告期末基金份额总额 588,788,630.00 份；期末账面基金份额净值 4.2101 元"
508021,2025-12-31,2026-03-31,nav_per_unit,4.2101,RMB_per_unit,https://www.sse.com.cn/disclosure/fund/announcement/c/new/2026-03-31/508021_20260331_D3YQ.pdf,f2e69558c3c7032453319597a6d9292181ce741bc236bec17b181186720a8ff6,machine_extracted_official_pdf,"报告期末基金份额总额 588,788,630.00 份；期末账面基金份额净值 4.2101 元"
508022,2024-12-31,2025-03-31,fund_shares,500000000.0,shares,https://www.sse.com.cn/disclosure/fund/announcement/c/new/2025-03-31/508022_20250331_VMI9.pdf,f4819ecac6e26b27eba3bb85f0afcbb55ab485bdc2d6874db8cfb606ef14b177,machine_extracted_official_pdf,"报告期末基金份额总额 500,000,000.00 份；期末账面基金份额净值 2.4262 元"
508022,2024-12-31,2025-03-31,nav_per_unit,2.4262,RMB_per_unit,https://www.sse.com.cn/disclosure/fund/announcement/c/new/2025-03-31/508022_20250331_VMI9.pdf,f4819ecac6e26b27eba3bb85f0afcbb55ab485bdc2d6874db8cfb606ef14b177,machine_extracted_official_pdf,"报告期末基金份额总额 500,000,000.00 份；期末账面基金份额净值 2.4262 元"
508022,2025-12-31,2026-03-31,fund_shares,500000000.0,shares,https://www.sse.com.cn/disclosure/fund/announcement/c/new/2026-03-31/508022_20260331_KH82.pdf,1081d1f6bf3faa66683f8c67ac1631f52e2be48bb4fc0d9994e4e248177ec0ec,machine_extracted_official_pdf,"报告期末基金份额总额 500,000,000.00 份；期末账面基金份额净值 2.3591 元"
508022,2025-12-31,2026-03-31,nav_per_unit,2.3591,RMB_per_unit,https://www.sse.com.cn/disclosure/fund/announcement/c/new/2026-03-31/508022_20260331_KH82.pdf,1081d1f6bf3faa66683f8c67ac1631f52e2be48bb4fc0d9994e4e248177ec0ec,machine_extracted_official_pdf,"报告期末基金份额总额 500,000,000.00 份；期末账面基金份额净值 2.3591 元"
508026,2024-12-31,2025-03-28,fund_shares,400000000.0,shares,https://www.sse.com.cn/disclosure/fund/announcement/c/new/2025-03-28/508026_20250328_T61T.pdf,4a9727e470e9344e6a9780fd6c2f8cf83a605191cae8dd8fd8f1e2be095518dd,machine_extracted_official_pdf,"报告期末基金份额总额 400,000,000.00 份；期末账面基金份额净值 2.5561 元"
508026,2024-12-31,2025-03-28,nav_per_unit,2.5561,RMB_per_unit,https://www.sse.com.cn/disclosure/fund/announcement/c/new/2025-03-28/508026_20250328_T61T.pdf,4a9727e470e9344e6a9780fd6c2f8cf83a605191cae8dd8fd8f1e2be095518dd,machine_extracted_official_pdf,"报告期末基金份额总额 400,000,000.00 份；期末账面基金份额净值 2.5561 元"
508026,2025-12-31,2026-03-30,fund_shares,400000000.0,shares,https://www.sse.com.cn/disclosure/fund/announcement/c/new/2026-03-30/508026_20260330_J2W7.pdf,871c8ba1bf3f95abb7a78091534da32c7cf8cc4a3e18c68afca4f01450f35f5d,machine_extracted_official_pdf,"报告期末基金份额总额 400,000,000.00 份；期末账面基金份额净值 2.3024 元"
508026,2025-12-31,2026-03-30,nav_per_unit,2.3024,RMB_per_unit,https://www.sse.com.cn/disclosure/fund/announcement/c/new/2026-03-30/508026_20260330_J2W7.pdf,871c8ba1bf3f95abb7a78091534da32c7cf8cc4a3e18c68afca4f01450f35f5d,machine_extracted_official_pdf,"报告期末基金份额总额 400,000,000.00 份；期末账面基金份额净值 2.3024 元"
508027,2021-12-31,2022-03-31,fund_shares,900000000.0,shares,https://www.sse.com.cn/disclosure/fund/announcement/c/new/2022-03-31/508027_20220331_1_8VmFABCX.pdf,6144dad3b89062ad2a0991aef4eb716527204e57a0c7304ac390dc8d17bf5978,machine_extracted_official_pdf,"报告期末基金份额总额 900,000,000.00 份；期末账面基金份额净值 3.9165 元"
508027,2021-12-31,2022-03-31,nav_per_unit,3.9165,RMB_per_unit,https://www.sse.com.cn/disclosure/fund/announcement/c/new/2022-03-31/508027_20220331_1_8VmFABCX.pdf,6144dad3b89062ad2a0991aef4eb716527204e57a0c7304ac390dc8d17bf5978,machine_extracted_official_pdf,"报告期末基金份额总额 900,000,000.00 份；期末账面基金份额净值 3.9165 元"
508027,2022-12-31,2023-03-31,fund_shares,900000000.0,shares,https://www.sse.com.cn/disclosure/fund/announcement/c/new/2023-03-31/508027_20230331_92Y5.pdf,4c88bc05ee57cbe95af31ca2a899ad676f7480e6e98a682def158624fb9e33ac,machine_extracted_official_pdf,"报告期末基金份额总额 900,000,000.00 份；期末账面基金份额净值 3.8962 元"
508027,2022-12-31,2023-03-31,nav_per_unit,3.8962,RMB_per_unit,https://www.sse.com.cn/disclosure/fund/announcement/c/new/2023-03-31/508027_20230331_92Y5.pdf,4c88bc05ee57cbe95af31ca2a899ad676f7480e6e98a682def158624fb9e33ac,machine_extracted_official_pdf,"报告期末基金份额总额 900,000,000.00 份；期末账面基金份额净值 3.8962 元"
508027,2023-12-31,2024-03-29,fund_shares,900000000.0,shares,https://www.sse.com.cn/disclosure/fund/announcement/c/new/2024-03-29/508027_20240329_2Q4M.pdf,ae4e0e296522f29ea2975bb4a11506e41d386088d6d635c9ba2e06ef5431ab0d,machine_extracted_official_pdf,"报告期末基金份额总额 900,000,000.00 份；期末账面基金份额净值 3.7971 元"
508027,2023-12-31,2024-03-29,nav_per_unit,3.7971,RMB_per_unit,https://www.sse.com.cn/disclosure/fund/announcement/c/new/2024-03-29/508027_20240329_2Q4M.pdf,ae4e0e296522f29ea2975bb4a11506e41d386088d6d635c9ba2e06ef5431ab0d,machine_extracted_official_pdf,"报告期末基金份额总额 900,000,000.00 份；期末账面基金份额净值 3.7971 元"
508027,2024-12-31,2025-03-31,fund_shares,900000000.0,shares,https://www.sse.com.cn/disclosure/fund/announcement/c/new/2025-03-31/508027_20250331_X5Z7.pdf,e4abf82e4016bc6c52e56b1596464e3a2499eb9f7c56c2f600656a875efcf978,machine_extracted_official_pdf,"报告期末基金份额总额 900,000,000.00 份；期末账面基金份额净值 3.5175 元"
508027,2024-12-31,2025-03-31,nav_per_unit,3.5175,RMB_per_unit,https://www.sse.com.cn/disclosure/fund/announcement/c/new/2025-03-31/508027_20250331_X5Z7.pdf,e4abf82e4016bc6c52e56b1596464e3a2499eb9f7c56c2f600656a875efcf978,machine_extracted_official_pdf,"报告期末基金份额总额 900,000,000.00 份；期末账面基金份额净值 3.5175 元"
508027,2025-12-31,2026-03-31,fund_shares,900000000.0,shares,https://www.sse.com.cn/disclosure/fund/announcement/c/new/2026-03-31/508027_20260331_VJCP.pdf,2698e9db77c5160d95d5e9a70decda54486ef165d6849a9c5455cdc085b2b6ec,machine_extracted_official_pdf,"报告期末基金份额总额 900,000,000.00 份；期末账面基金份额净值 3.287 元"
508027,2025-12-31,2026-03-31,nav_per_unit,3.287,RMB_per_unit,https://www.sse.com.cn/disclosure/fund/announcement/c/new/2026-03-31/508027_20260331_VJCP.pdf,2698e9db77c5160d95d5e9a70decda54486ef165d6849a9c5455cdc085b2b6ec,machine_extracted_official_pdf,"报告期末基金份额总额 900,000,000.00 份；期末账面基金份额净值 3.287 元"
508028,2023-12-31,2024-03-29,fund_shares,800000000.0,shares,https://www.sse.com.cn/disclosure/fund/announcement/c/new/2024-03-29/508028_20240329_KQI8.pdf,a9c08486046dc884b9858d348708cce1126b9cc58e7ca8aef66aa2c9558ebadf,machine_extracted_official_pdf,"报告期末基金份额总额 800,000,000.00 份；期末账面基金份额净值 9.4069 元"
508028,2023-12-31,2024-03-29,nav_per_unit,9.4069,RMB_per_unit,https://www.sse.com.cn/disclosure/fund/announcement/c/new/2024-03-29/508028_20240329_KQI8.pdf,a9c08486046dc884b9858d348708cce1126b9cc58e7ca8aef66aa2c9558ebadf,machine_extracted_official_pdf,"报告期末基金份额总额 800,000,000.00 份；期末账面基金份额净值 9.4069 元"
508028,2024-12-31,2025-03-31,fund_shares,800000000.0,shares,https://www.sse.com.cn/disclosure/fund/announcement/c/new/2025-03-31/508028_20250331_6H6Q.pdf,68f3ce1e036d7b796af6f42cf81dea1ae8d4c5f42388626c907671a3f08488df,machine_extracted_official_pdf,"报告期末基金份额总额 800,000,000.00 份；期末账面基金份额净值 8.9243 元"
508028,2024-12-31,2025-03-31,nav_per_unit,8.9243,RMB_per_unit,https://www.sse.com.cn/disclosure/fund/announcement/c/new/2025-03-31/508028_20250331_6H6Q.pdf,68f3ce1e036d7b796af6f42cf81dea1ae8d4c5f42388626c907671a3f08488df,machine_extracted_official_pdf,"报告期末基金份额总额 800,000,000.00 份；期末账面基金份额净值 8.9243 元"
508028,2025-12-31,2026-03-31,fund_shares,800000000.0,shares,https://www.sse.com.cn/disclosure/fund/announcement/c/new/2026-03-31/508028_20260331_M9ZP.pdf,4108a8fb04c035fe8d6a261b7eac07dd505c2a391edbc4b147e64f3864a566df,machine_extracted_official_pdf,"报告期末基金份额总额 800,000,000.00 份；期末账面基金份额净值 8.5982 元"
508028,2025-12-31,2026-03-31,nav_per_unit,8.5982,RMB_per_unit,https://www.sse.com.cn/disclosure/fund/announcement/c/new/2026-03-31/508028_20260331_M9ZP.pdf,4108a8fb04c035fe8d6a261b7eac07dd505c2a391edbc4b147e64f3864a566df,machine_extracted_official_pdf,"报告期末基金份额总额 800,000,000.00 份；期末账面基金份额净值 8.5982 元"
508029,2025-12-31,2026-03-31,fund_shares,300000000.0,shares,https://www.sse.com.cn/disclosure/fund/announcement/c/new/2026-03-31/508029_20260331_KBXK.pdf,eac42648093fe83c8f63feb4b61a4ff2389b477eb93049bc988fba4f2e2a3e7b,machine_extracted_official_pdf,"报告期末基金份额总额 300,000,000.00 份；期末账面基金份额净值 3.6592 元"
508029,2025-12-31,2026-03-31,nav_per_unit,3.6592,RMB_per_unit,https://www.sse.com.cn/disclosure/fund/announcement/c/new/2026-03-31/508029_20260331_KBXK.pdf,eac42648093fe83c8f63feb4b61a4ff2389b477eb93049bc988fba4f2e2a3e7b,machine_extracted_official_pdf,"报告期末基金份额总额 300,000,000.00 份；期末账面基金份额净值 3.6592 元"
508031,2024-12-31,2025-03-31,fund_shares,1000000000.0,shares,https://www.sse.com.cn/disclosure/fund/announcement/c/new/2025-03-31/508031_20250331_QRBK.pdf,f3b96243f5612b070870aa897d7caa2d2cb9d7fedc16567076cc063132b17dee,machine_extracted_official_pdf,"报告期末基金份额总额 1,000,000,000.00 份；期末账面基金份额净值 3.0667 元"
508031,2024-12-31,2025-03-31,nav_per_unit,3.0667,RMB_per_unit,https://www.sse.com.cn/disclosure/fund/announcement/c/new/2025-03-31/508031_20250331_QRBK.pdf,f3b96243f5612b070870aa897d7caa2d2cb9d7fedc16567076cc063132b17dee,machine_extracted_official_pdf,"报告期末基金份额总额 1,000,000,000.00 份；期末账面基金份额净值 3.0667 元"
508031,2025-12-31,2026-03-31,fund_shares,1000000000.0,shares,https://www.sse.com.cn/disclosure/fund/announcement/c/new/2026-03-31/508031_20260331_5YIM.pdf,3726719acd045753f648dd05cf178d88284212a7b3470d8b25145346815e3364,machine_extracted_official_pdf,"报告期末基金份额总额 1,000,000,000.00 份；期末账面基金份额净值 3.0206 元"
508031,2025-12-31,2026-03-31,nav_per_unit,3.0206,RMB_per_unit,https://www.sse.com.cn/disclosure/fund/announcement/c/new/2026-03-31/508031_20260331_5YIM.pdf,3726719acd045753f648dd05cf178d88284212a7b3470d8b25145346815e3364,machine_extracted_official_pdf,"报告期末基金份额总额 1,000,000,000.00 份；期末账面基金份额净值 3.0206 元"
508033,2024-12-31,2025-03-31,fund_shares,300000000.0,shares,https://www.sse.com.cn/disclosure/fund/announcement/c/new/2025-03-31/508033_20250331_VNN1.pdf,b084dd8637191991d0a20de7b459325c04683ea3f5bb5589eca8ba2cc9fae91b,machine_extracted_official_pdf,"报告期末基金份额总额 300,000,000.00 份；期末账面基金份额净值 6.2505 元"
508033,2024-12-31,2025-03-31,nav_per_unit,6.2505,RMB_per_unit,https://www.sse.com.cn/disclosure/fund/announcement/c/new/2025-03-31/508033_20250331_VNN1.pdf,b084dd8637191991d0a20de7b459325c04683ea3f5bb5589eca8ba2cc9fae91b,machine_extracted_official_pdf,"报告期末基金份额总额 300,000,000.00 份；期末账面基金份额净值 6.2505 元"
508033,2025-12-31,2026-03-31,fund_shares,300000000.0,shares,https://www.sse.com.cn/disclosure/fund/announcement/c/new/2026-03-31/508033_20260331_GBCC.pdf,a83fb81a229d3d991bdd3180d78930c70a884f781e3af949adb86a5749a90dec,machine_extracted_official_pdf,"报告期末基金份额总额 300,000,000.00 份；期末账面基金份额净值 5.6571 元"
508033,2025-12-31,2026-03-31,nav_per_unit,5.6571,RMB_per_unit,https://www.sse.com.cn/disclosure/fund/announcement/c/new/2026-03-31/508033_20260331_GBCC.pdf,a83fb81a229d3d991bdd3180d78930c70a884f781e3af949adb86a5749a90dec,machine_extracted_official_pdf,"报告期末基金份额总额 300,000,000.00 份；期末账面基金份额净值 5.6571 元"
508036,2025-12-31,2026-03-28,fund_shares,1000000000.0,shares,https://www.sse.com.cn/disclosure/fund/announcement/c/new/2026-03-28/508036_20260328_0XWW.pdf,4d824df689a6f4f9eb19da8c9a8ee44d5354c189b99829d0bf25c13048567058,machine_extracted_official_pdf,"报告期末基金份额总额 1,000,000,000.00 份；期末账面基金份额净值 7.3076 元"
508036,2025-12-31,2026-03-28,nav_per_unit,7.3076,RMB_per_unit,https://www.sse.com.cn/disclosure/fund/announcement/c/new/2026-03-28/508036_20260328_0XWW.pdf,4d824df689a6f4f9eb19da8c9a8ee44d5354c189b99829d0bf25c13048567058,machine_extracted_official_pdf,"报告期末基金份额总额 1,000,000,000.00 份；期末账面基金份额净值 7.3076 元"
508039,2025-12-31,2026-03-30,fund_shares,1000000000.0,shares,https://www.sse.com.cn/disclosure/fund/announcement/c/new/2026-03-30/508039_20260330_4QZI.pdf,b4c4413f06900aefd57f71a29486a8f81452e283646e1f81620b05822aa1ebd4,machine_extracted_official_pdf,"报告期末基金份额总额 1,000,000,000.00 份；期末账面基金份额净值 3.7209 元"
508039,2025-12-31,2026-03-30,nav_per_unit,3.7209,RMB_per_unit,https://www.sse.com.cn/disclosure/fund/announcement/c/new/2026-03-30/508039_20260330_4QZI.pdf,b4c4413f06900aefd57f71a29486a8f81452e283646e1f81620b05822aa1ebd4,machine_extracted_official_pdf,"报告期末基金份额总额 1,000,000,000.00 份；期末账面基金份额净值 3.7209 元"
508048,2025-12-31,2026-03-31,fund_shares,400000000.0,shares,https://www.sse.com.cn/disclosure/fund/announcement/c/new/2026-03-31/508048_20260331_KXAP.pdf,0eef95aff12021b8cd087c02a5e7623c1aa340c5bd2c7cf0cf2c7fab98ee6a47,machine_extracted_official_pdf,"报告期末基金份额总额 400,000,000.00 份；期末账面基金份额净值 2.5817 元"
508048,2025-12-31,2026-03-31,nav_per_unit,2.5817,RMB_per_unit,https://www.sse.com.cn/disclosure/fund/announcement/c/new/2026-03-31/508048_20260331_KXAP.pdf,0eef95aff12021b8cd087c02a5e7623c1aa340c5bd2c7cf0cf2c7fab98ee6a47,machine_extracted_official_pdf,"报告期末基金份额总额 400,000,000.00 份；期末账面基金份额净值 2.5817 元"
508055,2025-12-31,2026-03-31,fund_shares,500000000.0,shares,https://www.sse.com.cn/disclosure/fund/announcement/c/new/2026-03-31/508055_20260331_Z7RT.pdf,d01f585387a896cf5d8b7b4ae070c75ada332292237b0f5d0f2f3c1c38b5e17f,machine_extracted_official_pdf,"报告期末基金份额总额 500,000,000.00 份；期末账面基金份额净值 2.6811 元"
508055,2025-12-31,2026-03-31,nav_per_unit,2.6811,RMB_per_unit,https://www.sse.com.cn/disclosure/fund/announcement/c/new/2026-03-31/508055_20260331_Z7RT.pdf,d01f585387a896cf5d8b7b4ae070c75ada332292237b0f5d0f2f3c1c38b5e17f,machine_extracted_official_pdf,"报告期末基金份额总额 500,000,000.00 份；期末账面基金份额净值 2.6811 元"
508056,2021-12-31,2022-03-31,fund_shares,1500000000.0,shares,https://www.sse.com.cn/disclosure/fund/announcement/c/new/2022-03-31/508056_20220331_1_Vg3OTwYO.pdf,8ddcc4686dcf1eaf58cbfe955ce8ef7f9b332c4075a646663ad379cc1c515e73,machine_extracted_official_pdf,"报告期末基金份额总额 1,500,000,000.00 份；期末账面基金份额净值 3.8478 元"
508056,2021-12-31,2022-03-31,nav_per_unit,3.8478,RMB_per_unit,https://www.sse.com.cn/disclosure/fund/announcement/c/new/2022-03-31/508056_20220331_1_Vg3OTwYO.pdf,8ddcc4686dcf1eaf58cbfe955ce8ef7f9b332c4075a646663ad379cc1c515e73,machine_extracted_official_pdf,"报告期末基金份额总额 1,500,000,000.00 份；期末账面基金份额净值 3.8478 元"
508056,2022-12-31,2023-03-31,fund_shares,1500000000.0,shares,https://www.sse.com.cn/disclosure/fund/announcement/c/new/2023-03-31/508056_20230331_L49D.pdf,fbc3c62348eccec86419fbfa95c97575e2674bc20f96349f5a818d98f8daab68,machine_extracted_official_pdf,"报告期末基金份额总额 1,500,000,000.00 份；期末账面基金份额净值 3.7301 元"
508056,2022-12-31,2023-03-31,nav_per_unit,3.7301,RMB_per_unit,https://www.sse.com.cn/disclosure/fund/announcement/c/new/2023-03-31/508056_20230331_L49D.pdf,fbc3c62348eccec86419fbfa95c97575e2674bc20f96349f5a818d98f8daab68,machine_extracted_official_pdf,"报告期末基金份额总额 1,500,000,000.00 份；期末账面基金份额净值 3.7301 元"
508056,2023-12-31,2024-03-29,fund_shares,1938268684.0,shares,https://www.sse.com.cn/disclosure/fund/announcement/c/new/2024-03-29/508056_20240329_OLPR.pdf,d944f7df5082e2be3e2a25d7c02294645de750d0a9c7701981683910bc95b545,machine_extracted_official_pdf,"报告期末基金份额总额 1,938,268,684.00 份；期末账面基金份额净值 3.6602 元"
508056,2023-12-31,2024-03-29,nav_per_unit,3.6602,RMB_per_unit,https://www.sse.com.cn/disclosure/fund/announcement/c/new/2024-03-29/508056_20240329_OLPR.pdf,d944f7df5082e2be3e2a25d7c02294645de750d0a9c7701981683910bc95b545,machine_extracted_official_pdf,"报告期末基金份额总额 1,938,268,684.00 份；期末账面基金份额净值 3.6602 元"
508056,2024-12-31,2025-03-28,fund_shares,1938268684.0,shares,https://www.sse.com.cn/disclosure/fund/announcement/c/new/2025-03-28/508056_20250328_6KQ4.pdf,26d458279835973520ec7266a9381eda5852510e71105236a630e451becb0b5d,machine_extracted_official_pdf,"报告期末基金份额总额 1,938,268,684.00 份；期末账面基金份额净值 3.4197 元"
508056,2024-12-31,2025-03-28,nav_per_unit,3.4197,RMB_per_unit,https://www.sse.com.cn/disclosure/fund/announcement/c/new/2025-03-28/508056_20250328_6KQ4.pdf,26d458279835973520ec7266a9381eda5852510e71105236a630e451becb0b5d,machine_extracted_official_pdf,"报告期末基金份额总额 1,938,268,684.00 份；期末账面基金份额净值 3.4197 元"
508056,2025-12-31,2026-03-31,fund_shares,1938268684.0,shares,https://www.sse.com.cn/disclosure/fund/announcement/c/new/2026-03-31/508056_20260331_3FF2.pdf,a90f8315c32828642f7497f9eb92018f5881f4e59bc9026496073068caa98c7a,machine_extracted_official_pdf,"报告期末基金份额总额 1,938,268,684.00 份；期末账面基金份额净值 3.2017 元"
508056,2025-12-31,2026-03-31,nav_per_unit,3.2017,RMB_per_unit,https://www.sse.com.cn/disclosure/fund/announcement/c/new/2026-03-31/508056_20260331_3FF2.pdf,a90f8315c32828642f7497f9eb92018f5881f4e59bc9026496073068caa98c7a,machine_extracted_official_pdf,"报告期末基金份额总额 1,938,268,684.00 份；期末账面基金份额净值 3.2017 元"
508058,2022-12-31,2023-03-31,fund_shares,500000000.0,shares,https://www.sse.com.cn/disclosure/fund/announcement/c/new/2023-03-31/508058_20230331_KB57.pdf,686909aa62c997cbc87d1021709bf2125263f0bd236457eaafbd922e026e3b9c,machine_extracted_official_pdf,"报告期末基金份额总额 500,000,000.00 份；期末账面基金份额净值 2.6254 元"
508058,2022-12-31,2023-03-31,nav_per_unit,2.6254,RMB_per_unit,https://www.sse.com.cn/disclosure/fund/announcement/c/new/2023-03-31/508058_20230331_KB57.pdf,686909aa62c997cbc87d1021709bf2125263f0bd236457eaafbd922e026e3b9c,machine_extracted_official_pdf,"报告期末基金份额总额 500,000,000.00 份；期末账面基金份额净值 2.6254 元"
508058,2023-12-31,2024-03-29,fund_shares,500000000.0,shares,https://www.sse.com.cn/disclosure/fund/announcement/c/new/2024-03-29/508058_20240329_YMDN.pdf,d9e45dbc541b6ef8615d7242fa35bf738ff0d817d15a4c5167e19e143106d7a6,machine_extracted_official_pdf,"报告期末基金份额总额 500,000,000.00 份；期末账面基金份额净值 2.5825 元"
508058,2023-12-31,2024-03-29,nav_per_unit,2.5825,RMB_per_unit,https://www.sse.com.cn/disclosure/fund/announcement/c/new/2024-03-29/508058_20240329_YMDN.pdf,d9e45dbc541b6ef8615d7242fa35bf738ff0d817d15a4c5167e19e143106d7a6,machine_extracted_official_pdf,"报告期末基金份额总额 500,000,000.00 份；期末账面基金份额净值 2.5825 元"
508058,2024-12-31,2025-03-28,fund_shares,500000000.0,shares,https://www.sse.com.cn/disclosure/fund/announcement/c/new/2025-03-28/508058_20250328_FQCM.pdf,ce86a72c7d3c3c90bb295af8c10627786ae5585418a35a9453cef5f6921b8fd7,machine_extracted_official_pdf,"报告期末基金份额总额 500,000,000.00 份；期末账面基金份额净值 2.5176 元"
508058,2024-12-31,2025-03-28,nav_per_unit,2.5176,RMB_per_unit,https://www.sse.com.cn/disclosure/fund/announcement/c/new/2025-03-28/508058_20250328_FQCM.pdf,ce86a72c7d3c3c90bb295af8c10627786ae5585418a35a9453cef5f6921b8fd7,machine_extracted_official_pdf,"报告期末基金份额总额 500,000,000.00 份；期末账面基金份额净值 2.5176 元"
508058,2025-12-31,2026-03-31,fund_shares,500000000.0,shares,https://www.sse.com.cn/disclosure/fund/announcement/c/new/2026-03-31/508058_20260331_0JID.pdf,4a26a9971ec673da20f72aa74fb84f11a6e2c1cd872ded57176de6297d301b46,machine_extracted_official_pdf,"报告期末基金份额总额 500,000,000.00 份；期末账面基金份额净值 2.4594 元"
508058,2025-12-31,2026-03-31,nav_per_unit,2.4594,RMB_per_unit,https://www.sse.com.cn/disclosure/fund/announcement/c/new/2026-03-31/508058_20260331_0JID.pdf,4a26a9971ec673da20f72aa74fb84f11a6e2c1cd872ded57176de6297d301b46,machine_extracted_official_pdf,"报告期末基金份额总额 500,000,000.00 份；期末账面基金份额净值 2.4594 元"
508060,2025-12-31,2026-03-31,fund_shares,800000000.0,shares,https://www.sse.com.cn/disclosure/fund/announcement/c/new/2026-03-31/508060_20260331_2IEL.pdf,a4ada0168976bd8bf5dd31e3ca45f7df3da1de137723b77b65d9f27b9956888b,machine_extracted_official_pdf,"报告期末基金份额总额 800,000,000.00 份；期末账面基金份额净值 3.0291 元"
508060,2025-12-31,2026-03-31,nav_per_unit,3.0291,RMB_per_unit,https://www.sse.com.cn/disclosure/fund/announcement/c/new/2026-03-31/508060_20260331_2IEL.pdf,a4ada0168976bd8bf5dd31e3ca45f7df3da1de137723b77b65d9f27b9956888b,machine_extracted_official_pdf,"报告期末基金份额总额 800,000,000.00 份；期末账面基金份额净值 3.0291 元"
508066,2023-12-31,2024-03-28,fund_shares,400000000.0,shares,https://www.sse.com.cn/disclosure/fund/announcement/c/new/2024-03-28/508066_20240328_EBEM.pdf,7f91cd3f72eb2be873b29614656b61948bcca2041e8bf34f95382eaeffdd9acf,machine_extracted_official_pdf,"报告期末基金份额总额 400,000,000.00 份；期末账面基金份额净值 5.0567 元"
508066,2023-12-31,2024-03-28,nav_per_unit,5.0567,RMB_per_unit,https://www.sse.com.cn/disclosure/fund/announcement/c/new/2024-03-28/508066_20240328_EBEM.pdf,7f91cd3f72eb2be873b29614656b61948bcca2041e8bf34f95382eaeffdd9acf,machine_extracted_official_pdf,"报告期末基金份额总额 400,000,000.00 份；期末账面基金份额净值 5.0567 元"
508066,2024-12-31,2025-03-31,fund_shares,400000000.0,shares,https://www.sse.com.cn/disclosure/fund/announcement/c/new/2025-03-31/508066_20250331_7WRB.pdf,43f33cc12b5165012b1a2393d8ccdb10e8c1222e48e24c75448ff6e23388eaae,machine_extracted_official_pdf,"报告期末基金份额总额 400,000,000.00 份；期末账面基金份额净值 4.483 元"
508066,2024-12-31,2025-03-31,nav_per_unit,4.483,RMB_per_unit,https://www.sse.com.cn/disclosure/fund/announcement/c/new/2025-03-31/508066_20250331_7WRB.pdf,43f33cc12b5165012b1a2393d8ccdb10e8c1222e48e24c75448ff6e23388eaae,machine_extracted_official_pdf,"报告期末基金份额总额 400,000,000.00 份；期末账面基金份额净值 4.483 元"
508066,2025-12-31,2026-03-31,fund_shares,400000000.0,shares,https://www.sse.com.cn/disclosure/fund/announcement/c/new/2026-03-31/508066_20260331_7D77.pdf,146f9263ccdf1ffa00d968c72f786ea24f0e22f083b874b4ca45ecc5c9683cd7,machine_extracted_official_pdf,"报告期末基金份额总额 400,000,000.00 份；期末账面基金份额净值 4.0718 元"
508066,2025-12-31,2026-03-31,nav_per_unit,4.0718,RMB_per_unit,https://www.sse.com.cn/disclosure/fund/announcement/c/new/2026-03-31/508066_20260331_7D77.pdf,146f9263ccdf1ffa00d968c72f786ea24f0e22f083b874b4ca45ecc5c9683cd7,machine_extracted_official_pdf,"报告期末基金份额总额 400,000,000.00 份；期末账面基金份额净值 4.0718 元"
508068,2022-12-31,2023-03-30,fund_shares,500000000.0,shares,https://www.sse.com.cn/disclosure/fund/announcement/c/new/2023-03-30/508068_20230330_QPD6.pdf,d63b84ce28b25f599cba31bf5c99b0e04ee9e96729ec8e488d8a0e9d5b517e96,machine_extracted_official_pdf,"报告期末基金份额总额 500,000,000.00 份；期末账面基金份额净值 2.5364 元"
508068,2022-12-31,2023-03-30,nav_per_unit,2.5364,RMB_per_unit,https://www.sse.com.cn/disclosure/fund/announcement/c/new/2023-03-30/508068_20230330_QPD6.pdf,d63b84ce28b25f599cba31bf5c99b0e04ee9e96729ec8e488d8a0e9d5b517e96,machine_extracted_official_pdf,"报告期末基金份额总额 500,000,000.00 份；期末账面基金份额净值 2.5364 元"
508068,2023-12-31,2024-03-28,fund_shares,500000000.0,shares,https://www.sse.com.cn/disclosure/fund/announcement/c/new/2024-03-28/508068_20240328_4EZD.pdf,ecd0b17609c3dbb84e24b8b9fe3f99e02d062f0ef362a6b50ee5744381fe5790,machine_extracted_official_pdf,"报告期末基金份额总额 500,000,000.00 份；期末账面基金份额净值 2.5052 元"
508068,2023-12-31,2024-03-28,nav_per_unit,2.5052,RMB_per_unit,https://www.sse.com.cn/disclosure/fund/announcement/c/new/2024-03-28/508068_20240328_4EZD.pdf,ecd0b17609c3dbb84e24b8b9fe3f99e02d062f0ef362a6b50ee5744381fe5790,machine_extracted_official_pdf,"报告期末基金份额总额 500,000,000.00 份；期末账面基金份额净值 2.5052 元"
508068,2024-12-31,2025-03-31,fund_shares,500000000.0,shares,https://www.sse.com.cn/disclosure/fund/announcement/c/new/2025-03-31/508068_20250331_IXIQ.pdf,734907c7113df66405bd28b4d133212855100ee3dc2d08993bd1f6bdf389903c,machine_extracted_official_pdf,"报告期末基金份额总额 500,000,000.00 份；期末账面基金份额净值 2.4636 元"
508068,2024-12-31,2025-03-31,nav_per_unit,2.4636,RMB_per_unit,https://www.sse.com.cn/disclosure/fund/announcement/c/new/2025-03-31/508068_20250331_IXIQ.pdf,734907c7113df66405bd28b4d133212855100ee3dc2d08993bd1f6bdf389903c,machine_extracted_official_pdf,"报告期末基金份额总额 500,000,000.00 份；期末账面基金份额净值 2.4636 元"
508068,2025-12-31,2026-03-27,fund_shares,724218009.0,shares,https://www.sse.com.cn/disclosure/fund/announcement/c/new/2026-03-27/508068_20260327_QEYG.pdf,04274c1dd800dbb5bb062dbf5cbe6c033c188b09e4437219e7ccc3bd5eab3627,machine_extracted_official_pdf,"报告期末基金份额总额 724,218,009.00 份；期末账面基金份额净值 2.9927 元"
508068,2025-12-31,2026-03-27,nav_per_unit,2.9927,RMB_per_unit,https://www.sse.com.cn/disclosure/fund/announcement/c/new/2026-03-27/508068_20260327_QEYG.pdf,04274c1dd800dbb5bb062dbf5cbe6c033c188b09e4437219e7ccc3bd5eab3627,machine_extracted_official_pdf,"报告期末基金份额总额 724,218,009.00 份；期末账面基金份额净值 2.9927 元"
508069,2024-12-31,2025-03-31,fund_shares,500000000.0,shares,https://www.sse.com.cn/disclosure/fund/announcement/c/new/2025-03-31/508069_20250331_G40V.pdf,6714f5442ba70559ca47acb9226a4ff39dd5d2e019c9c0242bbcd067981b92e0,machine_extracted_official_pdf,"报告期末基金份额总额 500,000,000.00 份；期末账面基金份额净值 5.4798 元"
508069,2024-12-31,2025-03-31,nav_per_unit,5.4798,RMB_per_unit,https://www.sse.com.cn/disclosure/fund/announcement/c/new/2025-03-31/508069_20250331_G40V.pdf,6714f5442ba70559ca47acb9226a4ff39dd5d2e019c9c0242bbcd067981b92e0,machine_extracted_official_pdf,"报告期末基金份额总额 500,000,000.00 份；期末账面基金份额净值 5.4798 元"
508069,2025-12-31,2026-03-27,fund_shares,500000000.0,shares,https://www.sse.com.cn/disclosure/fund/announcement/c/new/2026-03-27/508069_20260327_816L.pdf,70fa9f492a3fa34e8e5e86f73c8997f18d974b68ad84fa1ebf375676634e4af5,machine_extracted_official_pdf,"报告期末基金份额总额 500,000,000.00 份；期末账面基金份额净值 4.897 元"
508069,2025-12-31,2026-03-27,nav_per_unit,4.897,RMB_per_unit,https://www.sse.com.cn/disclosure/fund/announcement/c/new/2026-03-27/508069_20260327_816L.pdf,70fa9f492a3fa34e8e5e86f73c8997f18d974b68ad84fa1ebf375676634e4af5,machine_extracted_official_pdf,"报告期末基金份额总额 500,000,000.00 份；期末账面基金份额净值 4.897 元"
508077,2023-12-31,2024-03-28,fund_shares,500000000.0,shares,https://www.sse.com.cn/disclosure/fund/announcement/c/new/2024-03-28/508077_20240328_XCTY.pdf,c4ff0ef9eef2a9e343b124e5c3541964bc2377c772c4e4baa791f25b3e029bd0,machine_extracted_official_pdf,"报告期末基金份额总额 500,000,000.00 份；期末账面基金份额净值 2.3622 元"
508077,2023-12-31,2024-03-28,nav_per_unit,2.3622,RMB_per_unit,https://www.sse.com.cn/disclosure/fund/announcement/c/new/2024-03-28/508077_20240328_XCTY.pdf,c4ff0ef9eef2a9e343b124e5c3541964bc2377c772c4e4baa791f25b3e029bd0,machine_extracted_official_pdf,"报告期末基金份额总额 500,000,000.00 份；期末账面基金份额净值 2.3622 元"
508077,2024-12-31,2025-03-31,fund_shares,500000000.0,shares,https://www.sse.com.cn/disclosure/fund/announcement/c/new/2025-03-31/508077_20250331_BNDQ.pdf,623e1bcf04fd18dbd35959fa8b54adf8e57cf37498f86ba566d03272ab867309,machine_extracted_official_pdf,"报告期末基金份额总额 500,000,000.00 份；期末账面基金份额净值 2.2508 元"
508077,2024-12-31,2025-03-31,nav_per_unit,2.2508,RMB_per_unit,https://www.sse.com.cn/disclosure/fund/announcement/c/new/2025-03-31/508077_20250331_BNDQ.pdf,623e1bcf04fd18dbd35959fa8b54adf8e57cf37498f86ba566d03272ab867309,machine_extracted_official_pdf,"报告期末基金份额总额 500,000,000.00 份；期末账面基金份额净值 2.2508 元"
508077,2025-12-31,2026-03-27,fund_shares,947803412.0,shares,https://www.sse.com.cn/disclosure/fund/announcement/c/new/2026-03-27/508077_20260327_MC28.pdf,b3ccdc08b6ddcd0397998e269cc1b500c6335544430dea7866decd783dc9d05a,machine_extracted_official_pdf,"报告期末基金份额总额 947,803,412.00 份；期末账面基金份额净值 2.3431 元"
508077,2025-12-31,2026-03-27,nav_per_unit,2.3431,RMB_per_unit,https://www.sse.com.cn/disclosure/fund/announcement/c/new/2026-03-27/508077_20260327_MC28.pdf,b3ccdc08b6ddcd0397998e269cc1b500c6335544430dea7866decd783dc9d05a,machine_extracted_official_pdf,"报告期末基金份额总额 947,803,412.00 份；期末账面基金份额净值 2.3431 元"
508078,2025-12-31,2026-03-31,fund_shares,800000000.0,shares,https://www.sse.com.cn/disclosure/fund/announcement/c/new/2026-03-31/508078_20260331_EPCH.pdf,785325e3fe67571147523f029b6882c12b643e86c62108bc76ea773cd8c21a1c,machine_extracted_official_pdf,"报告期末基金份额总额 800,000,000.00 份；期末账面基金份额净值 2.4242 元"
508078,2025-12-31,2026-03-31,nav_per_unit,2.4242,RMB_per_unit,https://www.sse.com.cn/disclosure/fund/announcement/c/new/2026-03-31/508078_20260331_EPCH.pdf,785325e3fe67571147523f029b6882c12b643e86c62108bc76ea773cd8c21a1c,machine_extracted_official_pdf,"报告期末基金份额总额 800,000,000.00 份；期末账面基金份额净值 2.4242 元"
508080,2025-12-31,2026-03-31,fund_shares,400000000.0,shares,https://www.sse.com.cn/disclosure/fund/announcement/c/new/2026-03-31/508080_20260331_P3CX.pdf,a97ab8a67408575722dca2040651effa2b57130a4940fb8c70224a94b12cb01e,machine_extracted_official_pdf,"报告期末基金份额总额 400,000,000.00 份；期末账面基金份额净值 2.7325 元"
508080,2025-12-31,2026-03-31,nav_per_unit,2.7325,RMB_per_unit,https://www.sse.com.cn/disclosure/fund/announcement/c/new/2026-03-31/508080_20260331_P3CX.pdf,a97ab8a67408575722dca2040651effa2b57130a4940fb8c70224a94b12cb01e,machine_extracted_official_pdf,"报告期末基金份额总额 400,000,000.00 份；期末账面基金份额净值 2.7325 元"
508082,2025-12-31,2026-03-31,fund_shares,1000000000.0,shares,https://www.sse.com.cn/disclosure/fund/announcement/c/new/2026-03-31/508082_20260331_C4GA.pdf,afa7a6acc4f80c4181eb88be44a6d2f9c2d11c476bc34b83f5ef1c33ba25a040,machine_extracted_official_pdf,"报告期末基金份额总额 1,000,000,000.00 份；期末账面基金份额净值 3.4827 元"
508082,2025-12-31,2026-03-31,nav_per_unit,3.4827,RMB_per_unit,https://www.sse.com.cn/disclosure/fund/announcement/c/new/2026-03-31/508082_20260331_C4GA.pdf,afa7a6acc4f80c4181eb88be44a6d2f9c2d11c476bc34b83f5ef1c33ba25a040,machine_extracted_official_pdf,"报告期末基金份额总额 1,000,000,000.00 份；期末账面基金份额净值 3.4827 元"
508084,2025-12-31,2026-03-31,fund_shares,400000000.0,shares,https://www.sse.com.cn/disclosure/fund/announcement/c/new/2026-03-31/508084_20260331_1EMK.pdf,1cebdb76b622c877ed2c60a54c76e0c69052d6456fdf07c61836f2ba0846bfa7,machine_extracted_official_pdf,"报告期末基金份额总额 400,000,000.00 份；期末账面基金份额净值 2.8542 元"
508084,2025-12-31,2026-03-31,nav_per_unit,2.8542,RMB_per_unit,https://www.sse.com.cn/disclosure/fund/announcement/c/new/2026-03-31/508084_20260331_1EMK.pdf,1cebdb76b622c877ed2c60a54c76e0c69052d6456fdf07c61836f2ba0846bfa7,machine_extracted_official_pdf,"报告期末基金份额总额 400,000,000.00 份；期末账面基金份额净值 2.8542 元"
508085,2025-12-31,2026-03-31,fund_shares,500000000.0,shares,https://www.sse.com.cn/disclosure/fund/announcement/c/new/2026-03-31/508085_20260331_W0N2.pdf,0cb1b213073af792e27b9aca69042d0d511142ce2bc423d8d0ebbbdcc332e85b,machine_extracted_official_pdf,"报告期末基金份额总额 500,000,000.00 份；期末账面基金份额净值 2.6491 元"
508085,2025-12-31,2026-03-31,nav_per_unit,2.6491,RMB_per_unit,https://www.sse.com.cn/disclosure/fund/announcement/c/new/2026-03-31/508085_20260331_W0N2.pdf,0cb1b213073af792e27b9aca69042d0d511142ce2bc423d8d0ebbbdcc332e85b,machine_extracted_official_pdf,"报告期末基金份额总额 500,000,000.00 份；期末账面基金份额净值 2.6491 元"
508086,2024-12-31,2025-03-31,fund_shares,1000000000.0,shares,https://www.sse.com.cn/disclosure/fund/announcement/c/new/2025-03-31/508086_20250331_BPLQ.pdf,80ea953898c22dfff8c409c00baeb685e84919eebe5c45cf738803732a0ca74d,machine_extracted_official_pdf,"报告期末基金份额总额 1,000,000,000.00 份；期末账面基金份额净值 5.3417 元"
508086,2024-12-31,2025-03-31,nav_per_unit,5.3417,RMB_per_unit,https://www.sse.com.cn/disclosure/fund/announcement/c/new/2025-03-31/508086_20250331_BPLQ.pdf,80ea953898c22dfff8c409c00baeb685e84919eebe5c45cf738803732a0ca74d,machine_extracted_official_pdf,"报告期末基金份额总额 1,000,000,000.00 份；期末账面基金份额净值 5.3417 元"
508086,2025-12-31,2026-03-31,fund_shares,1000000000.0,shares,https://www.sse.com.cn/disclosure/fund/announcement/c/new/2026-03-31/508086_20260331_9UC9.pdf,45be5c4aa71a61685b1627947bc8730936731f95b0882cd4789f7eaf5a6ad19a,machine_extracted_official_pdf,"报告期末基金份额总额 1,000,000,000.00 份；期末账面基金份额净值 4.8642 元"
508086,2025-12-31,2026-03-31,nav_per_unit,4.8642,RMB_per_unit,https://www.sse.com.cn/disclosure/fund/announcement/c/new/2026-03-31/508086_20260331_9UC9.pdf,45be5c4aa71a61685b1627947bc8730936731f95b0882cd4789f7eaf5a6ad19a,machine_extracted_official_pdf,"报告期末基金份额总额 1,000,000,000.00 份；期末账面基金份额净值 4.8642 元"
508087,2025-12-31,2026-03-27,fund_shares,200000000.0,shares,https://www.sse.com.cn/disclosure/fund/announcement/c/new/2026-03-27/508087_20260327_DW2L.pdf,4a5221d7fdaaffb15e5dc6b6191d43efb0f2de901f573c530d1bf69fca010e94,machine_extracted_official_pdf,"报告期末基金份额总额 200,000,000.00 份；期末账面基金份额净值 7.2564 元"
508087,2025-12-31,2026-03-27,nav_per_unit,7.2564,RMB_per_unit,https://www.sse.com.cn/disclosure/fund/announcement/c/new/2026-03-27/508087_20260327_DW2L.pdf,4a5221d7fdaaffb15e5dc6b6191d43efb0f2de901f573c530d1bf69fca010e94,machine_extracted_official_pdf,"报告期末基金份额总额 200,000,000.00 份；期末账面基金份额净值 7.2564 元"
508088,2022-12-31,2023-03-31,fund_shares,500000000.0,shares,https://www.sse.com.cn/disclosure/fund/announcement/c/new/2023-03-31/508088_20230331_YTYB.pdf,2203fd910b5d54922edc3022906637a99502b51ce5c1a6c21d54b1e7dd0f9819,machine_extracted_official_pdf,"报告期末基金份额总额 500,000,000.00 份；期末账面基金份额净值 3.0718 元"
508088,2022-12-31,2023-03-31,nav_per_unit,3.0718,RMB_per_unit,https://www.sse.com.cn/disclosure/fund/announcement/c/new/2023-03-31/508088_20230331_YTYB.pdf,2203fd910b5d54922edc3022906637a99502b51ce5c1a6c21d54b1e7dd0f9819,machine_extracted_official_pdf,"报告期末基金份额总额 500,000,000.00 份；期末账面基金份额净值 3.0718 元"
508088,2023-12-31,2024-03-29,fund_shares,500000000.0,shares,https://www.sse.com.cn/disclosure/fund/announcement/c/new/2024-03-29/508088_20240329_LE2W.pdf,347ba4f39236380b39028903290cf8c80042aa5f30a02c5736123d1bc7dba697,machine_extracted_official_pdf,"报告期末基金份额总额 500,000,000.00 份；期末账面基金份额净值 3.0174 元"
508088,2023-12-31,2024-03-29,nav_per_unit,3.0174,RMB_per_unit,https://www.sse.com.cn/disclosure/fund/announcement/c/new/2024-03-29/508088_20240329_LE2W.pdf,347ba4f39236380b39028903290cf8c80042aa5f30a02c5736123d1bc7dba697,machine_extracted_official_pdf,"报告期末基金份额总额 500,000,000.00 份；期末账面基金份额净值 3.0174 元"
508088,2024-12-31,2025-03-28,fund_shares,500000000.0,shares,https://www.sse.com.cn/disclosure/fund/announcement/c/new/2025-03-28/508088_20250328_YI72.pdf,8bd7e04429cbd44b55083fc671fbb80efc94e878119bc260e6788bbf7f87941d,machine_extracted_official_pdf,"报告期末基金份额总额 500,000,000.00 份；期末账面基金份额净值 3.0458 元"
508088,2024-12-31,2025-03-28,nav_per_unit,3.0458,RMB_per_unit,https://www.sse.com.cn/disclosure/fund/announcement/c/new/2025-03-28/508088_20250328_YI72.pdf,8bd7e04429cbd44b55083fc671fbb80efc94e878119bc260e6788bbf7f87941d,machine_extracted_official_pdf,"报告期末基金份额总额 500,000,000.00 份；期末账面基金份额净值 3.0458 元"
508088,2025-12-31,2026-03-31,fund_shares,619262981.0,shares,https://www.sse.com.cn/disclosure/fund/announcement/c/new/2026-03-31/508088_20260331_K2ZE.pdf,67081cda5d9a06ee8e0f17e395eea06d89b6733fbf0f67a96d5a629d407faba5,machine_extracted_official_pdf,"报告期末基金份额总额 619,262,981.00 份；期末账面基金份额净值 2.9315 元"
508088,2025-12-31,2026-03-31,nav_per_unit,2.9315,RMB_per_unit,https://www.sse.com.cn/disclosure/fund/announcement/c/new/2026-03-31/508088_20260331_K2ZE.pdf,67081cda5d9a06ee8e0f17e395eea06d89b6733fbf0f67a96d5a629d407faba5,machine_extracted_official_pdf,"报告期末基金份额总额 619,262,981.00 份；期末账面基金份额净值 2.9315 元"
508089,2024-12-31,2025-03-31,fund_shares,300000000.0,shares,https://www.sse.com.cn/disclosure/fund/announcement/c/new/2025-03-31/508089_20250331_CD7H.pdf,5b6534df6cb3857f9e034855bbe0709939e4639006d0aca81a68f5971e2c9db6,machine_extracted_official_pdf,"报告期末基金份额总额 300,000,000.00 份；期末账面基金份额净值 3.8347 元"
508089,2024-12-31,2025-03-31,nav_per_unit,3.8347,RMB_per_unit,https://www.sse.com.cn/disclosure/fund/announcement/c/new/2025-03-31/508089_20250331_CD7H.pdf,5b6534df6cb3857f9e034855bbe0709939e4639006d0aca81a68f5971e2c9db6,machine_extracted_official_pdf,"报告期末基金份额总额 300,000,000.00 份；期末账面基金份额净值 3.8347 元"
508089,2025-12-31,2026-03-27,fund_shares,300000000.0,shares,https://www.sse.com.cn/disclosure/fund/announcement/c/new/2026-03-27/508089_20260327_7KEO.pdf,d66dfeaa1b3d0d876a81efe3e4b0d41396db4b5fc51752f14499d58e79d30eec,machine_extracted_official_pdf,"报告期末基金份额总额 300,000,000.00 份；期末账面基金份额净值 3.8855 元"
508089,2025-12-31,2026-03-27,nav_per_unit,3.8855,RMB_per_unit,https://www.sse.com.cn/disclosure/fund/announcement/c/new/2026-03-27/508089_20260327_7KEO.pdf,d66dfeaa1b3d0d876a81efe3e4b0d41396db4b5fc51752f14499d58e79d30eec,machine_extracted_official_pdf,"报告期末基金份额总额 300,000,000.00 份；期末账面基金份额净值 3.8855 元"
508090,2025-12-31,2026-03-31,fund_shares,400000000.0,shares,https://www.sse.com.cn/disclosure/fund/announcement/c/new/2026-03-31/508090_20260331_KWU7.pdf,d57bbd68ad520de127f3e08c3db6c5b3b3775f3bf7b191f2a6e58f09b762bb8b,machine_extracted_official_pdf,"报告期末基金份额总额 400,000,000.00 份；期末账面基金份额净值 3.0943 元"
508090,2025-12-31,2026-03-31,nav_per_unit,3.0943,RMB_per_unit,https://www.sse.com.cn/disclosure/fund/announcement/c/new/2026-03-31/508090_20260331_KWU7.pdf,d57bbd68ad520de127f3e08c3db6c5b3b3775f3bf7b191f2a6e58f09b762bb8b,machine_extracted_official_pdf,"报告期末基金份额总额 400,000,000.00 份；期末账面基金份额净值 3.0943 元"
508091,2025-12-31,2026-03-27,fund_shares,400000000.0,shares,https://www.sse.com.cn/disclosure/fund/announcement/c/new/2026-03-27/508091_20260327_D09K.pdf,350524807dfc6f40a514fff6c97678e8a7f40afcd8d43b1e8873ab3829ec72a1,machine_extracted_official_pdf,"报告期末基金份额总额 400,000,000.00 份；期末账面基金份额净值 5.7473 元"
508091,2025-12-31,2026-03-27,nav_per_unit,5.7473,RMB_per_unit,https://www.sse.com.cn/disclosure/fund/announcement/c/new/2026-03-27/508091_20260327_D09K.pdf,350524807dfc6f40a514fff6c97678e8a7f40afcd8d43b1e8873ab3829ec72a1,machine_extracted_official_pdf,"报告期末基金份额总额 400,000,000.00 份；期末账面基金份额净值 5.7473 元"
508092,2025-12-31,2026-03-27,fund_shares,400000000.0,shares,https://www.sse.com.cn/disclosure/fund/announcement/c/new/2026-03-27/508092_20260327_3BKZ.pdf,f4cba9c095498beed3d63ee9fa6c16b2a9b2bf35e529c6892028958bcd1c1cbd,machine_extracted_official_pdf,"报告期末基金份额总额 400,000,000.00 份；期末账面基金份额净值 2.8023 元"
508092,2025-12-31,2026-03-27,nav_per_unit,2.8023,RMB_per_unit,https://www.sse.com.cn/disclosure/fund/announcement/c/new/2026-03-27/508092_20260327_3BKZ.pdf,f4cba9c095498beed3d63ee9fa6c16b2a9b2bf35e529c6892028958bcd1c1cbd,machine_extracted_official_pdf,"报告期末基金份额总额 400,000,000.00 份；期末账面基金份额净值 2.8023 元"
508096,2023-12-31,2024-03-29,fund_shares,300000000.0,shares,https://www.sse.com.cn/disclosure/fund/announcement/c/new/2024-03-29/508096_20240329_JKFX.pdf,14432273b468e2b4adfbc4a27cb73a295dc8366d7bd3991c0cd4c6e12ccc3822,machine_extracted_official_pdf,"报告期末基金份额总额 300,000,000.00 份；期末账面基金份额净值 9.1272 元"
508096,2023-12-31,2024-03-29,nav_per_unit,9.1272,RMB_per_unit,https://www.sse.com.cn/disclosure/fund/announcement/c/new/2024-03-29/508096_20240329_JKFX.pdf,14432273b468e2b4adfbc4a27cb73a295dc8366d7bd3991c0cd4c6e12ccc3822,machine_extracted_official_pdf,"报告期末基金份额总额 300,000,000.00 份；期末账面基金份额净值 9.1272 元"
508096,2024-12-31,2025-03-31,fund_shares,300000000.0,shares,https://www.sse.com.cn/disclosure/fund/announcement/c/new/2025-03-31/508096_20250331_JKSV.pdf,3abd4a3b609403f418df2ef492622412d471593beda4b3be3439e18def243ce1,machine_extracted_official_pdf,"报告期末基金份额总额 300,000,000.00 份；期末账面基金份额净值 8.5312 元"
508096,2024-12-31,2025-03-31,nav_per_unit,8.5312,RMB_per_unit,https://www.sse.com.cn/disclosure/fund/announcement/c/new/2025-03-31/508096_20250331_JKSV.pdf,3abd4a3b609403f418df2ef492622412d471593beda4b3be3439e18def243ce1,machine_extracted_official_pdf,"报告期末基金份额总额 300,000,000.00 份；期末账面基金份额净值 8.5312 元"
508096,2025-12-31,2026-03-31,fund_shares,600880354.0,shares,https://www.sse.com.cn/disclosure/fund/announcement/c/new/2026-03-31/508096_20260331_UYPB.pdf,325753e551cf36ac6fc8851ff6ca3bbd48e4c3f9c8df9488dff23670e24913e7,machine_extracted_official_pdf,"报告期末基金份额总额 600,880,354.00 份；期末账面基金份额净值 8.8388 元"
508096,2025-12-31,2026-03-31,nav_per_unit,8.8388,RMB_per_unit,https://www.sse.com.cn/disclosure/fund/announcement/c/new/2026-03-31/508096_20260331_UYPB.pdf,325753e551cf36ac6fc8851ff6ca3bbd48e4c3f9c8df9488dff23670e24913e7,machine_extracted_official_pdf,"报告期末基金份额总额 600,880,354.00 份；期末账面基金份额净值 8.8388 元"
508097,2025-12-31,2026-03-31,fund_shares,400000000.0,shares,https://www.sse.com.cn/disclosure/fund/announcement/c/new/2026-03-31/508097_20260331_3JIZ.pdf,afdbc96c288f8887ba3710b56849c5d309d5705a6ada2d0e002f98d56693b0d9,machine_extracted_official_pdf,"报告期末基金份额总额 400,000,000.00 份；期末账面基金份额净值 2.5185 元"
508097,2025-12-31,2026-03-31,nav_per_unit,2.5185,RMB_per_unit,https://www.sse.com.cn/disclosure/fund/announcement/c/new/2026-03-31/508097_20260331_3JIZ.pdf,afdbc96c288f8887ba3710b56849c5d309d5705a6ada2d0e002f98d56693b0d9,machine_extracted_official_pdf,"报告期末基金份额总额 400,000,000.00 份；期末账面基金份额净值 2.5185 元"
508098,2023-12-31,2024-03-30,fund_shares,500000000.0,shares,https://www.sse.com.cn/disclosure/fund/announcement/c/new/2024-03-30/508098_20240330_TEEP.pdf,56433e637bd9982aded8f20a1783bb0989c3efceb2b9bd1c7526c6dc8a253515,machine_extracted_official_pdf,"报告期末基金份额总额 500,000,000.00 份；期末账面基金份额净值 3.3763 元"
508098,2023-12-31,2024-03-30,nav_per_unit,3.3763,RMB_per_unit,https://www.sse.com.cn/disclosure/fund/announcement/c/new/2024-03-30/508098_20240330_TEEP.pdf,56433e637bd9982aded8f20a1783bb0989c3efceb2b9bd1c7526c6dc8a253515,machine_extracted_official_pdf,"报告期末基金份额总额 500,000,000.00 份；期末账面基金份额净值 3.3763 元"
508098,2024-12-31,2025-03-28,fund_shares,500000000.0,shares,https://www.sse.com.cn/disclosure/fund/announcement/c/new/2025-03-28/508098_20250328_S5MT.pdf,34eed72bb0379ceede4361bf916da6630539ecc99683ec3afc8975f0d66b625d,machine_extracted_official_pdf,"报告期末基金份额总额 500,000,000.00 份；期末账面基金份额净值 3.2269 元"
508098,2024-12-31,2025-03-28,nav_per_unit,3.2269,RMB_per_unit,https://www.sse.com.cn/disclosure/fund/announcement/c/new/2025-03-28/508098_20250328_S5MT.pdf,34eed72bb0379ceede4361bf916da6630539ecc99683ec3afc8975f0d66b625d,machine_extracted_official_pdf,"报告期末基金份额总额 500,000,000.00 份；期末账面基金份额净值 3.2269 元"
508098,2025-12-31,2026-03-30,fund_shares,500000000.0,shares,https://www.sse.com.cn/disclosure/fund/announcement/c/new/2026-03-30/508098_20260330_4QPV.pdf,91dd12a5dfa1b8f1c695892e81d0a1538cca03c95a851ab964b26eb60f8a6629,machine_extracted_official_pdf,"报告期末基金份额总额 500,000,000.00 份；期末账面基金份额净值 3.1377 元"
508098,2025-12-31,2026-03-30,nav_per_unit,3.1377,RMB_per_unit,https://www.sse.com.cn/disclosure/fund/announcement/c/new/2026-03-30/508098_20260330_4QPV.pdf,91dd12a5dfa1b8f1c695892e81d0a1538cca03c95a851ab964b26eb60f8a6629,machine_extracted_official_pdf,"报告期末基金份额总额 500,000,000.00 份；期末账面基金份额净值 3.1377 元"
508099,2022-12-31,2023-03-30,fund_shares,900000000.0,shares,https://www.sse.com.cn/disclosure/fund/announcement/c/new/2023-03-30/508099_20230330_TB69.pdf,f461b684b3d735cb8afb6dc9aac9602845e4aadb3565af58f71d25db32d66119,machine_extracted_official_pdf,"报告期末基金份额总额 900,000,000.00 份；期末账面基金份额净值 3.2177 元"
508099,2022-12-31,2023-03-30,nav_per_unit,3.2177,RMB_per_unit,https://www.sse.com.cn/disclosure/fund/announcement/c/new/2023-03-30/508099_20230330_TB69.pdf,f461b684b3d735cb8afb6dc9aac9602845e4aadb3565af58f71d25db32d66119,machine_extracted_official_pdf,"报告期末基金份额总额 900,000,000.00 份；期末账面基金份额净值 3.2177 元"
508099,2023-12-31,2024-03-30,fund_shares,900000000.0,shares,https://www.sse.com.cn/disclosure/fund/announcement/c/new/2024-03-30/508099_20240330_RVW4.pdf,8a707d95a6371035de07f2e20dd7270fe5081d3041f6eed5a4e976e3fa59f672,machine_extracted_official_pdf,"报告期末基金份额总额 900,000,000.00 份；期末账面基金份额净值 2.641 元"
508099,2023-12-31,2024-03-30,nav_per_unit,2.641,RMB_per_unit,https://www.sse.com.cn/disclosure/fund/announcement/c/new/2024-03-30/508099_20240330_RVW4.pdf,8a707d95a6371035de07f2e20dd7270fe5081d3041f6eed5a4e976e3fa59f672,machine_extracted_official_pdf,"报告期末基金份额总额 900,000,000.00 份；期末账面基金份额净值 2.641 元"
508099,2024-12-31,2025-03-31,fund_shares,900000000.0,shares,https://www.sse.com.cn/disclosure/fund/announcement/c/new/2025-03-31/508099_20250331_62GJ.pdf,d4b577ae36a0f492a872259868ae431d16008b99f90466e3d14ba8aa433c6fed,machine_extracted_official_pdf,"报告期末基金份额总额 900,000,000.00 份；期末账面基金份额净值 2.2047 元"
508099,2024-12-31,2025-03-31,nav_per_unit,2.2047,RMB_per_unit,https://www.sse.com.cn/disclosure/fund/announcement/c/new/2025-03-31/508099_20250331_62GJ.pdf,d4b577ae36a0f492a872259868ae431d16008b99f90466e3d14ba8aa433c6fed,machine_extracted_official_pdf,"报告期末基金份额总额 900,000,000.00 份；期末账面基金份额净值 2.2047 元"
508099,2025-12-31,2026-03-31,fund_shares,900000000.0,shares,https://www.sse.com.cn/disclosure/fund/announcement/c/new/2026-03-31/508099_20260331_VDRH.pdf,76d031fff2dc4c02ad81cb01960eba1185b10e16d99bdbe5f6175ecc2d5710f9,machine_extracted_official_pdf,"报告期末基金份额总额 900,000,000.00 份；期末账面基金份额净值 2.0849 元"
508099,2025-12-31,2026-03-31,nav_per_unit,2.0849,RMB_per_unit,https://www.sse.com.cn/disclosure/fund/announcement/c/new/2026-03-31/508099_20260331_VDRH.pdf,76d031fff2dc4c02ad81cb01960eba1185b10e16d99bdbe5f6175ecc2d5710f9,machine_extracted_official_pdf,"报告期末基金份额总额 900,000,000.00 份；期末账面基金份额净值 2.0849 元"
