symbol,asset_type,period_end,publication_date,entry_date,operating_surprise_pct,horizon_trading_days,exit_date,return_pct,benchmark_return_pct,excess_return_pct
180401,gas_power,2023-12-31,2024-01-19,2024-03-20,-36.74215134942946,20,2024-04-19,0.5516549648946878,1.0175996491035733,-0.46594468420888546
180401,gas_power,2023-12-31,2024-01-19,2024-03-20,-36.74215134942946,60,2024-06-20,1.2662988966900768,2.066999287241611,-0.8007003905515342
180401,gas_power,2024-03-31,2024-04-19,2024-04-22,2.742266904709378,20,2024-05-23,-1.9825436408977493,0.5288720992984386,-2.511415740196188
180401,gas_power,2024-03-31,2024-04-19,2024-04-22,2.742266904709378,60,2024-07-19,-1.1471321695760595,0.9422558014031246,-2.089387970979184
180201,toll_road,2024-06-30,2024-07-19,2024-07-22,-4.320455113778443,20,2024-08-19,4.274078428079586,3.5428473479532485,0.7312310801263378
180201,toll_road,2024-06-30,2024-07-19,2024-07-22,-4.320455113778443,60,2024-10-23,-1.889327399445806,0.2646154505426157,-2.1539428499884217
180301,logistics,2024-06-30,2024-07-19,2024-07-22,0.3434343434343461,20,2024-08-19,2.4908125765618516,3.5428473479532485,-1.052034771391397
180301,logistics,2024-06-30,2024-07-19,2024-07-22,0.3434343434343461,60,2024-10-23,-0.7349938750510376,0.2646154505426157,-0.9996093255936533
180401,gas_power,2024-06-30,2024-07-18,2024-07-19,-3.8785805517211998,20,2024-08-16,2.6488395560040345,3.677170321739043,-1.0283307657350083
180401,gas_power,2024-06-30,2024-07-18,2024-07-19,-3.8785805517211998,60,2024-10-22,-2.787588294651866,0.23309774066271327,-3.0206860353145792
180201,toll_road,2024-09-30,2024-10-25,2024-10-28,2.335097305254146,20,2024-11-25,-0.02557544757033625,-0.5199918684399174,0.49441642086958115
180201,toll_road,2024-09-30,2024-10-25,2024-10-28,2.335097305254146,60,2025-01-21,3.04347826086957,7.204990210029649,-4.161511949160079
180301,logistics,2024-09-30,2024-10-25,2024-10-28,-3.101010101010088,20,2024-11-25,-3.6625514403292203,-0.5199918684399174,-3.142559571889303
180301,logistics,2024-09-30,2024-10-25,2024-10-28,-3.101010101010088,60,2025-01-21,0.16460905349793276,7.204990210029649,-7.0403811565317165
180401,gas_power,2024-09-30,2024-10-24,2024-10-25,-7.4041362507801445,20,2024-11-22,1.9399896533885075,-0.2977369847168898,2.2377266381053973
180401,gas_power,2024-09-30,2024-10-24,2024-10-25,-7.4041362507801445,60,2025-01-20,3.4661148473874803,7.172462541902713,-3.706347694515233
508018,toll_road,2024-09-30,2024-10-25,2024-10-28,12.531242342563099,20,2024-11-25,0.9814418272662273,-0.5199918684399174,1.5014336957061447
508018,toll_road,2024-09-30,2024-10-25,2024-10-28,12.531242342563099,60,2025-01-21,0.7673090649536141,7.204990210029649,-6.437681145076035
508028,wind,2024-09-30,2024-10-25,2024-10-28,72.95401056512397,20,2024-11-25,0.28619980323763006,-0.5199918684399174,0.8061916716775475
508028,wind,2024-09-30,2024-10-25,2024-10-28,72.95401056512397,60,2025-01-21,8.746981486450235,7.204990210029649,1.5419912764205845
508056,logistics,2024-09-30,2024-10-25,2024-10-28,-1.76408203149504,20,2024-11-25,-3.4378920953575864,-0.5199918684399174,-2.917900226917669
508056,logistics,2024-09-30,2024-10-25,2024-10-28,-1.76408203149504,60,2025-01-21,0.37641154328733606,7.204990210029649,-6.828578666742313
508096,mixed_energy,2024-09-30,2024-10-24,2024-10-25,-25.08278145695364,20,2024-11-22,1.534400263982838,-0.2977369847168898,1.8321372486997278
508096,mixed_energy,2024-09-30,2024-10-24,2024-10-25,-25.08278145695364,60,2025-01-20,8.117472364296319,7.172462541902713,0.9450098223936054
180201,toll_road,2024-12-31,2025-01-22,2025-01-23,0.14255051869266344,20,2025-02-28,-0.057490144546645805,1.5091225277802378,-1.5666126723268836
180201,toll_road,2024-12-31,2025-01-22,2025-01-23,0.14255051869266344,60,2025-04-28,-0.016425755584759116,3.3385405920554945,-3.3549663476402536
180301,logistics,2024-12-31,2025-01-22,2025-01-23,6.439445736726006,20,2025-02-28,1.19236883942766,1.5091225277802378,-0.3167536883525779
180301,logistics,2024-12-31,2025-01-22,2025-01-23,6.439445736726006,60,2025-04-28,-2.6232114467408474,3.3385405920554945,-5.961752038796342
180401,gas_power,2024-12-31,2025-01-21,2025-01-22,12.762724498922292,20,2025-02-27,1.6182828906732505,2.5259150400931185,-0.907632149419868
180401,gas_power,2024-12-31,2025-01-21,2025-01-22,12.762724498922292,60,2025-04-25,1.6924027177269707,4.443282801881865,-2.750880084154894
508018,toll_road,2024-12-31,2025-01-22,2025-01-23,1.9670157570075455,20,2025-02-28,5.356831268539519,1.5091225277802378,3.8477087407592814
508018,toll_road,2024-12-31,2025-01-22,2025-01-23,1.9670157570075455,60,2025-04-28,8.358052695864604,3.3385405920554945,5.0195121038091095
508028,wind,2024-12-31,2025-01-22,2025-01-23,-20.48217387193591,20,2025-02-28,-1.0496338486574386,1.5091225277802378,-2.5587563764376764
508028,wind,2024-12-31,2025-01-22,2025-01-23,-20.48217387193591,60,2025-04-28,2.351505288852729,3.3385405920554945,-0.9870353032027657
508056,logistics,2024-12-31,2025-01-22,2025-01-23,-0.5400164304885822,20,2025-02-28,3.1272904959687375,1.5091225277802378,1.6181679681884997
508056,logistics,2024-12-31,2025-01-22,2025-01-23,-0.5400164304885822,60,2025-04-28,2.638651355973609,3.3385405920554945,-0.6998892360818854
508096,mixed_energy,2024-12-31,2025-01-21,2025-01-22,-26.18811746824449,20,2025-02-27,6.653380346466342,2.5259150400931185,4.127465306373224
508096,mixed_energy,2024-12-31,2025-01-21,2025-01-22,-26.18811746824449,60,2025-04-25,6.745362563237789,4.443282801881865,2.302079761355924
180201,toll_road,2025-03-31,2025-04-22,2025-04-23,2.537072531684184,20,2025-05-26,1.5028332101502784,2.567886381366846,-1.0650531712165678
180201,toll_road,2025-03-31,2025-04-22,2025-04-23,2.537072531684184,60,2025-07-22,1.7409871068407634,2.8235471045483074,-1.082559997707544
180301,logistics,2025-03-31,2025-04-22,2025-04-23,11.701779178468346,20,2025-05-26,2.8548451950140663,2.567886381366846,0.2869588136472201
180301,logistics,2025-03-31,2025-04-22,2025-04-23,11.701779178468346,60,2025-07-22,4.744672295938868,2.8235471045483074,1.9211251913905603
180401,gas_power,2025-03-31,2025-04-21,2025-04-22,-6.231728700714211,20,2025-05-23,-2.3225345402572706,2.1293345829428434,-4.4518691232001135
180401,gas_power,2025-03-31,2025-04-21,2025-04-22,-6.231728700714211,60,2025-07-21,-2.1796093377799086,3.046860356138703,-5.226469693918611
508018,toll_road,2025-03-31,2025-04-22,2025-04-23,13.208577039586078,20,2025-05-26,4.5021784734548875,2.567886381366846,1.9342920920880413
508018,toll_road,2025-03-31,2025-04-22,2025-04-23,13.208577039586078,60,2025-07-22,5.002420526060991,2.8235471045483074,2.1788734215126837
508028,wind,2025-03-31,2025-04-22,2025-04-23,-18.07402323733779,20,2025-05-26,2.7990430622009566,2.567886381366846,0.23115668083411034
508028,wind,2025-03-31,2025-04-22,2025-04-23,-18.07402323733779,60,2025-07-22,2.5677830940988855,2.8235471045483074,-0.2557640104494219
508056,logistics,2025-03-31,2025-04-22,2025-04-23,8.872221798369104,20,2025-05-26,2.3118660061335117,2.567886381366846,-0.25602037523333454
508056,logistics,2025-03-31,2025-04-22,2025-04-23,8.872221798369104,60,2025-07-22,2.4769992922859307,2.8235471045483074,-0.34654781226237663
508096,mixed_energy,2025-03-31,2025-04-22,2025-04-23,-10.126874577383939,20,2025-05-26,-0.33173348390739266,2.567886381366846,-2.899619865274239
508096,mixed_energy,2025-03-31,2025-04-22,2025-04-23,-10.126874577383939,60,2025-07-22,-1.122247317899483,2.8235471045483074,-3.9457944224477903
180201,toll_road,2025-06-30,2025-07-21,2025-07-22,6.475429087693806,20,2025-08-19,-1.9856324158527672,-3.649161296220127,1.6635288803673598
180201,toll_road,2025-06-30,2025-07-21,2025-07-22,6.475429087693806,60,2025-10-22,-3.1156671240616607,-5.682160976278627,2.5664938522169667
180301,logistics,2025-06-30,2025-07-18,2025-07-21,9.803605106898017,20,2025-08-18,0.38124285169651717,-3.364225882438543,3.74546873413506
180301,logistics,2025-06-30,2025-07-18,2025-07-21,9.803605106898017,60,2025-10-21,1.601219977125412,-6.170930687306154,7.772150664431566
180401,gas_power,2025-06-30,2025-07-18,2025-07-21,-7.672264069896163,20,2025-08-18,0.7427249482527598,-3.364225882438543,4.106950830691303
180401,gas_power,2025-06-30,2025-07-18,2025-07-21,-7.672264069896163,60,2025-10-21,-1.5463289906246014,-6.170930687306154,4.624601696681552
508018,toll_road,2025-06-30,2025-07-21,2025-07-22,1.8065969211036896,20,2025-08-19,-2.7047794682649395,-3.649161296220127,0.9443818279551874
508018,toll_road,2025-06-30,2025-07-21,2025-07-22,1.8065969211036896,60,2025-10-22,-4.67189180882126,-5.682160976278627,1.0102691674573672
508028,wind,2025-06-30,2025-07-21,2025-07-22,38.772624871916435,20,2025-08-19,-0.9640802363551582,-3.649161296220127,2.685081059864969
508028,wind,2025-06-30,2025-07-21,2025-07-22,38.772624871916435,60,2025-10-22,-1.516093920074646,-5.682160976278627,4.166067056203982
508056,logistics,2025-06-30,2025-07-21,2025-07-22,8.765787771649938,20,2025-08-19,-2.992633517495391,-3.649161296220127,0.6565277787247359
508056,logistics,2025-06-30,2025-07-21,2025-07-22,8.765787771649938,60,2025-10-22,-5.386740331491713,-5.682160976278627,0.29542064478691454
508096,mixed_energy,2025-06-30,2025-07-21,2025-07-22,-23.785237436007975,20,2025-08-19,-0.9351131415518577,-3.649161296220127,2.7140481546682693
508096,mixed_energy,2025-06-30,2025-07-21,2025-07-22,-23.785237436007975,60,2025-10-22,-6.081804554215154,-5.682160976278627,-0.39964357793652594
180201,toll_road,2025-09-30,2025-10-28,2025-10-29,-0.3781309386133045,20,2025-11-26,0.24750433132578742,-0.790912115594844,1.0384164469206314
180201,toll_road,2025-09-30,2025-10-28,2025-10-29,-0.3781309386133045,60,2026-01-23,-3.8115667024172906,-0.4220732924568704,-3.38949340996042
180301,logistics,2025-09-30,2025-10-28,2025-10-29,8.488178461615522,20,2025-11-26,2.4426350851221246,-0.790912115594844,3.2335472007169686
180301,logistics,2025-09-30,2025-10-28,2025-10-29,8.488178461615522,60,2026-01-23,6.476683937823835,-0.4220732924568704,6.898757230280705
180401,gas_power,2025-09-30,2025-10-27,2025-10-28,0.6138325260187534,20,2025-11-25,-2.825342465753422,-0.8614446350295624,-1.9638978307238597
180401,gas_power,2025-09-30,2025-10-27,2025-10-28,0.6138325260187534,60,2026-01-22,-5.295988258317019,-0.5765199161425705,-4.719468342174449
508018,toll_road,2025-09-30,2025-10-28,2025-10-29,-9.90092995619732,20,2025-11-26,3.906872907032377,-0.790912115594844,4.697785022627221
508018,toll_road,2025-09-30,2025-10-28,2025-10-29,-9.90092995619732,60,2026-01-23,5.788550470419396,-0.4220732924568704,6.210623762876266
508026,hydropower,2025-09-30,2025-10-28,2025-10-29,-21.06248554477417,20,2025-11-26,1.4585635359116056,-0.790912115594844,2.2494756515064496
508026,hydropower,2025-09-30,2025-10-28,2025-10-29,-21.06248554477417,60,2026-01-23,-3.8011049723757018,-0.4220732924568704,-3.3790316799188314
508028,wind,2025-09-30,2025-10-28,2025-10-29,-27.69439515954786,20,2025-11-26,-0.5685801074850061,-0.790912115594844,0.2223320081098379
508028,wind,2025-09-30,2025-10-28,2025-10-29,-27.69439515954786,60,2026-01-23,-1.7057403224550294,-0.4220732924568704,-1.283667029998159
508056,logistics,2025-09-30,2025-10-28,2025-10-29,3.8856544154048955,20,2025-11-26,-3.6895064686152557,-0.790912115594844,-2.8985943530204117
508056,logistics,2025-09-30,2025-10-28,2025-10-29,3.8856544154048955,60,2026-01-23,-1.3655965500718792,-0.4220732924568704,-0.9435232576150088
508096,mixed_energy,2025-09-30,2025-10-27,2025-10-28,-0.6071373172274335,20,2025-11-25,-0.9516728624535342,-0.8614446350295624,-0.09022822742397185
508096,mixed_energy,2025-09-30,2025-10-27,2025-10-28,-0.6071373172274335,60,2026-01-23,-6.483271375464684,-0.18010291595198513,-6.3031684595126976
180201,toll_road,2025-12-31,2026-01-22,2026-01-23,-0.13944221004784652,20,2026-03-02,-0.32592846727850233,-1.5541617741119396,1.2282333068334372
180201,toll_road,2025-12-31,2026-01-22,2026-01-23,-0.13944221004784652,60,2026-04-28,0.017154129856744582,-3.002357972716252,3.0195121025729965
180301,logistics,2025-12-31,2026-01-22,2026-01-23,-0.015603596301325018,20,2026-03-02,-0.48661800486616835,-1.5541617741119396,1.0675437692457712
180301,logistics,2025-12-31,2026-01-22,2026-01-23,-0.015603596301325018,60,2026-04-28,-2.259297879735833,-3.002357972716252,0.7430600929804188
180401,gas_power,2025-12-31,2026-01-21,2026-01-22,-2.9902630611672105,20,2026-02-27,1.226914632571341,-0.7255475152154078,1.9524621477867488
180401,gas_power,2025-12-31,2026-01-21,2026-01-22,-2.9902630611672105,60,2026-04-27,0.6586594343277685,-2.385584894809978,3.0442443291377463
508018,toll_road,2025-12-31,2026-01-22,2026-01-23,-2.6039584960585267,20,2026-03-02,-1.296352125414535,-1.5541617741119396,0.25780964869740464
508018,toll_road,2025-12-31,2026-01-22,2026-01-23,-2.6039584960585267,60,2026-04-28,1.1154657823334357,-3.002357972716252,4.117823755049688
508026,hydropower,2025-12-31,2026-01-22,2026-01-23,-27.132272754841104,20,2026-03-02,-0.2986446129106368,-1.5541617741119396,1.2555171612013027
508026,hydropower,2025-12-31,2026-01-22,2026-01-23,-27.132272754841104,60,2026-04-28,4.962095106822884,-3.002357972716252,7.964453079539135
508028,wind,2025-12-31,2026-01-22,2026-01-23,16.948970096286928,20,2026-03-02,-0.8003169572107671,-1.5541617741119396,0.7538448169011724
508028,wind,2025-12-31,2026-01-22,2026-01-23,16.948970096286928,60,2026-04-28,-1.0063391442155178,-3.002357972716252,1.996018828500734
508056,logistics,2025-12-31,2026-01-22,2026-01-23,2.3285979020629988,20,2026-03-02,0.7043964051493878,-1.5541617741119396,2.2585581792613274
508056,logistics,2025-12-31,2026-01-22,2026-01-23,2.3285979020629988,60,2026-04-28,-7.554044206946808,-3.002357972716252,-4.551686234230557
508096,mixed_energy,2025-12-31,2026-01-22,2026-01-23,10.60516334675491,20,2026-03-02,1.3992685641596392,-1.5541617741119396,2.9534303382715787
508096,mixed_energy,2025-12-31,2026-01-22,2026-01-23,10.60516334675491,60,2026-04-28,0.37366830974718823,-3.002357972716252,3.37602628246344
180201,toll_road,2026-03-31,2026-04-22,2026-04-23,6.951440974128886,20,2026-05-26,0.1627548398149825,-2.739766081871342,2.9025209216863246
180201,toll_road,2026-03-31,2026-04-22,2026-04-23,6.951440974128886,60,2026-07-22,-2.398492376220651,-7.447368421052625,5.048876044831974
180301,logistics,2026-03-31,2026-04-21,2026-04-22,-1.7496170464383343,20,2026-05-25,-4.154929577464783,-2.5929236209609963,-1.562005956503787
180301,logistics,2026-03-31,2026-04-21,2026-04-22,-1.7496170464383343,60,2026-07-21,-7.3943661971831,-6.87916529038024,-0.5152009068028596
180401,gas_power,2026-03-31,2026-04-21,2026-04-22,30.015838191885443,20,2026-05-25,3.231574913782098,-2.5929236209609963,5.824498534743094
180401,gas_power,2026-03-31,2026-04-21,2026-04-22,30.015838191885443,60,2026-07-21,3.167709796908924,-6.87916529038024,10.046875087289164
508018,toll_road,2026-03-31,2026-04-22,2026-04-23,4.776135186306595,20,2026-05-26,7.022764469572973,-2.739766081871342,9.762530551444314
508018,toll_road,2026-03-31,2026-04-22,2026-04-23,4.776135186306595,60,2026-07-22,3.675048355899424,-7.447368421052625,11.122416776952049
508026,hydropower,2026-03-31,2026-04-22,2026-04-23,53.60983562279521,20,2026-05-26,-0.5770084332001768,-2.739766081871342,2.1627576486711653
508026,hydropower,2026-03-31,2026-04-22,2026-04-23,53.60983562279521,60,2026-07-22,-9.276520195295168,-7.447368421052625,-1.8291517742425434
508028,wind,2026-03-31,2026-04-22,2026-04-23,-20.241566430323854,20,2026-05-26,1.1808824702784548,-2.739766081871342,3.920648552149797
508028,wind,2026-03-31,2026-04-22,2026-04-23,-20.241566430323854,60,2026-07-22,-1.1489667278385074,-7.447368421052625,6.298401693214117
508056,logistics,2026-03-31,2026-04-22,2026-04-23,-5.946309518373617,20,2026-05-26,-8.916863362182015,-2.739766081871342,-6.177097280310672
508056,logistics,2026-03-31,2026-04-22,2026-04-23,-5.946309518373617,60,2026-07-22,-14.896407028586411,-7.447368421052625,-7.449038607533787
508096,mixed_energy,2026-03-31,2026-04-22,2026-04-23,8.820452848613167,20,2026-05-26,1.1800802454566828,-2.739766081871342,3.919846327328025
508096,mixed_energy,2026-03-31,2026-04-22,2026-04-23,8.820452848613167,60,2026-07-22,-1.4790339076390602,-7.447368421052625,5.968334513413565
180201,toll_road,2026-06-30,2026-07-21,2026-07-22,2.329206895907343,20,2026-08-19,-2.6241881692118607,-1.4479933444960458,-1.176194824715815
180301,logistics,2026-06-30,2026-07-21,2026-07-22,-0.3804173120590426,20,2026-08-19,-1.752336448598124,-1.4479933444960458,-0.3043431041020783
180401,gas_power,2026-06-30,2026-07-20,2026-07-21,-23.956587099289948,20,2026-08-18,-0.03714250340473013,-2.8345487360854627,2.7974062326807325
508018,toll_road,2026-06-30,2026-07-21,2026-07-22,1.5242425551798249,20,2026-08-19,1.1337543053960841,-1.4479933444960458,2.58174764989213
508026,hydropower,2026-06-30,2026-07-21,2026-07-22,-17.186306520072506,20,2026-08-19,-2.3727984344422692,-1.4479933444960458,-0.9248050899462235
508028,wind,2026-06-30,2026-07-21,2026-07-22,-22.05259141677518,20,2026-08-19,1.356041649850681,-1.4479933444960458,2.804034994346727
508056,logistics,2026-06-30,2026-07-21,2026-07-22,-0.8226132910951812,20,2026-08-19,-4.530046224961481,-1.4479933444960458,-3.0820528804654357
508096,mixed_energy,2026-06-30,2026-07-21,2026-07-22,23.453048870893042,20,2026-08-19,0.6627804839095974,-1.4479933444960458,2.110773828405643
