symbol,period_end,publication_date,metric,value,unit,source_url,document_type,verification_status,raw_text
180201,2022-12-31,2023-03-30,nav_per_unit,12.2867,RMB_per_unit,https://disc.static.szse.cn/disc/disk03/finalpage/2023-03-29/9e79bd0c-a4db-41b3-92ee-24aff9d77978.PDF,annual_report,machine_extracted_official_pdf,报告截止日 2022-12-31，基金份额净值 12.2867 元
180201,2023-03-31,2023-04-22,distributable_amount_per_unit_quarter,0.2115,RMB_per_unit,https://disc.static.szse.cn/disc/disk03/finalpage/2023-04-21/f9b820c3-c724-4c34-9156-08ebc237a313.PDF,quarterly_report,machine_extracted_official_pdf,"报告期末基金份额总额 700,000,000.00 份；本期可供分配金额 148,030,554.31，单位可供分配金额 0.2115"
180201,2023-03-31,2023-04-22,distributable_amount_quarter,148030554.31,RMB,https://disc.static.szse.cn/disc/disk03/finalpage/2023-04-21/f9b820c3-c724-4c34-9156-08ebc237a313.PDF,quarterly_report,machine_extracted_official_pdf,"报告期末基金份额总额 700,000,000.00 份；本期可供分配金额 148,030,554.31，单位可供分配金额 0.2115"
180201,2023-03-31,2023-04-22,fund_shares,700000000.0,shares,https://disc.static.szse.cn/disc/disk03/finalpage/2023-04-21/f9b820c3-c724-4c34-9156-08ebc237a313.PDF,quarterly_report,machine_extracted_official_pdf,"报告期末基金份额总额 700,000,000.00 份；本期可供分配金额 148,030,554.31，单位可供分配金额 0.2115"
180201,2023-06-30,2023-07-21,distributable_amount_per_unit_quarter,0.1523,RMB_per_unit,https://disc.static.szse.cn/disc/disk03/finalpage/2023-07-20/c06c87b0-093d-438a-a9af-b4e33d5542ac.PDF,quarterly_report,machine_extracted_official_pdf,"报告期末基金份额总额 700,000,000.00 份；本期可供分配金额 106,641,242.72，单位可供分配金额 0.1523"
180201,2023-06-30,2023-07-21,distributable_amount_quarter,106641242.72,RMB,https://disc.static.szse.cn/disc/disk03/finalpage/2023-07-20/c06c87b0-093d-438a-a9af-b4e33d5542ac.PDF,quarterly_report,machine_extracted_official_pdf,"报告期末基金份额总额 700,000,000.00 份；本期可供分配金额 106,641,242.72，单位可供分配金额 0.1523"
180201,2023-06-30,2023-07-21,fund_shares,700000000.0,shares,https://disc.static.szse.cn/disc/disk03/finalpage/2023-07-20/c06c87b0-093d-438a-a9af-b4e33d5542ac.PDF,quarterly_report,machine_extracted_official_pdf,"报告期末基金份额总额 700,000,000.00 份；本期可供分配金额 106,641,242.72，单位可供分配金额 0.1523"
180201,2023-09-30,2023-10-25,distributable_amount_per_unit_quarter,0.2429,RMB_per_unit,https://disc.static.szse.cn/disc/disk03/finalpage/2023-10-24/f8ffdd8e-fb6f-43d4-ab2a-990b5ea38f1d.PDF,quarterly_report,machine_extracted_official_pdf,"报告期末基金份额总额 700,000,000.00 份；本期可供分配金额 170,054,729.10，单位可供分配金额 0.2429"
180201,2023-09-30,2023-10-25,distributable_amount_quarter,170054729.1,RMB,https://disc.static.szse.cn/disc/disk03/finalpage/2023-10-24/f8ffdd8e-fb6f-43d4-ab2a-990b5ea38f1d.PDF,quarterly_report,machine_extracted_official_pdf,"报告期末基金份额总额 700,000,000.00 份；本期可供分配金额 170,054,729.10，单位可供分配金额 0.2429"
180201,2023-09-30,2023-10-25,fund_shares,700000000.0,shares,https://disc.static.szse.cn/disc/disk03/finalpage/2023-10-24/f8ffdd8e-fb6f-43d4-ab2a-990b5ea38f1d.PDF,quarterly_report,machine_extracted_official_pdf,"报告期末基金份额总额 700,000,000.00 份；本期可供分配金额 170,054,729.10，单位可供分配金额 0.2429"
180201,2023-12-31,2024-01-22,distributable_amount_per_unit_quarter,0.17,RMB_per_unit,https://disc.static.szse.cn/disc/disk03/finalpage/2024-01-19/23ba2d9e-ff24-42ea-8320-4e6dd3d3c9be.PDF,quarterly_report,machine_extracted_official_pdf,"报告期末基金份额总额 700,000,000.00 份；本期可供分配金额 118,995,532.79，单位可供分配金额 0.1700"
180201,2023-12-31,2024-01-22,distributable_amount_quarter,118995532.79,RMB,https://disc.static.szse.cn/disc/disk03/finalpage/2024-01-19/23ba2d9e-ff24-42ea-8320-4e6dd3d3c9be.PDF,quarterly_report,machine_extracted_official_pdf,"报告期末基金份额总额 700,000,000.00 份；本期可供分配金额 118,995,532.79，单位可供分配金额 0.1700"
180201,2023-12-31,2024-01-22,fund_shares,700000000.0,shares,https://disc.static.szse.cn/disc/disk03/finalpage/2024-01-19/23ba2d9e-ff24-42ea-8320-4e6dd3d3c9be.PDF,quarterly_report,machine_extracted_official_pdf,"报告期末基金份额总额 700,000,000.00 份；本期可供分配金额 118,995,532.79，单位可供分配金额 0.1700"
180201,2023-12-31,2024-03-29,nav_per_unit,11.6782,RMB_per_unit,https://disc.static.szse.cn/disc/disk03/finalpage/2024-03-29/bfe0b65b-97e5-4b1f-b517-43bf45ffa475.PDF,annual_report,machine_extracted_official_pdf,报告截止日 2023-12-31，基金份额净值 11.6782 元
180201,2024-03-31,2024-04-22,distributable_amount_per_unit_quarter,0.2159,RMB_per_unit,https://disc.static.szse.cn/disc/disk03/finalpage/2024-04-19/617910a5-d264-4041-91c3-e721d71f5a6d.PDF,quarterly_report,machine_extracted_official_pdf,"报告期末基金份额总额 700,000,000.00 份；本期可供分配金额 151,107,642.98，单位可供分配金额 0.2159"
180201,2024-03-31,2024-04-22,distributable_amount_quarter,151107642.98,RMB,https://disc.static.szse.cn/disc/disk03/finalpage/2024-04-19/617910a5-d264-4041-91c3-e721d71f5a6d.PDF,quarterly_report,machine_extracted_official_pdf,"报告期末基金份额总额 700,000,000.00 份；本期可供分配金额 151,107,642.98，单位可供分配金额 0.2159"
180201,2024-03-31,2024-04-22,fund_shares,700000000.0,shares,https://disc.static.szse.cn/disc/disk03/finalpage/2024-04-19/617910a5-d264-4041-91c3-e721d71f5a6d.PDF,quarterly_report,machine_extracted_official_pdf,"报告期末基金份额总额 700,000,000.00 份；本期可供分配金额 151,107,642.98，单位可供分配金额 0.2159"
180201,2024-06-30,2024-07-19,distributable_amount_per_unit_quarter,0.1521,RMB_per_unit,https://disc.static.szse.cn/disc/disk03/finalpage/2024-07-18/132ceba0-2e96-4c29-8c9c-a91976cccb7a.PDF,quarterly_report,machine_extracted_official_pdf,"报告期末基金份额总额 700,000,000.00 份；本期可供分配金额 106,488,338.38，单位可供分配金额 0.1521"
180201,2024-06-30,2024-07-19,distributable_amount_quarter,106488338.38,RMB,https://disc.static.szse.cn/disc/disk03/finalpage/2024-07-18/132ceba0-2e96-4c29-8c9c-a91976cccb7a.PDF,quarterly_report,machine_extracted_official_pdf,"报告期末基金份额总额 700,000,000.00 份；本期可供分配金额 106,488,338.38，单位可供分配金额 0.1521"
180201,2024-06-30,2024-07-19,fund_shares,700000000.0,shares,https://disc.static.szse.cn/disc/disk03/finalpage/2024-07-18/132ceba0-2e96-4c29-8c9c-a91976cccb7a.PDF,quarterly_report,machine_extracted_official_pdf,"报告期末基金份额总额 700,000,000.00 份；本期可供分配金额 106,488,338.38，单位可供分配金额 0.1521"
180201,2024-09-30,2024-10-25,distributable_amount_per_unit_quarter,0.2467,RMB_per_unit,https://disc.static.szse.cn/disc/disk03/finalpage/2024-10-24/bc9dd1c2-216a-4bc0-81d5-a16ae59c000b.PDF,quarterly_report,machine_extracted_official_pdf,"报告期末基金份额总额 700,000,000.00 份；本期可供分配金额 172,717,141.74，单位可供分配金额 0.2467"
180201,2024-09-30,2024-10-25,distributable_amount_quarter,172717141.74,RMB,https://disc.static.szse.cn/disc/disk03/finalpage/2024-10-24/bc9dd1c2-216a-4bc0-81d5-a16ae59c000b.PDF,quarterly_report,machine_extracted_official_pdf,"报告期末基金份额总额 700,000,000.00 份；本期可供分配金额 172,717,141.74，单位可供分配金额 0.2467"
180201,2024-09-30,2024-10-25,fund_shares,700000000.0,shares,https://disc.static.szse.cn/disc/disk03/finalpage/2024-10-24/bc9dd1c2-216a-4bc0-81d5-a16ae59c000b.PDF,quarterly_report,machine_extracted_official_pdf,"报告期末基金份额总额 700,000,000.00 份；本期可供分配金额 172,717,141.74，单位可供分配金额 0.2467"
180201,2024-12-31,2025-01-22,distributable_amount_per_unit_quarter,0.1372,RMB_per_unit,https://disc.static.szse.cn/disc/disk03/finalpage/2025-01-21/20d4c982-7bfa-4832-90b7-389cddd154b1.PDF,quarterly_report,machine_extracted_official_pdf,"报告期末基金份额总额 700,000,000.00 份；本期可供分配金额 96,010,594.72，单位可供分配金额 0.1372"
180201,2024-12-31,2025-01-22,distributable_amount_quarter,96010594.72,RMB,https://disc.static.szse.cn/disc/disk03/finalpage/2025-01-21/20d4c982-7bfa-4832-90b7-389cddd154b1.PDF,quarterly_report,machine_extracted_official_pdf,"报告期末基金份额总额 700,000,000.00 份；本期可供分配金额 96,010,594.72，单位可供分配金额 0.1372"
180201,2024-12-31,2025-01-22,fund_shares,700000000.0,shares,https://disc.static.szse.cn/disc/disk03/finalpage/2025-01-21/20d4c982-7bfa-4832-90b7-389cddd154b1.PDF,quarterly_report,machine_extracted_official_pdf,"报告期末基金份额总额 700,000,000.00 份；本期可供分配金额 96,010,594.72，单位可供分配金额 0.1372"
180201,2024-12-31,2025-03-29,nav_per_unit,10.4979,RMB_per_unit,https://disc.static.szse.cn/disc/disk03/finalpage/2025-03-28/3e1ed818-77b7-478e-b086-afbbca8fe2b1.PDF,annual_report,machine_extracted_official_pdf,报告截止日 2024-12-31，基金份额净值 10.4979 元
180201,2025-03-31,2025-04-22,distributable_amount_per_unit_quarter,0.2158,RMB_per_unit,https://disc.static.szse.cn/disc/disk03/finalpage/2025-04-21/82d28f6c-5509-4872-b707-09c0d9b0b078.PDF,quarterly_report,machine_extracted_official_pdf,"报告期末基金份额总额 700,000,000.00 份；本期可供分配金额 151,036,363.89，单位可供分配金额 0.2158"
180201,2025-03-31,2025-04-22,distributable_amount_quarter,151036363.89,RMB,https://disc.static.szse.cn/disc/disk03/finalpage/2025-04-21/82d28f6c-5509-4872-b707-09c0d9b0b078.PDF,quarterly_report,machine_extracted_official_pdf,"报告期末基金份额总额 700,000,000.00 份；本期可供分配金额 151,036,363.89，单位可供分配金额 0.2158"
180201,2025-03-31,2025-04-22,fund_shares,700000000.0,shares,https://disc.static.szse.cn/disc/disk03/finalpage/2025-04-21/82d28f6c-5509-4872-b707-09c0d9b0b078.PDF,quarterly_report,machine_extracted_official_pdf,"报告期末基金份额总额 700,000,000.00 份；本期可供分配金额 151,036,363.89，单位可供分配金额 0.2158"
180201,2025-06-30,2025-07-21,distributable_amount_per_unit_quarter,0.1486,RMB_per_unit,https://disc.static.szse.cn/disc/disk03/finalpage/2025-07-18/4168d84a-8053-469f-95cf-d43588cdbb8d.PDF,quarterly_report,machine_extracted_official_pdf,"报告期末基金份额总额 700,000,000.00 份；本期可供分配金额 104,015,845.26，单位可供分配金额 0.1486"
180201,2025-06-30,2025-07-21,distributable_amount_quarter,104015845.26,RMB,https://disc.static.szse.cn/disc/disk03/finalpage/2025-07-18/4168d84a-8053-469f-95cf-d43588cdbb8d.PDF,quarterly_report,machine_extracted_official_pdf,"报告期末基金份额总额 700,000,000.00 份；本期可供分配金额 104,015,845.26，单位可供分配金额 0.1486"
180201,2025-06-30,2025-07-21,fund_shares,700000000.0,shares,https://disc.static.szse.cn/disc/disk03/finalpage/2025-07-18/4168d84a-8053-469f-95cf-d43588cdbb8d.PDF,quarterly_report,machine_extracted_official_pdf,"报告期末基金份额总额 700,000,000.00 份；本期可供分配金额 104,015,845.26，单位可供分配金额 0.1486"
180201,2025-09-30,2025-10-28,distributable_amount_per_unit_quarter,0.2272,RMB_per_unit,https://disc.static.szse.cn/disc/disk03/finalpage/2025-10-28/551605d8-7a7f-4799-bebe-b3f0a6c1a744.PDF,quarterly_report,machine_extracted_official_pdf,"报告期末基金份额总额 700,000,000.00 份；本期可供分配金额 159,010,052.15，单位可供分配金额 0.2272"
180201,2025-09-30,2025-10-28,distributable_amount_quarter,159010052.15,RMB,https://disc.static.szse.cn/disc/disk03/finalpage/2025-10-28/551605d8-7a7f-4799-bebe-b3f0a6c1a744.PDF,quarterly_report,machine_extracted_official_pdf,"报告期末基金份额总额 700,000,000.00 份；本期可供分配金额 159,010,052.15，单位可供分配金额 0.2272"
180201,2025-09-30,2025-10-28,fund_shares,700000000.0,shares,https://disc.static.szse.cn/disc/disk03/finalpage/2025-10-28/551605d8-7a7f-4799-bebe-b3f0a6c1a744.PDF,quarterly_report,machine_extracted_official_pdf,"报告期末基金份额总额 700,000,000.00 份；本期可供分配金额 159,010,052.15，单位可供分配金额 0.2272"
180201,2025-12-31,2026-01-22,distributable_amount_per_unit_quarter,0.1426,RMB_per_unit,https://disc.static.szse.cn/disc/disk03/finalpage/2026-01-22/92edb498-85ef-4a58-bf5e-13c6b07b00c0.PDF,quarterly_report,machine_extracted_official_pdf,"报告期末基金份额总额 700,000,000.00 份；本期可供分配金额 99,812,867.27，单位可供分配金额 0.1426"
180201,2025-12-31,2026-01-22,distributable_amount_quarter,99812867.27,RMB,https://disc.static.szse.cn/disc/disk03/finalpage/2026-01-22/92edb498-85ef-4a58-bf5e-13c6b07b00c0.PDF,quarterly_report,machine_extracted_official_pdf,"报告期末基金份额总额 700,000,000.00 份；本期可供分配金额 99,812,867.27，单位可供分配金额 0.1426"
180201,2025-12-31,2026-01-22,fund_shares,700000000.0,shares,https://disc.static.szse.cn/disc/disk03/finalpage/2026-01-22/92edb498-85ef-4a58-bf5e-13c6b07b00c0.PDF,quarterly_report,machine_extracted_official_pdf,"报告期末基金份额总额 700,000,000.00 份；本期可供分配金额 99,812,867.27，单位可供分配金额 0.1426"
180201,2025-12-31,2026-03-28,nav_per_unit,10.0063,RMB_per_unit,https://disc.static.szse.cn/disc/disk03/finalpage/2026-03-28/662cc970-bbcc-475f-8595-8ee75a0165af.PDF,annual_report,machine_extracted_official_pdf,报告截止日 2025-12-31，基金份额净值 10.0063 元
180201,2026-03-31,2026-04-22,distributable_amount_per_unit_quarter,0.2148,RMB_per_unit,https://disc.static.szse.cn/disc/disk03/finalpage/2026-04-22/fea51f0b-eace-471b-83f1-471ee5f0291a.PDF,quarterly_report,machine_extracted_official_pdf,"报告期末基金份额总额 700,000,000.00 份；本期可供分配金额 150,366,555.85，单位可供分配金额 0.2148"
180201,2026-03-31,2026-04-22,distributable_amount_quarter,150366555.85,RMB,https://disc.static.szse.cn/disc/disk03/finalpage/2026-04-22/fea51f0b-eace-471b-83f1-471ee5f0291a.PDF,quarterly_report,machine_extracted_official_pdf,"报告期末基金份额总额 700,000,000.00 份；本期可供分配金额 150,366,555.85，单位可供分配金额 0.2148"
180201,2026-03-31,2026-04-22,fund_shares,700000000.0,shares,https://disc.static.szse.cn/disc/disk03/finalpage/2026-04-22/fea51f0b-eace-471b-83f1-471ee5f0291a.PDF,quarterly_report,machine_extracted_official_pdf,"报告期末基金份额总额 700,000,000.00 份；本期可供分配金额 150,366,555.85，单位可供分配金额 0.2148"
180201,2026-06-30,2026-07-21,distributable_amount_per_unit_quarter,0.1417,RMB_per_unit,https://disc.static.szse.cn/disc/disk03/finalpage/2026-07-21/e98b1e02-6b71-4e0c-8200-c51a13b7b40c.PDF,quarterly_report,machine_extracted_official_pdf,"报告期末基金份额总额 700,000,000.00 份；本期可供分配金额 99,170,151.59，单位可供分配金额 0.1417"
180201,2026-06-30,2026-07-21,distributable_amount_quarter,99170151.59,RMB,https://disc.static.szse.cn/disc/disk03/finalpage/2026-07-21/e98b1e02-6b71-4e0c-8200-c51a13b7b40c.PDF,quarterly_report,machine_extracted_official_pdf,"报告期末基金份额总额 700,000,000.00 份；本期可供分配金额 99,170,151.59，单位可供分配金额 0.1417"
180201,2026-06-30,2026-07-21,fund_shares,700000000.0,shares,https://disc.static.szse.cn/disc/disk03/finalpage/2026-07-21/e98b1e02-6b71-4e0c-8200-c51a13b7b40c.PDF,quarterly_report,machine_extracted_official_pdf,"报告期末基金份额总额 700,000,000.00 份；本期可供分配金额 99,170,151.59，单位可供分配金额 0.1417"
180301,2022-12-31,2023-03-31,nav_per_unit,2.3213,RMB_per_unit,https://disc.static.szse.cn/disc/disk03/finalpage/2023-03-30/4203d96c-4082-4593-9439-d84c3fc8d5a2.PDF,annual_report,machine_extracted_official_pdf,报告截止日 2022-12-31，基金份额净值 2.3213 元
180301,2023-03-31,2023-04-21,distributable_amount_per_unit_quarter,0.0294,RMB_per_unit,https://disc.static.szse.cn/disc/disk03/finalpage/2023-04-20/d012845b-857c-47d0-b9f5-226a06534aa5.PDF,quarterly_report,machine_extracted_official_pdf,"报告期末基金份额总额 800,000,000.00 份；本期可供分配金额 23,482,463.89，单位可供分配金额 0.0294"
180301,2023-03-31,2023-04-21,distributable_amount_quarter,23482463.89,RMB,https://disc.static.szse.cn/disc/disk03/finalpage/2023-04-20/d012845b-857c-47d0-b9f5-226a06534aa5.PDF,quarterly_report,machine_extracted_official_pdf,"报告期末基金份额总额 800,000,000.00 份；本期可供分配金额 23,482,463.89，单位可供分配金额 0.0294"
180301,2023-03-31,2023-04-21,fund_shares,800000000.0,shares,https://disc.static.szse.cn/disc/disk03/finalpage/2023-04-20/d012845b-857c-47d0-b9f5-226a06534aa5.PDF,quarterly_report,machine_extracted_official_pdf,"报告期末基金份额总额 800,000,000.00 份；本期可供分配金额 23,482,463.89，单位可供分配金额 0.0294"
180301,2023-06-30,2023-07-21,distributable_amount_per_unit_quarter,0.0239,RMB_per_unit,https://disc.static.szse.cn/disc/disk03/finalpage/2023-07-20/6f9150b7-6284-4d7d-a7b7-e5b1aaf2d4db.PDF,quarterly_report,machine_extracted_official_pdf,"报告期末基金份额总额 953,629,628.00 份；本期可供分配金额 22,802,079.94，单位可供分配金额 0.0239"
180301,2023-06-30,2023-07-21,distributable_amount_quarter,22802079.94,RMB,https://disc.static.szse.cn/disc/disk03/finalpage/2023-07-20/6f9150b7-6284-4d7d-a7b7-e5b1aaf2d4db.PDF,quarterly_report,machine_extracted_official_pdf,"报告期末基金份额总额 953,629,628.00 份；本期可供分配金额 22,802,079.94，单位可供分配金额 0.0239"
180301,2023-06-30,2023-07-21,fund_shares,953629628.0,shares,https://disc.static.szse.cn/disc/disk03/finalpage/2023-07-20/6f9150b7-6284-4d7d-a7b7-e5b1aaf2d4db.PDF,quarterly_report,machine_extracted_official_pdf,"报告期末基金份额总额 953,629,628.00 份；本期可供分配金额 22,802,079.94，单位可供分配金额 0.0239"
180301,2023-09-30,2023-10-25,distributable_amount_per_unit_quarter,0.0282,RMB_per_unit,https://disc.static.szse.cn/disc/disk03/finalpage/2023-10-24/1acd47f8-9d1a-4493-b524-0f3d6db28751.PDF,quarterly_report,machine_extracted_official_pdf,"报告期末基金份额总额 953,629,628.00 份；本期可供分配金额 26,858,458.32，单位可供分配金额 0.0282"
180301,2023-09-30,2023-10-25,distributable_amount_quarter,26858458.32,RMB,https://disc.static.szse.cn/disc/disk03/finalpage/2023-10-24/1acd47f8-9d1a-4493-b524-0f3d6db28751.PDF,quarterly_report,machine_extracted_official_pdf,"报告期末基金份额总额 953,629,628.00 份；本期可供分配金额 26,858,458.32，单位可供分配金额 0.0282"
180301,2023-09-30,2023-10-25,fund_shares,953629628.0,shares,https://disc.static.szse.cn/disc/disk03/finalpage/2023-10-24/1acd47f8-9d1a-4493-b524-0f3d6db28751.PDF,quarterly_report,machine_extracted_official_pdf,"报告期末基金份额总额 953,629,628.00 份；本期可供分配金额 26,858,458.32，单位可供分配金额 0.0282"
180301,2023-12-31,2024-01-20,distributable_amount_per_unit_quarter,0.024,RMB_per_unit,https://disc.static.szse.cn/disc/disk03/finalpage/2024-01-19/0d4f700b-f6e8-464d-a2f9-33fa66600ac7.PDF,quarterly_report,machine_extracted_official_pdf,"报告期末基金份额总额 953,629,628.00 份；本期可供分配金额 22,891,517.34，单位可供分配金额 0.0240"
180301,2023-12-31,2024-01-20,distributable_amount_quarter,22891517.34,RMB,https://disc.static.szse.cn/disc/disk03/finalpage/2024-01-19/0d4f700b-f6e8-464d-a2f9-33fa66600ac7.PDF,quarterly_report,machine_extracted_official_pdf,"报告期末基金份额总额 953,629,628.00 份；本期可供分配金额 22,891,517.34，单位可供分配金额 0.0240"
180301,2023-12-31,2024-01-20,fund_shares,953629628.0,shares,https://disc.static.szse.cn/disc/disk03/finalpage/2024-01-19/0d4f700b-f6e8-464d-a2f9-33fa66600ac7.PDF,quarterly_report,machine_extracted_official_pdf,"报告期末基金份额总额 953,629,628.00 份；本期可供分配金额 22,891,517.34，单位可供分配金额 0.0240"
180301,2023-12-31,2024-03-30,nav_per_unit,2.2931,RMB_per_unit,https://disc.static.szse.cn/disc/disk03/finalpage/2024-03-30/3cbbbcb9-addc-4866-b181-ec8018385cdc.PDF,annual_report,machine_extracted_official_pdf,报告截止日 2023-12-31，基金份额净值 2.2931 元
180301,2024-03-31,2024-04-20,distributable_amount_per_unit_quarter,0.0265,RMB_per_unit,https://disc.static.szse.cn/disc/disk03/finalpage/2024-04-19/08686eb4-8cd8-4c56-9f85-a9844caa0f99.PDF,quarterly_report,machine_extracted_official_pdf,"报告期末基金份额总额 953,629,628.00 份；本期可供分配金额 25,266,118.20，单位可供分配金额 0.0265"
180301,2024-03-31,2024-04-20,distributable_amount_quarter,25266118.2,RMB,https://disc.static.szse.cn/disc/disk03/finalpage/2024-04-19/08686eb4-8cd8-4c56-9f85-a9844caa0f99.PDF,quarterly_report,machine_extracted_official_pdf,"报告期末基金份额总额 953,629,628.00 份；本期可供分配金额 25,266,118.20，单位可供分配金额 0.0265"
180301,2024-03-31,2024-04-20,fund_shares,953629628.0,shares,https://disc.static.szse.cn/disc/disk03/finalpage/2024-04-19/08686eb4-8cd8-4c56-9f85-a9844caa0f99.PDF,quarterly_report,machine_extracted_official_pdf,"报告期末基金份额总额 953,629,628.00 份；本期可供分配金额 25,266,118.20，单位可供分配金额 0.0265"
180301,2024-06-30,2024-07-19,distributable_amount_per_unit_quarter,0.0237,RMB_per_unit,https://disc.static.szse.cn/disc/disk03/finalpage/2024-07-18/bafd41bf-16ad-4a51-a0e3-0715b4a8fd7f.PDF,quarterly_report,machine_extracted_official_pdf,"报告期末基金份额总额 953,629,628.00 份；本期可供分配金额 22,582,801.56，单位可供分配金额 0.0237"
180301,2024-06-30,2024-07-19,distributable_amount_quarter,22582801.56,RMB,https://disc.static.szse.cn/disc/disk03/finalpage/2024-07-18/bafd41bf-16ad-4a51-a0e3-0715b4a8fd7f.PDF,quarterly_report,machine_extracted_official_pdf,"报告期末基金份额总额 953,629,628.00 份；本期可供分配金额 22,582,801.56，单位可供分配金额 0.0237"
180301,2024-06-30,2024-07-19,fund_shares,953629628.0,shares,https://disc.static.szse.cn/disc/disk03/finalpage/2024-07-18/bafd41bf-16ad-4a51-a0e3-0715b4a8fd7f.PDF,quarterly_report,machine_extracted_official_pdf,"报告期末基金份额总额 953,629,628.00 份；本期可供分配金额 22,582,801.56，单位可供分配金额 0.0237"
180301,2024-09-30,2024-10-25,distributable_amount_per_unit_quarter,0.0254,RMB_per_unit,https://disc.static.szse.cn/disc/disk03/finalpage/2024-10-24/3b3b6375-766a-4574-899b-27ee0abc5ce7.PDF,quarterly_report,machine_extracted_official_pdf,"报告期末基金份额总额 953,629,628.00 份；本期可供分配金额 24,261,215.04，单位可供分配金额 0.0254"
180301,2024-09-30,2024-10-25,distributable_amount_quarter,24261215.04,RMB,https://disc.static.szse.cn/disc/disk03/finalpage/2024-10-24/3b3b6375-766a-4574-899b-27ee0abc5ce7.PDF,quarterly_report,machine_extracted_official_pdf,"报告期末基金份额总额 953,629,628.00 份；本期可供分配金额 24,261,215.04，单位可供分配金额 0.0254"
180301,2024-09-30,2024-10-25,fund_shares,953629628.0,shares,https://disc.static.szse.cn/disc/disk03/finalpage/2024-10-24/3b3b6375-766a-4574-899b-27ee0abc5ce7.PDF,quarterly_report,machine_extracted_official_pdf,"报告期末基金份额总额 953,629,628.00 份；本期可供分配金额 24,261,215.04，单位可供分配金额 0.0254"
180301,2024-12-31,2025-01-22,distributable_amount_per_unit_quarter,0.0238,RMB_per_unit,https://disc.static.szse.cn/disc/disk03/finalpage/2025-01-21/9e9775f1-dd8e-4700-9128-69bf453d3bef.PDF,quarterly_report,machine_extracted_official_pdf,"报告期末基金份额总额 953,629,628.00 份；本期可供分配金额 22,664,719.16，单位可供分配金额 0.0238"
180301,2024-12-31,2025-01-22,distributable_amount_quarter,22664719.16,RMB,https://disc.static.szse.cn/disc/disk03/finalpage/2025-01-21/9e9775f1-dd8e-4700-9128-69bf453d3bef.PDF,quarterly_report,machine_extracted_official_pdf,"报告期末基金份额总额 953,629,628.00 份；本期可供分配金额 22,664,719.16，单位可供分配金额 0.0238"
180301,2024-12-31,2025-01-22,fund_shares,953629628.0,shares,https://disc.static.szse.cn/disc/disk03/finalpage/2025-01-21/9e9775f1-dd8e-4700-9128-69bf453d3bef.PDF,quarterly_report,machine_extracted_official_pdf,"报告期末基金份额总额 953,629,628.00 份；本期可供分配金额 22,664,719.16，单位可供分配金额 0.0238"
180301,2024-12-31,2025-03-31,nav_per_unit,2.1883,RMB_per_unit,https://disc.static.szse.cn/disc/disk03/finalpage/2025-03-28/06728b42-8055-4b0a-a360-0cb7f5c868d3.PDF,annual_report,machine_extracted_official_pdf,报告截止日 2024-12-31，基金份额净值 2.1883 元
180301,2025-03-31,2025-04-22,distributable_amount_per_unit_quarter,0.0247,RMB_per_unit,https://disc.static.szse.cn/disc/disk03/finalpage/2025-04-21/b0bcddad-a269-4ab9-a273-2455ebc55a5b.PDF,quarterly_report,machine_extracted_official_pdf,"报告期末基金份额总额 953,629,628.00 份；本期可供分配金额 23,601,388.35，单位可供分配金额 0.0247"
180301,2025-03-31,2025-04-22,distributable_amount_quarter,23601388.35,RMB,https://disc.static.szse.cn/disc/disk03/finalpage/2025-04-21/b0bcddad-a269-4ab9-a273-2455ebc55a5b.PDF,quarterly_report,machine_extracted_official_pdf,"报告期末基金份额总额 953,629,628.00 份；本期可供分配金额 23,601,388.35，单位可供分配金额 0.0247"
180301,2025-03-31,2025-04-22,fund_shares,953629628.0,shares,https://disc.static.szse.cn/disc/disk03/finalpage/2025-04-21/b0bcddad-a269-4ab9-a273-2455ebc55a5b.PDF,quarterly_report,machine_extracted_official_pdf,"报告期末基金份额总额 953,629,628.00 份；本期可供分配金额 23,601,388.35，单位可供分配金额 0.0247"
180301,2025-06-30,2025-07-18,distributable_amount_per_unit_quarter,0.0254,RMB_per_unit,https://disc.static.szse.cn/disc/disk03/finalpage/2025-07-17/f7053c53-862d-4cf8-af8f-f86772dc8b42.PDF,quarterly_report,machine_extracted_official_pdf,"报告期末基金份额总额 953,629,628.00 份；本期可供分配金额 24,199,646.89，单位可供分配金额 0.0254"
180301,2025-06-30,2025-07-18,distributable_amount_quarter,24199646.89,RMB,https://disc.static.szse.cn/disc/disk03/finalpage/2025-07-17/f7053c53-862d-4cf8-af8f-f86772dc8b42.PDF,quarterly_report,machine_extracted_official_pdf,"报告期末基金份额总额 953,629,628.00 份；本期可供分配金额 24,199,646.89，单位可供分配金额 0.0254"
180301,2025-06-30,2025-07-18,fund_shares,953629628.0,shares,https://disc.static.szse.cn/disc/disk03/finalpage/2025-07-17/f7053c53-862d-4cf8-af8f-f86772dc8b42.PDF,quarterly_report,machine_extracted_official_pdf,"报告期末基金份额总额 953,629,628.00 份；本期可供分配金额 24,199,646.89，单位可供分配金额 0.0254"
180301,2025-09-30,2025-10-28,distributable_amount_per_unit_quarter,0.0248,RMB_per_unit,https://disc.static.szse.cn/disc/disk03/finalpage/2025-10-28/24c3b580-8ad4-4227-9b7f-b7226f67687b.PDF,quarterly_report,machine_extracted_official_pdf,"报告期末基金份额总额 953,629,628.00 份；本期可供分配金额 23,623,246.94，单位可供分配金额 0.0248"
180301,2025-09-30,2025-10-28,distributable_amount_quarter,23623246.94,RMB,https://disc.static.szse.cn/disc/disk03/finalpage/2025-10-28/24c3b580-8ad4-4227-9b7f-b7226f67687b.PDF,quarterly_report,machine_extracted_official_pdf,"报告期末基金份额总额 953,629,628.00 份；本期可供分配金额 23,623,246.94，单位可供分配金额 0.0248"
180301,2025-09-30,2025-10-28,fund_shares,953629628.0,shares,https://disc.static.szse.cn/disc/disk03/finalpage/2025-10-28/24c3b580-8ad4-4227-9b7f-b7226f67687b.PDF,quarterly_report,machine_extracted_official_pdf,"报告期末基金份额总额 953,629,628.00 份；本期可供分配金额 23,623,246.94，单位可供分配金额 0.0248"
180301,2025-12-31,2026-01-22,distributable_amount_per_unit_quarter,0.0222,RMB_per_unit,https://disc.static.szse.cn/disc/disk03/finalpage/2026-01-22/0c6409cd-e594-4ccf-8eab-4725545f9759.PDF,quarterly_report,machine_extracted_official_pdf,"报告期末基金份额总额 953,629,628.00 份；本期可供分配金额 21,161,865.05，单位可供分配金额 0.0222"
180301,2025-12-31,2026-01-22,distributable_amount_quarter,21161865.05,RMB,https://disc.static.szse.cn/disc/disk03/finalpage/2026-01-22/0c6409cd-e594-4ccf-8eab-4725545f9759.PDF,quarterly_report,machine_extracted_official_pdf,"报告期末基金份额总额 953,629,628.00 份；本期可供分配金额 21,161,865.05，单位可供分配金额 0.0222"
180301,2025-12-31,2026-01-22,fund_shares,953629628.0,shares,https://disc.static.szse.cn/disc/disk03/finalpage/2026-01-22/0c6409cd-e594-4ccf-8eab-4725545f9759.PDF,quarterly_report,machine_extracted_official_pdf,"报告期末基金份额总额 953,629,628.00 份；本期可供分配金额 21,161,865.05，单位可供分配金额 0.0222"
180301,2025-12-31,2026-03-31,nav_per_unit,2.0835,RMB_per_unit,https://disc.static.szse.cn/disc/disk03/finalpage/2026-03-31/67a77f9f-3c13-4e1c-b803-15acecd1912a.PDF,annual_report,machine_extracted_official_pdf,报告截止日 2025-12-31，基金份额净值 2.0835 元
180301,2026-03-31,2026-04-21,distributable_amount_per_unit_quarter,0.0226,RMB_per_unit,https://disc.static.szse.cn/disc/disk03/finalpage/2026-04-21/33b4e72c-3e28-4b27-866b-b9ea97a1ecb7.PDF,quarterly_report,machine_extracted_official_pdf,"报告期末基金份额总额 953,629,628.00 份；本期可供分配金额 21,550,260.77，单位可供分配金额 0.0226"
180301,2026-03-31,2026-04-21,distributable_amount_quarter,21550260.77,RMB,https://disc.static.szse.cn/disc/disk03/finalpage/2026-04-21/33b4e72c-3e28-4b27-866b-b9ea97a1ecb7.PDF,quarterly_report,machine_extracted_official_pdf,"报告期末基金份额总额 953,629,628.00 份；本期可供分配金额 21,550,260.77，单位可供分配金额 0.0226"
180301,2026-03-31,2026-04-21,fund_shares,953629628.0,shares,https://disc.static.szse.cn/disc/disk03/finalpage/2026-04-21/33b4e72c-3e28-4b27-866b-b9ea97a1ecb7.PDF,quarterly_report,machine_extracted_official_pdf,"报告期末基金份额总额 953,629,628.00 份；本期可供分配金额 21,550,260.77，单位可供分配金额 0.0226"
180301,2026-06-30,2026-07-21,distributable_amount_per_unit_quarter,0.0216,RMB_per_unit,https://disc.static.szse.cn/disc/disk03/finalpage/2026-07-21/07522a94-dc7a-46f6-b694-51f76af36494.PDF,quarterly_report,machine_extracted_official_pdf,"报告期末基金份额总额 953,629,628.00 份；本期可供分配金额 20,612,970.04，单位可供分配金额 0.0216"
180301,2026-06-30,2026-07-21,distributable_amount_quarter,20612970.04,RMB,https://disc.static.szse.cn/disc/disk03/finalpage/2026-07-21/07522a94-dc7a-46f6-b694-51f76af36494.PDF,quarterly_report,machine_extracted_official_pdf,"报告期末基金份额总额 953,629,628.00 份；本期可供分配金额 20,612,970.04，单位可供分配金额 0.0216"
180301,2026-06-30,2026-07-21,fund_shares,953629628.0,shares,https://disc.static.szse.cn/disc/disk03/finalpage/2026-07-21/07522a94-dc7a-46f6-b694-51f76af36494.PDF,quarterly_report,machine_extracted_official_pdf,"报告期末基金份额总额 953,629,628.00 份；本期可供分配金额 20,612,970.04，单位可供分配金额 0.0216"
180401,2022-12-31,2023-03-30,nav_per_unit,6.4801,RMB_per_unit,https://disc.static.szse.cn/disc/disk03/finalpage/2023-03-29/7d9113f0-8374-47dd-a63d-815c82857ccb.PDF,annual_report,machine_extracted_official_pdf,报告截止日 2022-12-31，基金份额净值 6.4801 元
180401,2023-03-31,2023-04-21,distributable_amount_per_unit_quarter,0.0631,RMB_per_unit,https://disc.static.szse.cn/disc/disk03/finalpage/2023-04-20/13cffc1a-2278-4c52-a96f-f275cf7c2436.PDF,quarterly_report,machine_extracted_official_pdf,"报告期末基金份额总额 600,000,000.00 份；本期可供分配金额 37,832,746.33，单位可供分配金额 0.0631"
180401,2023-03-31,2023-04-21,distributable_amount_quarter,37832746.33,RMB,https://disc.static.szse.cn/disc/disk03/finalpage/2023-04-20/13cffc1a-2278-4c52-a96f-f275cf7c2436.PDF,quarterly_report,machine_extracted_official_pdf,"报告期末基金份额总额 600,000,000.00 份；本期可供分配金额 37,832,746.33，单位可供分配金额 0.0631"
180401,2023-03-31,2023-04-21,fund_shares,600000000.0,shares,https://disc.static.szse.cn/disc/disk03/finalpage/2023-04-20/13cffc1a-2278-4c52-a96f-f275cf7c2436.PDF,quarterly_report,machine_extracted_official_pdf,"报告期末基金份额总额 600,000,000.00 份；本期可供分配金额 37,832,746.33，单位可供分配金额 0.0631"
180401,2023-06-30,2023-07-18,distributable_amount_per_unit_quarter,0.2786,RMB_per_unit,https://disc.static.szse.cn/disc/disk03/finalpage/2023-07-17/1304168a-0af3-4740-a354-1267a8446ddc.PDF,quarterly_report,machine_extracted_official_pdf,"报告期末基金份额总额 600,000,000.00 份；本期可供分配金额 167,153,472.90，单位可供分配金额 0.2786"
180401,2023-06-30,2023-07-18,distributable_amount_quarter,167153472.9,RMB,https://disc.static.szse.cn/disc/disk03/finalpage/2023-07-17/1304168a-0af3-4740-a354-1267a8446ddc.PDF,quarterly_report,machine_extracted_official_pdf,"报告期末基金份额总额 600,000,000.00 份；本期可供分配金额 167,153,472.90，单位可供分配金额 0.2786"
180401,2023-06-30,2023-07-18,fund_shares,600000000.0,shares,https://disc.static.szse.cn/disc/disk03/finalpage/2023-07-17/1304168a-0af3-4740-a354-1267a8446ddc.PDF,quarterly_report,machine_extracted_official_pdf,"报告期末基金份额总额 600,000,000.00 份；本期可供分配金额 167,153,472.90，单位可供分配金额 0.2786"
180401,2023-09-30,2023-10-24,distributable_amount_per_unit_quarter,0.2553,RMB_per_unit,https://disc.static.szse.cn/disc/disk03/finalpage/2023-10-23/10bee5dc-eb05-4395-9d1f-a2929d19c174.PDF,quarterly_report,machine_extracted_official_pdf,"报告期末基金份额总额 600,000,000.00 份；本期可供分配金额 153,201,120.16，单位可供分配金额 0.2553"
180401,2023-09-30,2023-10-24,distributable_amount_quarter,153201120.16,RMB,https://disc.static.szse.cn/disc/disk03/finalpage/2023-10-23/10bee5dc-eb05-4395-9d1f-a2929d19c174.PDF,quarterly_report,machine_extracted_official_pdf,"报告期末基金份额总额 600,000,000.00 份；本期可供分配金额 153,201,120.16，单位可供分配金额 0.2553"
180401,2023-09-30,2023-10-24,fund_shares,600000000.0,shares,https://disc.static.szse.cn/disc/disk03/finalpage/2023-10-23/10bee5dc-eb05-4395-9d1f-a2929d19c174.PDF,quarterly_report,machine_extracted_official_pdf,"报告期末基金份额总额 600,000,000.00 份；本期可供分配金额 153,201,120.16，单位可供分配金额 0.2553"
180401,2023-12-31,2024-01-19,distributable_amount_per_unit_quarter,0.1031,RMB_per_unit,https://disc.static.szse.cn/disc/disk03/finalpage/2024-01-18/bb6b1af8-332a-4a35-8b21-34944279e5f1.PDF,quarterly_report,machine_extracted_official_pdf,"报告期末基金份额总额 600,000,000.00 份；本期可供分配金额 61,870,473.35，单位可供分配金额 0.1031"
180401,2023-12-31,2024-01-19,distributable_amount_quarter,61870473.35,RMB,https://disc.static.szse.cn/disc/disk03/finalpage/2024-01-18/bb6b1af8-332a-4a35-8b21-34944279e5f1.PDF,quarterly_report,machine_extracted_official_pdf,"报告期末基金份额总额 600,000,000.00 份；本期可供分配金额 61,870,473.35，单位可供分配金额 0.1031"
180401,2023-12-31,2024-01-19,fund_shares,600000000.0,shares,https://disc.static.szse.cn/disc/disk03/finalpage/2024-01-18/bb6b1af8-332a-4a35-8b21-34944279e5f1.PDF,quarterly_report,machine_extracted_official_pdf,"报告期末基金份额总额 600,000,000.00 份；本期可供分配金额 61,870,473.35，单位可供分配金额 0.1031"
180401,2023-12-31,2024-03-28,nav_per_unit,5.9093,RMB_per_unit,https://disc.static.szse.cn/disc/disk03/finalpage/2024-03-27/b4403890-772f-47e9-a2a1-f4d4ac48e550.PDF,annual_report,machine_extracted_official_pdf,报告截止日 2023-12-31，基金份额净值 5.9093 元
180401,2024-03-31,2024-04-19,distributable_amount_per_unit_quarter,0.0855,RMB_per_unit,https://disc.static.szse.cn/disc/disk03/finalpage/2024-04-18/a468ab7e-8986-42ec-9ac4-85ce5a665359.PDF,quarterly_report,machine_extracted_official_pdf,"报告期末基金份额总额 600,000,000.00 份；本期可供分配金额 51,279,922.62，单位可供分配金额 0.0855"
180401,2024-03-31,2024-04-19,distributable_amount_quarter,51279922.62,RMB,https://disc.static.szse.cn/disc/disk03/finalpage/2024-04-18/a468ab7e-8986-42ec-9ac4-85ce5a665359.PDF,quarterly_report,machine_extracted_official_pdf,"报告期末基金份额总额 600,000,000.00 份；本期可供分配金额 51,279,922.62，单位可供分配金额 0.0855"
180401,2024-03-31,2024-04-19,fund_shares,600000000.0,shares,https://disc.static.szse.cn/disc/disk03/finalpage/2024-04-18/a468ab7e-8986-42ec-9ac4-85ce5a665359.PDF,quarterly_report,machine_extracted_official_pdf,"报告期末基金份额总额 600,000,000.00 份；本期可供分配金额 51,279,922.62，单位可供分配金额 0.0855"
180401,2024-06-30,2024-07-18,distributable_amount_per_unit_quarter,0.1647,RMB_per_unit,https://disc.static.szse.cn/disc/disk03/finalpage/2024-07-17/16f58f15-98f2-48de-ba9d-f29f6a5bb097.PDF,quarterly_report,machine_extracted_official_pdf,"报告期末基金份额总额 600,000,000.00 份；本期可供分配金额 98,804,676.90，单位可供分配金额 0.1647"
180401,2024-06-30,2024-07-18,distributable_amount_quarter,98804676.9,RMB,https://disc.static.szse.cn/disc/disk03/finalpage/2024-07-17/16f58f15-98f2-48de-ba9d-f29f6a5bb097.PDF,quarterly_report,machine_extracted_official_pdf,"报告期末基金份额总额 600,000,000.00 份；本期可供分配金额 98,804,676.90，单位可供分配金额 0.1647"
180401,2024-06-30,2024-07-18,fund_shares,600000000.0,shares,https://disc.static.szse.cn/disc/disk03/finalpage/2024-07-17/16f58f15-98f2-48de-ba9d-f29f6a5bb097.PDF,quarterly_report,machine_extracted_official_pdf,"报告期末基金份额总额 600,000,000.00 份；本期可供分配金额 98,804,676.90，单位可供分配金额 0.1647"
180401,2024-09-30,2024-10-24,distributable_amount_per_unit_quarter,0.2391,RMB_per_unit,https://disc.static.szse.cn/disc/disk03/finalpage/2024-10-23/9dff127f-75a0-4233-9b40-ec24c253f08d.PDF,quarterly_report,machine_extracted_official_pdf,"报告期末基金份额总额 600,000,000.00 份；本期可供分配金额 143,452,937.78，单位可供分配金额 0.2391"
180401,2024-09-30,2024-10-24,distributable_amount_quarter,143452937.78,RMB,https://disc.static.szse.cn/disc/disk03/finalpage/2024-10-23/9dff127f-75a0-4233-9b40-ec24c253f08d.PDF,quarterly_report,machine_extracted_official_pdf,"报告期末基金份额总额 600,000,000.00 份；本期可供分配金额 143,452,937.78，单位可供分配金额 0.2391"
180401,2024-09-30,2024-10-24,fund_shares,600000000.0,shares,https://disc.static.szse.cn/disc/disk03/finalpage/2024-10-23/9dff127f-75a0-4233-9b40-ec24c253f08d.PDF,quarterly_report,machine_extracted_official_pdf,"报告期末基金份额总额 600,000,000.00 份；本期可供分配金额 143,452,937.78，单位可供分配金额 0.2391"
180401,2024-12-31,2025-01-21,distributable_amount_per_unit_quarter,0.1034,RMB_per_unit,https://disc.static.szse.cn/disc/disk03/finalpage/2025-01-20/094f84e1-4ec9-4a37-851d-585d2aac731a.PDF,quarterly_report,machine_extracted_official_pdf,"报告期末基金份额总额 600,000,000.00 份；本期可供分配金额 62,066,202.10，单位可供分配金额 0.1034"
180401,2024-12-31,2025-01-21,distributable_amount_quarter,62066202.1,RMB,https://disc.static.szse.cn/disc/disk03/finalpage/2025-01-20/094f84e1-4ec9-4a37-851d-585d2aac731a.PDF,quarterly_report,machine_extracted_official_pdf,"报告期末基金份额总额 600,000,000.00 份；本期可供分配金额 62,066,202.10，单位可供分配金额 0.1034"
180401,2024-12-31,2025-01-21,fund_shares,600000000.0,shares,https://disc.static.szse.cn/disc/disk03/finalpage/2025-01-20/094f84e1-4ec9-4a37-851d-585d2aac731a.PDF,quarterly_report,machine_extracted_official_pdf,"报告期末基金份额总额 600,000,000.00 份；本期可供分配金额 62,066,202.10，单位可供分配金额 0.1034"
180401,2024-12-31,2025-03-28,nav_per_unit,5.3503,RMB_per_unit,https://disc.static.szse.cn/disc/disk03/finalpage/2025-03-27/1567e1f7-87c3-4e46-abda-786728b3aa63.PDF,annual_report,machine_extracted_official_pdf,报告截止日 2024-12-31，基金份额净值 5.3503 元
180401,2025-03-31,2025-04-21,distributable_amount_per_unit_quarter,0.0804,RMB_per_unit,https://disc.static.szse.cn/disc/disk03/finalpage/2025-04-18/6d497abf-37fc-4e01-a6c1-b5e859ebfe21.PDF,quarterly_report,machine_extracted_official_pdf,"报告期末基金份额总额 600,000,000.00 份；本期可供分配金额 48,265,648.49，单位可供分配金额 0.0804"
180401,2025-03-31,2025-04-21,distributable_amount_quarter,48265648.49,RMB,https://disc.static.szse.cn/disc/disk03/finalpage/2025-04-18/6d497abf-37fc-4e01-a6c1-b5e859ebfe21.PDF,quarterly_report,machine_extracted_official_pdf,"报告期末基金份额总额 600,000,000.00 份；本期可供分配金额 48,265,648.49，单位可供分配金额 0.0804"
180401,2025-03-31,2025-04-21,fund_shares,600000000.0,shares,https://disc.static.szse.cn/disc/disk03/finalpage/2025-04-18/6d497abf-37fc-4e01-a6c1-b5e859ebfe21.PDF,quarterly_report,machine_extracted_official_pdf,"报告期末基金份额总额 600,000,000.00 份；本期可供分配金额 48,265,648.49，单位可供分配金额 0.0804"
180401,2025-06-30,2025-07-18,distributable_amount_per_unit_quarter,0.0746,RMB_per_unit,https://disc.static.szse.cn/disc/disk03/finalpage/2025-07-17/5f893010-a64b-4ac3-b990-b80ef285ec9c.PDF,quarterly_report,machine_extracted_official_pdf,"报告期末基金份额总额 600,000,000.00 份；本期可供分配金额 44,775,313.32，单位可供分配金额 0.0746"
180401,2025-06-30,2025-07-18,distributable_amount_quarter,44775313.32,RMB,https://disc.static.szse.cn/disc/disk03/finalpage/2025-07-17/5f893010-a64b-4ac3-b990-b80ef285ec9c.PDF,quarterly_report,machine_extracted_official_pdf,"报告期末基金份额总额 600,000,000.00 份；本期可供分配金额 44,775,313.32，单位可供分配金额 0.0746"
180401,2025-06-30,2025-07-18,fund_shares,600000000.0,shares,https://disc.static.szse.cn/disc/disk03/finalpage/2025-07-17/5f893010-a64b-4ac3-b990-b80ef285ec9c.PDF,quarterly_report,machine_extracted_official_pdf,"报告期末基金份额总额 600,000,000.00 份；本期可供分配金额 44,775,313.32，单位可供分配金额 0.0746"
180401,2025-09-30,2025-10-27,distributable_amount_per_unit_quarter,0.1312,RMB_per_unit,https://disc.static.szse.cn/disc/disk03/finalpage/2025-10-27/bb0b9a6a-1228-4a02-96f7-0b5a23d8e7a7.PDF,quarterly_report,machine_extracted_official_pdf,"报告期末基金份额总额 600,000,000.00 份；本期可供分配金额 78,706,953.46，单位可供分配金额 0.1312"
180401,2025-09-30,2025-10-27,distributable_amount_quarter,78706953.46,RMB,https://disc.static.szse.cn/disc/disk03/finalpage/2025-10-27/bb0b9a6a-1228-4a02-96f7-0b5a23d8e7a7.PDF,quarterly_report,machine_extracted_official_pdf,"报告期末基金份额总额 600,000,000.00 份；本期可供分配金额 78,706,953.46，单位可供分配金额 0.1312"
180401,2025-09-30,2025-10-27,fund_shares,600000000.0,shares,https://disc.static.szse.cn/disc/disk03/finalpage/2025-10-27/bb0b9a6a-1228-4a02-96f7-0b5a23d8e7a7.PDF,quarterly_report,machine_extracted_official_pdf,"报告期末基金份额总额 600,000,000.00 份；本期可供分配金额 78,706,953.46，单位可供分配金额 0.1312"
180401,2025-12-31,2026-01-21,distributable_amount_per_unit_quarter,0.1293,RMB_per_unit,https://disc.static.szse.cn/disc/disk03/finalpage/2026-01-21/95ed212e-3ff7-4718-a48c-dee16c231de9.PDF,quarterly_report,machine_extracted_official_pdf,"报告期末基金份额总额 600,000,000.00 份；本期可供分配金额 77,607,896.49，单位可供分配金额 0.1293"
180401,2025-12-31,2026-01-21,distributable_amount_quarter,77607896.49,RMB,https://disc.static.szse.cn/disc/disk03/finalpage/2026-01-21/95ed212e-3ff7-4718-a48c-dee16c231de9.PDF,quarterly_report,machine_extracted_official_pdf,"报告期末基金份额总额 600,000,000.00 份；本期可供分配金额 77,607,896.49，单位可供分配金额 0.1293"
180401,2025-12-31,2026-01-21,fund_shares,600000000.0,shares,https://disc.static.szse.cn/disc/disk03/finalpage/2026-01-21/95ed212e-3ff7-4718-a48c-dee16c231de9.PDF,quarterly_report,machine_extracted_official_pdf,"报告期末基金份额总额 600,000,000.00 份；本期可供分配金额 77,607,896.49，单位可供分配金额 0.1293"
180401,2025-12-31,2026-03-30,nav_per_unit,5.0233,RMB_per_unit,https://disc.static.szse.cn/disc/disk03/finalpage/2026-03-30/4de4f136-5cde-4042-aebf-c8e001fde756.PDF,annual_report,machine_extracted_official_pdf,报告截止日 2025-12-31，基金份额净值 5.0233 元
180401,2026-03-31,2026-04-21,distributable_amount_per_unit_quarter,0.0736,RMB_per_unit,https://disc.static.szse.cn/disc/disk03/finalpage/2026-04-21/4cb49125-59bf-4589-ad82-3a34cce102ea.PDF,quarterly_report,machine_extracted_official_pdf,"报告期末基金份额总额 600,000,000.00 份；本期可供分配金额 44,178,712.34，单位可供分配金额 0.0736"
180401,2026-03-31,2026-04-21,distributable_amount_quarter,44178712.34,RMB,https://disc.static.szse.cn/disc/disk03/finalpage/2026-04-21/4cb49125-59bf-4589-ad82-3a34cce102ea.PDF,quarterly_report,machine_extracted_official_pdf,"报告期末基金份额总额 600,000,000.00 份；本期可供分配金额 44,178,712.34，单位可供分配金额 0.0736"
180401,2026-03-31,2026-04-21,fund_shares,600000000.0,shares,https://disc.static.szse.cn/disc/disk03/finalpage/2026-04-21/4cb49125-59bf-4589-ad82-3a34cce102ea.PDF,quarterly_report,machine_extracted_official_pdf,"报告期末基金份额总额 600,000,000.00 份；本期可供分配金额 44,178,712.34，单位可供分配金额 0.0736"
180401,2026-06-30,2026-07-20,distributable_amount_per_unit_quarter,0.0535,RMB_per_unit,https://disc.static.szse.cn/disc/disk03/finalpage/2026-07-20/62427907-8e2e-4a82-94bd-dd38d7f9998d.PDF,quarterly_report,machine_extracted_official_pdf,"报告期末基金份额总额 600,000,000.00 份；本期可供分配金额 32,108,731.78，单位可供分配金额 0.0535"
180401,2026-06-30,2026-07-20,distributable_amount_quarter,32108731.78,RMB,https://disc.static.szse.cn/disc/disk03/finalpage/2026-07-20/62427907-8e2e-4a82-94bd-dd38d7f9998d.PDF,quarterly_report,machine_extracted_official_pdf,"报告期末基金份额总额 600,000,000.00 份；本期可供分配金额 32,108,731.78，单位可供分配金额 0.0535"
180401,2026-06-30,2026-07-20,fund_shares,600000000.0,shares,https://disc.static.szse.cn/disc/disk03/finalpage/2026-07-20/62427907-8e2e-4a82-94bd-dd38d7f9998d.PDF,quarterly_report,machine_extracted_official_pdf,"报告期末基金份额总额 600,000,000.00 份；本期可供分配金额 32,108,731.78，单位可供分配金额 0.0535"
508018,2022-12-31,2023-03-30,nav_per_unit,9.2751,RMB_per_unit,https://www.sse.com.cn/disclosure/fund/announcement/c/new/2023-03-30/508018_20230330_QTP8.pdf,annual_report,machine_extracted_official_pdf,报告截止日 2022-12-31，基金份额净值 9.2751 元
508018,2023-03-31,2023-04-21,distributable_amount_per_unit_quarter,0.0934,RMB_per_unit,https://www.sse.com.cn/disclosure/fund/announcement/c/new/2023-04-21/508018_20230421_ZA7D.pdf,quarterly_report,machine_extracted_official_pdf,"报告期末基金份额总额 1,000,000,000.00 份；本期可供分配金额 93,398,509.90，单位可供分配金额 0.0934"
508018,2023-03-31,2023-04-21,distributable_amount_quarter,93398509.9,RMB,https://www.sse.com.cn/disclosure/fund/announcement/c/new/2023-04-21/508018_20230421_ZA7D.pdf,quarterly_report,machine_extracted_official_pdf,"报告期末基金份额总额 1,000,000,000.00 份；本期可供分配金额 93,398,509.90，单位可供分配金额 0.0934"
508018,2023-03-31,2023-04-21,fund_shares,1000000000.0,shares,https://www.sse.com.cn/disclosure/fund/announcement/c/new/2023-04-21/508018_20230421_ZA7D.pdf,quarterly_report,machine_extracted_official_pdf,"报告期末基金份额总额 1,000,000,000.00 份；本期可供分配金额 93,398,509.90，单位可供分配金额 0.0934"
508018,2023-06-30,2023-07-20,distributable_amount_per_unit_quarter,0.0704,RMB_per_unit,https://www.sse.com.cn/disclosure/fund/announcement/c/new/2023-07-20/508018_20230720_3TGU.pdf,quarterly_report,machine_extracted_official_pdf,"报告期末基金份额总额 1,000,000,000.00 份；本期可供分配金额 70,440,468.15，单位可供分配金额 0.0704"
508018,2023-06-30,2023-07-20,distributable_amount_quarter,70440468.15,RMB,https://www.sse.com.cn/disclosure/fund/announcement/c/new/2023-07-20/508018_20230720_3TGU.pdf,quarterly_report,machine_extracted_official_pdf,"报告期末基金份额总额 1,000,000,000.00 份；本期可供分配金额 70,440,468.15，单位可供分配金额 0.0704"
508018,2023-06-30,2023-07-20,fund_shares,1000000000.0,shares,https://www.sse.com.cn/disclosure/fund/announcement/c/new/2023-07-20/508018_20230720_3TGU.pdf,quarterly_report,machine_extracted_official_pdf,"报告期末基金份额总额 1,000,000,000.00 份；本期可供分配金额 70,440,468.15，单位可供分配金额 0.0704"
508018,2023-09-30,2023-10-24,distributable_amount_per_unit_quarter,0.0789,RMB_per_unit,https://www.sse.com.cn/disclosure/fund/announcement/c/new/2023-10-24/508018_20231024_PTGV.pdf,quarterly_report,machine_extracted_official_pdf,"报告期末基金份额总额 1,000,000,000.00 份；本期可供分配金额 78,882,742.92，单位可供分配金额 0.0789"
508018,2023-09-30,2023-10-24,distributable_amount_quarter,78882742.92,RMB,https://www.sse.com.cn/disclosure/fund/announcement/c/new/2023-10-24/508018_20231024_PTGV.pdf,quarterly_report,machine_extracted_official_pdf,"报告期末基金份额总额 1,000,000,000.00 份；本期可供分配金额 78,882,742.92，单位可供分配金额 0.0789"
508018,2023-09-30,2023-10-24,fund_shares,1000000000.0,shares,https://www.sse.com.cn/disclosure/fund/announcement/c/new/2023-10-24/508018_20231024_PTGV.pdf,quarterly_report,machine_extracted_official_pdf,"报告期末基金份额总额 1,000,000,000.00 份；本期可供分配金额 78,882,742.92，单位可供分配金额 0.0789"
508018,2023-12-31,2024-01-19,distributable_amount_per_unit_quarter,0.0776,RMB_per_unit,https://www.sse.com.cn/disclosure/fund/announcement/c/new/2024-01-19/508018_20240119_T5TG.pdf,quarterly_report,machine_extracted_official_pdf,"报告期末基金份额总额 1,000,000,000.00 份；本期可供分配金额 77,636,355.64，单位可供分配金额 0.0776"
508018,2023-12-31,2024-01-19,distributable_amount_quarter,77636355.64,RMB,https://www.sse.com.cn/disclosure/fund/announcement/c/new/2024-01-19/508018_20240119_T5TG.pdf,quarterly_report,machine_extracted_official_pdf,"报告期末基金份额总额 1,000,000,000.00 份；本期可供分配金额 77,636,355.64，单位可供分配金额 0.0776"
508018,2023-12-31,2024-01-19,fund_shares,1000000000.0,shares,https://www.sse.com.cn/disclosure/fund/announcement/c/new/2024-01-19/508018_20240119_T5TG.pdf,quarterly_report,machine_extracted_official_pdf,"报告期末基金份额总额 1,000,000,000.00 份；本期可供分配金额 77,636,355.64，单位可供分配金额 0.0776"
508018,2023-12-31,2024-03-30,nav_per_unit,9.0603,RMB_per_unit,https://www.sse.com.cn/disclosure/fund/announcement/c/new/2024-03-30/508018_20240330_68ZQ.pdf,annual_report,machine_extracted_official_pdf,报告截止日 2023-12-31，基金份额净值 9.0603 元
508018,2024-03-31,2024-04-19,distributable_amount_per_unit_quarter,0.072,RMB_per_unit,https://www.sse.com.cn/disclosure/fund/announcement/c/new/2024-04-19/508018_20240419_UIX1.pdf,quarterly_report,machine_extracted_official_pdf,"报告期末基金份额总额 1,000,000,000.00 份；本期可供分配金额 72,003,426.46，单位可供分配金额 0.0720"
508018,2024-03-31,2024-04-19,distributable_amount_quarter,72003426.46,RMB,https://www.sse.com.cn/disclosure/fund/announcement/c/new/2024-04-19/508018_20240419_UIX1.pdf,quarterly_report,machine_extracted_official_pdf,"报告期末基金份额总额 1,000,000,000.00 份；本期可供分配金额 72,003,426.46，单位可供分配金额 0.0720"
508018,2024-03-31,2024-04-19,fund_shares,1000000000.0,shares,https://www.sse.com.cn/disclosure/fund/announcement/c/new/2024-04-19/508018_20240419_UIX1.pdf,quarterly_report,machine_extracted_official_pdf,"报告期末基金份额总额 1,000,000,000.00 份；本期可供分配金额 72,003,426.46，单位可供分配金额 0.0720"
508018,2024-06-30,2024-07-18,distributable_amount_per_unit_quarter,0.0608,RMB_per_unit,https://www.sse.com.cn/disclosure/fund/announcement/c/new/2024-07-18/508018_20240718_B4R7.pdf,quarterly_report,machine_extracted_official_pdf,"报告期末基金份额总额 1,000,000,000.00 份；本期可供分配金额 60,848,438.03，单位可供分配金额 0.0608"
508018,2024-06-30,2024-07-18,distributable_amount_quarter,60848438.03,RMB,https://www.sse.com.cn/disclosure/fund/announcement/c/new/2024-07-18/508018_20240718_B4R7.pdf,quarterly_report,machine_extracted_official_pdf,"报告期末基金份额总额 1,000,000,000.00 份；本期可供分配金额 60,848,438.03，单位可供分配金额 0.0608"
508018,2024-06-30,2024-07-18,fund_shares,1000000000.0,shares,https://www.sse.com.cn/disclosure/fund/announcement/c/new/2024-07-18/508018_20240718_B4R7.pdf,quarterly_report,machine_extracted_official_pdf,"报告期末基金份额总额 1,000,000,000.00 份；本期可供分配金额 60,848,438.03，单位可供分配金额 0.0608"
508018,2024-09-30,2024-10-25,distributable_amount_per_unit_quarter,0.0784,RMB_per_unit,https://www.sse.com.cn/disclosure/fund/announcement/c/new/2024-10-25/508018_20241025_3E0F.pdf,quarterly_report,machine_extracted_official_pdf,"报告期末基金份额总额 1,000,000,000.00 份；本期可供分配金额 78,398,516.37，单位可供分配金额 0.0784"
508018,2024-09-30,2024-10-25,distributable_amount_quarter,78398516.37,RMB,https://www.sse.com.cn/disclosure/fund/announcement/c/new/2024-10-25/508018_20241025_3E0F.pdf,quarterly_report,machine_extracted_official_pdf,"报告期末基金份额总额 1,000,000,000.00 份；本期可供分配金额 78,398,516.37，单位可供分配金额 0.0784"
508018,2024-09-30,2024-10-25,fund_shares,1000000000.0,shares,https://www.sse.com.cn/disclosure/fund/announcement/c/new/2024-10-25/508018_20241025_3E0F.pdf,quarterly_report,machine_extracted_official_pdf,"报告期末基金份额总额 1,000,000,000.00 份；本期可供分配金额 78,398,516.37，单位可供分配金额 0.0784"
508018,2024-12-31,2025-01-22,distributable_amount_per_unit_quarter,0.0535,RMB_per_unit,https://www.sse.com.cn/disclosure/fund/announcement/c/new/2025-01-22/508018_20250122_8BLC.pdf,quarterly_report,machine_extracted_official_pdf,"报告期末基金份额总额 1,000,000,000.00 份；本期可供分配金额 53,518,727.16，单位可供分配金额 0.0535"
508018,2024-12-31,2025-01-22,distributable_amount_quarter,53518727.16,RMB,https://www.sse.com.cn/disclosure/fund/announcement/c/new/2025-01-22/508018_20250122_8BLC.pdf,quarterly_report,machine_extracted_official_pdf,"报告期末基金份额总额 1,000,000,000.00 份；本期可供分配金额 53,518,727.16，单位可供分配金额 0.0535"
508018,2024-12-31,2025-01-22,fund_shares,1000000000.0,shares,https://www.sse.com.cn/disclosure/fund/announcement/c/new/2025-01-22/508018_20250122_8BLC.pdf,quarterly_report,machine_extracted_official_pdf,"报告期末基金份额总额 1,000,000,000.00 份；本期可供分配金额 53,518,727.16，单位可供分配金额 0.0535"
508018,2024-12-31,2025-03-29,nav_per_unit,7.5997,RMB_per_unit,https://www.sse.com.cn/disclosure/fund/announcement/c/new/2025-03-29/508018_20250329_2AXB.pdf,annual_report,machine_extracted_official_pdf,报告截止日 2024-12-31，基金份额净值 7.5997 元
508018,2025-03-31,2025-04-22,distributable_amount_per_unit_quarter,0.0726,RMB_per_unit,https://www.sse.com.cn/disclosure/fund/announcement/c/new/2025-04-22/508018_20250422_PA2W.pdf,quarterly_report,machine_extracted_official_pdf,"报告期末基金份额总额 1,000,000,000.00 份；本期可供分配金额 72,638,822.55，单位可供分配金额 0.0726"
508018,2025-03-31,2025-04-22,distributable_amount_quarter,72638822.55,RMB,https://www.sse.com.cn/disclosure/fund/announcement/c/new/2025-04-22/508018_20250422_PA2W.pdf,quarterly_report,machine_extracted_official_pdf,"报告期末基金份额总额 1,000,000,000.00 份；本期可供分配金额 72,638,822.55，单位可供分配金额 0.0726"
508018,2025-03-31,2025-04-22,fund_shares,1000000000.0,shares,https://www.sse.com.cn/disclosure/fund/announcement/c/new/2025-04-22/508018_20250422_PA2W.pdf,quarterly_report,machine_extracted_official_pdf,"报告期末基金份额总额 1,000,000,000.00 份；本期可供分配金额 72,638,822.55，单位可供分配金额 0.0726"
508018,2025-06-30,2025-07-21,distributable_amount_per_unit_quarter,0.0593,RMB_per_unit,https://www.sse.com.cn/disclosure/fund/announcement/c/new/2025-07-21/508018_20250721_QGWH.pdf,quarterly_report,machine_extracted_official_pdf,"报告期末基金份额总额 1,000,000,000.00 份；本期可供分配金额 59,300,483.12，单位可供分配金额 0.0593"
508018,2025-06-30,2025-07-21,distributable_amount_quarter,59300483.12,RMB,https://www.sse.com.cn/disclosure/fund/announcement/c/new/2025-07-21/508018_20250721_QGWH.pdf,quarterly_report,machine_extracted_official_pdf,"报告期末基金份额总额 1,000,000,000.00 份；本期可供分配金额 59,300,483.12，单位可供分配金额 0.0593"
508018,2025-06-30,2025-07-21,fund_shares,1000000000.0,shares,https://www.sse.com.cn/disclosure/fund/announcement/c/new/2025-07-21/508018_20250721_QGWH.pdf,quarterly_report,machine_extracted_official_pdf,"报告期末基金份额总额 1,000,000,000.00 份；本期可供分配金额 59,300,483.12，单位可供分配金额 0.0593"
508018,2025-09-30,2025-10-28,distributable_amount_per_unit_quarter,0.0697,RMB_per_unit,https://www.sse.com.cn/disclosure/fund/announcement/c/new/2025-10-28/508018_20251028_TOR5.pdf,quarterly_report,machine_extracted_official_pdf,"报告期末基金份额总额 1,000,000,000.00 份；本期可供分配金额 69,714,529.72，单位可供分配金额 0.0697"
508018,2025-09-30,2025-10-28,distributable_amount_quarter,69714529.72,RMB,https://www.sse.com.cn/disclosure/fund/announcement/c/new/2025-10-28/508018_20251028_TOR5.pdf,quarterly_report,machine_extracted_official_pdf,"报告期末基金份额总额 1,000,000,000.00 份；本期可供分配金额 69,714,529.72，单位可供分配金额 0.0697"
508018,2025-09-30,2025-10-28,fund_shares,1000000000.0,shares,https://www.sse.com.cn/disclosure/fund/announcement/c/new/2025-10-28/508018_20251028_TOR5.pdf,quarterly_report,machine_extracted_official_pdf,"报告期末基金份额总额 1,000,000,000.00 份；本期可供分配金额 69,714,529.72，单位可供分配金额 0.0697"
508018,2025-12-31,2026-01-22,distributable_amount_per_unit_quarter,0.0608,RMB_per_unit,https://www.sse.com.cn/disclosure/fund/announcement/c/new/2026-01-22/508018_20260122_1JOC.pdf,quarterly_report,machine_extracted_official_pdf,"报告期末基金份额总额 1,000,000,000.00 份；本期可供分配金额 60,785,043.40，单位可供分配金额 0.0608"
508018,2025-12-31,2026-01-22,distributable_amount_quarter,60785043.4,RMB,https://www.sse.com.cn/disclosure/fund/announcement/c/new/2026-01-22/508018_20260122_1JOC.pdf,quarterly_report,machine_extracted_official_pdf,"报告期末基金份额总额 1,000,000,000.00 份；本期可供分配金额 60,785,043.40，单位可供分配金额 0.0608"
508018,2025-12-31,2026-01-22,fund_shares,1000000000.0,shares,https://www.sse.com.cn/disclosure/fund/announcement/c/new/2026-01-22/508018_20260122_1JOC.pdf,quarterly_report,machine_extracted_official_pdf,"报告期末基金份额总额 1,000,000,000.00 份；本期可供分配金额 60,785,043.40，单位可供分配金额 0.0608"
508018,2025-12-31,2026-03-31,nav_per_unit,7.4036,RMB_per_unit,https://www.sse.com.cn/disclosure/fund/announcement/c/new/2026-03-31/508018_20260331_JTPR.pdf,annual_report,machine_extracted_official_pdf,报告截止日 2025-12-31，基金份额净值 7.4036 元
508018,2026-03-31,2026-04-22,distributable_amount_per_unit_quarter,0.0866,RMB_per_unit,https://www.sse.com.cn/disclosure/fund/announcement/c/new/2026-04-22/508018_20260422_LXZD.pdf,quarterly_report,machine_extracted_official_pdf,"报告期末基金份额总额 1,000,000,000.00 份；本期可供分配金额 86,556,810.71，单位可供分配金额 0.0866"
508018,2026-03-31,2026-04-22,distributable_amount_quarter,86556810.71,RMB,https://www.sse.com.cn/disclosure/fund/announcement/c/new/2026-04-22/508018_20260422_LXZD.pdf,quarterly_report,machine_extracted_official_pdf,"报告期末基金份额总额 1,000,000,000.00 份；本期可供分配金额 86,556,810.71，单位可供分配金额 0.0866"
508018,2026-03-31,2026-04-22,fund_shares,1000000000.0,shares,https://www.sse.com.cn/disclosure/fund/announcement/c/new/2026-04-22/508018_20260422_LXZD.pdf,quarterly_report,machine_extracted_official_pdf,"报告期末基金份额总额 1,000,000,000.00 份；本期可供分配金额 86,556,810.71，单位可供分配金额 0.0866"
508018,2026-06-30,2026-07-21,distributable_amount_per_unit_quarter,0.0762,RMB_per_unit,https://www.sse.com.cn/disclosure/fund/announcement/c/new/2026-07-21/508018_20260721_VWHG.pdf,quarterly_report,machine_extracted_official_pdf,"报告期末基金份额总额 1,000,000,000.00 份；本期可供分配金额 76,179,140.51，单位可供分配金额 0.0762"
508018,2026-06-30,2026-07-21,distributable_amount_quarter,76179140.51,RMB,https://www.sse.com.cn/disclosure/fund/announcement/c/new/2026-07-21/508018_20260721_VWHG.pdf,quarterly_report,machine_extracted_official_pdf,"报告期末基金份额总额 1,000,000,000.00 份；本期可供分配金额 76,179,140.51，单位可供分配金额 0.0762"
508018,2026-06-30,2026-07-21,fund_shares,1000000000.0,shares,https://www.sse.com.cn/disclosure/fund/announcement/c/new/2026-07-21/508018_20260721_VWHG.pdf,quarterly_report,machine_extracted_official_pdf,"报告期末基金份额总额 1,000,000,000.00 份；本期可供分配金额 76,179,140.51，单位可供分配金额 0.0762"
508026,2024-06-30,2024-07-18,distributable_amount_per_unit_quarter,0.0347,RMB_per_unit,https://www.sse.com.cn/disclosure/fund/announcement/c/new/2024-07-18/508026_20240718_8ONG.pdf,quarterly_report,machine_extracted_official_pdf,"报告期末基金份额总额 400,000,000.00 份；本期可供分配金额 13,883,305.18，单位可供分配金额 0.0347"
508026,2024-06-30,2024-07-18,distributable_amount_quarter,13883305.18,RMB,https://www.sse.com.cn/disclosure/fund/announcement/c/new/2024-07-18/508026_20240718_8ONG.pdf,quarterly_report,machine_extracted_official_pdf,"报告期末基金份额总额 400,000,000.00 份；本期可供分配金额 13,883,305.18，单位可供分配金额 0.0347"
508026,2024-06-30,2024-07-18,fund_shares,400000000.0,shares,https://www.sse.com.cn/disclosure/fund/announcement/c/new/2024-07-18/508026_20240718_8ONG.pdf,quarterly_report,machine_extracted_official_pdf,"报告期末基金份额总额 400,000,000.00 份；本期可供分配金额 13,883,305.18，单位可供分配金额 0.0347"
508026,2024-09-30,2024-10-25,distributable_amount_per_unit_quarter,0.0592,RMB_per_unit,https://www.sse.com.cn/disclosure/fund/announcement/c/new/2024-10-25/508026_20241025_47Z6.pdf,quarterly_report,machine_extracted_official_pdf,"报告期末基金份额总额 400,000,000.00 份；本期可供分配金额 23,695,439.98，单位可供分配金额 0.0592"
508026,2024-09-30,2024-10-25,distributable_amount_quarter,23695439.98,RMB,https://www.sse.com.cn/disclosure/fund/announcement/c/new/2024-10-25/508026_20241025_47Z6.pdf,quarterly_report,machine_extracted_official_pdf,"报告期末基金份额总额 400,000,000.00 份；本期可供分配金额 23,695,439.98，单位可供分配金额 0.0592"
508026,2024-09-30,2024-10-25,fund_shares,400000000.0,shares,https://www.sse.com.cn/disclosure/fund/announcement/c/new/2024-10-25/508026_20241025_47Z6.pdf,quarterly_report,machine_extracted_official_pdf,"报告期末基金份额总额 400,000,000.00 份；本期可供分配金额 23,695,439.98，单位可供分配金额 0.0592"
508026,2024-12-31,2025-01-22,distributable_amount_per_unit_quarter,0.0909,RMB_per_unit,https://www.sse.com.cn/disclosure/fund/announcement/c/new/2025-01-22/508026_20250122_3O29.pdf,quarterly_report,machine_extracted_official_pdf,"报告期末基金份额总额 400,000,000.00 份；本期可供分配金额 36,349,349.99，单位可供分配金额 0.0909"
508026,2024-12-31,2025-01-22,distributable_amount_quarter,36349349.99,RMB,https://www.sse.com.cn/disclosure/fund/announcement/c/new/2025-01-22/508026_20250122_3O29.pdf,quarterly_report,machine_extracted_official_pdf,"报告期末基金份额总额 400,000,000.00 份；本期可供分配金额 36,349,349.99，单位可供分配金额 0.0909"
508026,2024-12-31,2025-01-22,fund_shares,400000000.0,shares,https://www.sse.com.cn/disclosure/fund/announcement/c/new/2025-01-22/508026_20250122_3O29.pdf,quarterly_report,machine_extracted_official_pdf,"报告期末基金份额总额 400,000,000.00 份；本期可供分配金额 36,349,349.99，单位可供分配金额 0.0909"
508026,2024-12-31,2025-03-28,nav_per_unit,2.5561,RMB_per_unit,https://www.sse.com.cn/disclosure/fund/announcement/c/new/2025-03-28/508026_20250328_T61T.pdf,annual_report,machine_extracted_official_pdf,报告截止日 2024-12-31，基金份额净值 2.5561 元
508026,2025-03-31,2025-04-22,distributable_amount_per_unit_quarter,0.0513,RMB_per_unit,https://www.sse.com.cn/disclosure/fund/announcement/c/new/2025-04-22/508026_20250422_FNF9.pdf,quarterly_report,machine_extracted_official_pdf,"报告期末基金份额总额 400,000,000.00 份；本期可供分配金额 20,509,088.23，单位可供分配金额 0.0513"
508026,2025-03-31,2025-04-22,distributable_amount_quarter,20509088.23,RMB,https://www.sse.com.cn/disclosure/fund/announcement/c/new/2025-04-22/508026_20250422_FNF9.pdf,quarterly_report,machine_extracted_official_pdf,"报告期末基金份额总额 400,000,000.00 份；本期可供分配金额 20,509,088.23，单位可供分配金额 0.0513"
508026,2025-03-31,2025-04-22,fund_shares,400000000.0,shares,https://www.sse.com.cn/disclosure/fund/announcement/c/new/2025-04-22/508026_20250422_FNF9.pdf,quarterly_report,machine_extracted_official_pdf,"报告期末基金份额总额 400,000,000.00 份；本期可供分配金额 20,509,088.23，单位可供分配金额 0.0513"
508026,2025-06-30,2025-07-21,distributable_amount_per_unit_quarter,0.025,RMB_per_unit,https://www.sse.com.cn/disclosure/fund/announcement/c/new/2025-07-21/508026_20250721_N3IB.pdf,quarterly_report,machine_extracted_official_pdf,"报告期末基金份额总额 400,000,000.00 份；本期可供分配金额 10,006,135.09，单位可供分配金额 0.0250"
508026,2025-06-30,2025-07-21,distributable_amount_quarter,10006135.09,RMB,https://www.sse.com.cn/disclosure/fund/announcement/c/new/2025-07-21/508026_20250721_N3IB.pdf,quarterly_report,machine_extracted_official_pdf,"报告期末基金份额总额 400,000,000.00 份；本期可供分配金额 10,006,135.09，单位可供分配金额 0.0250"
508026,2025-06-30,2025-07-21,fund_shares,400000000.0,shares,https://www.sse.com.cn/disclosure/fund/announcement/c/new/2025-07-21/508026_20250721_N3IB.pdf,quarterly_report,machine_extracted_official_pdf,"报告期末基金份额总额 400,000,000.00 份；本期可供分配金额 10,006,135.09，单位可供分配金额 0.0250"
508026,2025-09-30,2025-10-28,distributable_amount_per_unit_quarter,0.0639,RMB_per_unit,https://www.sse.com.cn/disclosure/fund/announcement/c/new/2025-10-28/508026_20251028_EZQC.pdf,quarterly_report,machine_extracted_official_pdf,"报告期末基金份额总额 400,000,000.00 份；本期可供分配金额 25,563,376.50，单位可供分配金额 0.0639"
508026,2025-09-30,2025-10-28,distributable_amount_quarter,25563376.5,RMB,https://www.sse.com.cn/disclosure/fund/announcement/c/new/2025-10-28/508026_20251028_EZQC.pdf,quarterly_report,machine_extracted_official_pdf,"报告期末基金份额总额 400,000,000.00 份；本期可供分配金额 25,563,376.50，单位可供分配金额 0.0639"
508026,2025-09-30,2025-10-28,fund_shares,400000000.0,shares,https://www.sse.com.cn/disclosure/fund/announcement/c/new/2025-10-28/508026_20251028_EZQC.pdf,quarterly_report,machine_extracted_official_pdf,"报告期末基金份额总额 400,000,000.00 份；本期可供分配金额 25,563,376.50，单位可供分配金额 0.0639"
508026,2025-12-31,2026-01-22,distributable_amount_per_unit_quarter,0.0648,RMB_per_unit,https://www.sse.com.cn/disclosure/fund/announcement/c/new/2026-01-22/508026_20260122_LA91.pdf,quarterly_report,machine_extracted_official_pdf,"报告期末基金份额总额 400,000,000.00 份；本期可供分配金额 25,911,619.82，单位可供分配金额 0.0648"
508026,2025-12-31,2026-01-22,distributable_amount_quarter,25911619.82,RMB,https://www.sse.com.cn/disclosure/fund/announcement/c/new/2026-01-22/508026_20260122_LA91.pdf,quarterly_report,machine_extracted_official_pdf,"报告期末基金份额总额 400,000,000.00 份；本期可供分配金额 25,911,619.82，单位可供分配金额 0.0648"
508026,2025-12-31,2026-01-22,fund_shares,400000000.0,shares,https://www.sse.com.cn/disclosure/fund/announcement/c/new/2026-01-22/508026_20260122_LA91.pdf,quarterly_report,machine_extracted_official_pdf,"报告期末基金份额总额 400,000,000.00 份；本期可供分配金额 25,911,619.82，单位可供分配金额 0.0648"
508026,2025-12-31,2026-03-30,nav_per_unit,2.3024,RMB_per_unit,https://www.sse.com.cn/disclosure/fund/announcement/c/new/2026-03-30/508026_20260330_J2W7.pdf,annual_report,machine_extracted_official_pdf,报告截止日 2025-12-31，基金份额净值 2.3024 元
508026,2026-03-31,2026-04-22,distributable_amount_per_unit_quarter,0.0614,RMB_per_unit,https://www.sse.com.cn/disclosure/fund/announcement/c/new/2026-04-22/508026_20260422_21XV.pdf,quarterly_report,machine_extracted_official_pdf,"报告期末基金份额总额 400,000,000.00 份；本期可供分配金额 24,579,787.88，单位可供分配金额 0.0614"
508026,2026-03-31,2026-04-22,distributable_amount_quarter,24579787.88,RMB,https://www.sse.com.cn/disclosure/fund/announcement/c/new/2026-04-22/508026_20260422_21XV.pdf,quarterly_report,machine_extracted_official_pdf,"报告期末基金份额总额 400,000,000.00 份；本期可供分配金额 24,579,787.88，单位可供分配金额 0.0614"
508026,2026-03-31,2026-04-22,fund_shares,400000000.0,shares,https://www.sse.com.cn/disclosure/fund/announcement/c/new/2026-04-22/508026_20260422_21XV.pdf,quarterly_report,machine_extracted_official_pdf,"报告期末基金份额总额 400,000,000.00 份；本期可供分配金额 24,579,787.88，单位可供分配金额 0.0614"
508026,2026-06-30,2026-07-21,distributable_amount_per_unit_quarter,0.0153,RMB_per_unit,https://www.sse.com.cn/disclosure/fund/announcement/c/new/2026-07-21/508026_20260721_JI1N.pdf,quarterly_report,machine_extracted_official_pdf,"报告期末基金份额总额 400,000,000.00 份；本期可供分配金额 6,104,611.97，单位可供分配金额 0.0153"
508026,2026-06-30,2026-07-21,distributable_amount_quarter,6104611.97,RMB,https://www.sse.com.cn/disclosure/fund/announcement/c/new/2026-07-21/508026_20260721_JI1N.pdf,quarterly_report,machine_extracted_official_pdf,"报告期末基金份额总额 400,000,000.00 份；本期可供分配金额 6,104,611.97，单位可供分配金额 0.0153"
508026,2026-06-30,2026-07-21,fund_shares,400000000.0,shares,https://www.sse.com.cn/disclosure/fund/announcement/c/new/2026-07-21/508026_20260721_JI1N.pdf,quarterly_report,machine_extracted_official_pdf,"报告期末基金份额总额 400,000,000.00 份；本期可供分配金额 6,104,611.97，单位可供分配金额 0.0153"
508028,2023-06-30,2023-07-21,distributable_amount_per_unit_quarter,0.2866,RMB_per_unit,https://www.sse.com.cn/disclosure/fund/announcement/c/new/2023-07-21/508028_20230721_85FM.pdf,quarterly_report,machine_extracted_official_pdf,"报告期末基金份额总额 800,000,000.00 份；本期可供分配金额 229,304,121.42，单位可供分配金额 0.2866"
508028,2023-06-30,2023-07-21,distributable_amount_quarter,229304121.42,RMB,https://www.sse.com.cn/disclosure/fund/announcement/c/new/2023-07-21/508028_20230721_85FM.pdf,quarterly_report,machine_extracted_official_pdf,"报告期末基金份额总额 800,000,000.00 份；本期可供分配金额 229,304,121.42，单位可供分配金额 0.2866"
508028,2023-06-30,2023-07-21,fund_shares,800000000.0,shares,https://www.sse.com.cn/disclosure/fund/announcement/c/new/2023-07-21/508028_20230721_85FM.pdf,quarterly_report,machine_extracted_official_pdf,"报告期末基金份额总额 800,000,000.00 份；本期可供分配金额 229,304,121.42，单位可供分配金额 0.2866"
508028,2023-09-30,2023-10-25,distributable_amount_per_unit_quarter,0.2564,RMB_per_unit,https://www.sse.com.cn/disclosure/fund/announcement/c/new/2023-10-25/508028_20231025_AA5D.pdf,quarterly_report,machine_extracted_official_pdf,"报告期末基金份额总额 800,000,000.00 份；本期可供分配金额 205,120,911.44，单位可供分配金额 0.2564"
508028,2023-09-30,2023-10-25,distributable_amount_quarter,205120911.44,RMB,https://www.sse.com.cn/disclosure/fund/announcement/c/new/2023-10-25/508028_20231025_AA5D.pdf,quarterly_report,machine_extracted_official_pdf,"报告期末基金份额总额 800,000,000.00 份；本期可供分配金额 205,120,911.44，单位可供分配金额 0.2564"
508028,2023-09-30,2023-10-25,fund_shares,800000000.0,shares,https://www.sse.com.cn/disclosure/fund/announcement/c/new/2023-10-25/508028_20231025_AA5D.pdf,quarterly_report,machine_extracted_official_pdf,"报告期末基金份额总额 800,000,000.00 份；本期可供分配金额 205,120,911.44，单位可供分配金额 0.2564"
508028,2023-12-31,2024-01-22,distributable_amount_per_unit_quarter,0.2714,RMB_per_unit,https://www.sse.com.cn/disclosure/fund/announcement/c/new/2024-01-22/508028_20240122_M73M.pdf,quarterly_report,machine_extracted_official_pdf,"报告期末基金份额总额 800,000,000.00 份；本期可供分配金额 217,124,591.43，单位可供分配金额 0.2714"
508028,2023-12-31,2024-01-22,distributable_amount_quarter,217124591.43,RMB,https://www.sse.com.cn/disclosure/fund/announcement/c/new/2024-01-22/508028_20240122_M73M.pdf,quarterly_report,machine_extracted_official_pdf,"报告期末基金份额总额 800,000,000.00 份；本期可供分配金额 217,124,591.43，单位可供分配金额 0.2714"
508028,2023-12-31,2024-01-22,fund_shares,800000000.0,shares,https://www.sse.com.cn/disclosure/fund/announcement/c/new/2024-01-22/508028_20240122_M73M.pdf,quarterly_report,machine_extracted_official_pdf,"报告期末基金份额总额 800,000,000.00 份；本期可供分配金额 217,124,591.43，单位可供分配金额 0.2714"
508028,2023-12-31,2024-03-29,nav_per_unit,9.4069,RMB_per_unit,https://www.sse.com.cn/disclosure/fund/announcement/c/new/2024-03-29/508028_20240329_KQI8.pdf,annual_report,machine_extracted_official_pdf,报告截止日 2023-12-31，基金份额净值 9.4069 元
508028,2024-03-31,2024-04-22,distributable_amount_per_unit_quarter,0.1706,RMB_per_unit,https://www.sse.com.cn/disclosure/fund/announcement/c/new/2024-04-22/508028_20240422_NS1X.pdf,quarterly_report,machine_extracted_official_pdf,"报告期末基金份额总额 800,000,000.00 份；本期可供分配金额 136,490,376.56，单位可供分配金额 0.1706"
508028,2024-03-31,2024-04-22,distributable_amount_quarter,136490376.56,RMB,https://www.sse.com.cn/disclosure/fund/announcement/c/new/2024-04-22/508028_20240422_NS1X.pdf,quarterly_report,machine_extracted_official_pdf,"报告期末基金份额总额 800,000,000.00 份；本期可供分配金额 136,490,376.56，单位可供分配金额 0.1706"
508028,2024-03-31,2024-04-22,fund_shares,800000000.0,shares,https://www.sse.com.cn/disclosure/fund/announcement/c/new/2024-04-22/508028_20240422_NS1X.pdf,quarterly_report,machine_extracted_official_pdf,"报告期末基金份额总额 800,000,000.00 份；本期可供分配金额 136,490,376.56，单位可供分配金额 0.1706"
508028,2024-06-30,2024-07-19,distributable_amount_per_unit_quarter,-0.0527,RMB_per_unit,https://www.sse.com.cn/disclosure/fund/announcement/c/new/2024-07-19/508028_20240719_95R7.pdf,quarterly_report,machine_extracted_official_pdf,"报告期末基金份额总额 800,000,000.00 份；本期可供分配金额 -42,121,401.86，单位可供分配金额 -0.0527"
508028,2024-06-30,2024-07-19,distributable_amount_quarter,-42121401.86,RMB,https://www.sse.com.cn/disclosure/fund/announcement/c/new/2024-07-19/508028_20240719_95R7.pdf,quarterly_report,machine_extracted_official_pdf,"报告期末基金份额总额 800,000,000.00 份；本期可供分配金额 -42,121,401.86，单位可供分配金额 -0.0527"
508028,2024-06-30,2024-07-19,fund_shares,800000000.0,shares,https://www.sse.com.cn/disclosure/fund/announcement/c/new/2024-07-19/508028_20240719_95R7.pdf,quarterly_report,machine_extracted_official_pdf,"报告期末基金份额总额 800,000,000.00 份；本期可供分配金额 -42,121,401.86，单位可供分配金额 -0.0527"
508028,2024-09-30,2024-10-25,distributable_amount_per_unit_quarter,0.1203,RMB_per_unit,https://www.sse.com.cn/disclosure/fund/announcement/c/new/2024-10-25/508028_20241025_2Z9V.pdf,quarterly_report,machine_extracted_official_pdf,"报告期末基金份额总额 800,000,000.00 份；本期可供分配金额 96,232,913.20，单位可供分配金额 0.1203"
508028,2024-09-30,2024-10-25,distributable_amount_quarter,96232913.2,RMB,https://www.sse.com.cn/disclosure/fund/announcement/c/new/2024-10-25/508028_20241025_2Z9V.pdf,quarterly_report,machine_extracted_official_pdf,"报告期末基金份额总额 800,000,000.00 份；本期可供分配金额 96,232,913.20，单位可供分配金额 0.1203"
508028,2024-09-30,2024-10-25,fund_shares,800000000.0,shares,https://www.sse.com.cn/disclosure/fund/announcement/c/new/2024-10-25/508028_20241025_2Z9V.pdf,quarterly_report,machine_extracted_official_pdf,"报告期末基金份额总额 800,000,000.00 份；本期可供分配金额 96,232,913.20，单位可供分配金额 0.1203"
508028,2024-12-31,2025-01-22,distributable_amount_per_unit_quarter,0.2971,RMB_per_unit,https://www.sse.com.cn/disclosure/fund/announcement/c/new/2025-01-22/508028_20250122_36A6.pdf,quarterly_report,machine_extracted_official_pdf,"报告期末基金份额总额 800,000,000.00 份；本期可供分配金额 237,692,017.56，单位可供分配金额 0.2971"
508028,2024-12-31,2025-01-22,distributable_amount_quarter,237692017.56,RMB,https://www.sse.com.cn/disclosure/fund/announcement/c/new/2025-01-22/508028_20250122_36A6.pdf,quarterly_report,machine_extracted_official_pdf,"报告期末基金份额总额 800,000,000.00 份；本期可供分配金额 237,692,017.56，单位可供分配金额 0.2971"
508028,2024-12-31,2025-01-22,fund_shares,800000000.0,shares,https://www.sse.com.cn/disclosure/fund/announcement/c/new/2025-01-22/508028_20250122_36A6.pdf,quarterly_report,machine_extracted_official_pdf,"报告期末基金份额总额 800,000,000.00 份；本期可供分配金额 237,692,017.56，单位可供分配金额 0.2971"
508028,2024-12-31,2025-03-31,nav_per_unit,8.9243,RMB_per_unit,https://www.sse.com.cn/disclosure/fund/announcement/c/new/2025-03-31/508028_20250331_6H6Q.pdf,annual_report,machine_extracted_official_pdf,报告截止日 2024-12-31，基金份额净值 8.9243 元
508028,2025-03-31,2025-04-22,distributable_amount_per_unit_quarter,0.0878,RMB_per_unit,https://www.sse.com.cn/disclosure/fund/announcement/c/new/2025-04-22/508028_20250422_YHMC.pdf,quarterly_report,machine_extracted_official_pdf,"报告期末基金份额总额 800,000,000.00 份；本期可供分配金额 70,230,449.00，单位可供分配金额 0.0878"
508028,2025-03-31,2025-04-22,distributable_amount_quarter,70230449.0,RMB,https://www.sse.com.cn/disclosure/fund/announcement/c/new/2025-04-22/508028_20250422_YHMC.pdf,quarterly_report,machine_extracted_official_pdf,"报告期末基金份额总额 800,000,000.00 份；本期可供分配金额 70,230,449.00，单位可供分配金额 0.0878"
508028,2025-03-31,2025-04-22,fund_shares,800000000.0,shares,https://www.sse.com.cn/disclosure/fund/announcement/c/new/2025-04-22/508028_20250422_YHMC.pdf,quarterly_report,machine_extracted_official_pdf,"报告期末基金份额总额 800,000,000.00 份；本期可供分配金额 70,230,449.00，单位可供分配金额 0.0878"
508028,2025-06-30,2025-07-21,distributable_amount_per_unit_quarter,0.0832,RMB_per_unit,https://www.sse.com.cn/disclosure/fund/announcement/c/new/2025-07-21/508028_20250721_TBZ8.pdf,quarterly_report,machine_extracted_official_pdf,"报告期末基金份额总额 800,000,000.00 份；本期可供分配金额 66,569,026.38，单位可供分配金额 0.0832"
508028,2025-06-30,2025-07-21,distributable_amount_quarter,66569026.38,RMB,https://www.sse.com.cn/disclosure/fund/announcement/c/new/2025-07-21/508028_20250721_TBZ8.pdf,quarterly_report,machine_extracted_official_pdf,"报告期末基金份额总额 800,000,000.00 份；本期可供分配金额 66,569,026.38，单位可供分配金额 0.0832"
508028,2025-06-30,2025-07-21,fund_shares,800000000.0,shares,https://www.sse.com.cn/disclosure/fund/announcement/c/new/2025-07-21/508028_20250721_TBZ8.pdf,quarterly_report,machine_extracted_official_pdf,"报告期末基金份额总额 800,000,000.00 份；本期可供分配金额 66,569,026.38，单位可供分配金额 0.0832"
508028,2025-09-30,2025-10-28,distributable_amount_per_unit_quarter,-0.0122,RMB_per_unit,https://www.sse.com.cn/disclosure/fund/announcement/c/new/2025-10-28/508028_20251028_036Z.pdf,quarterly_report,machine_extracted_official_pdf,"报告期末基金份额总额 800,000,000.00 份；本期可供分配金额 -9,791,578.68，单位可供分配金额 -0.0122"
508028,2025-09-30,2025-10-28,distributable_amount_quarter,-9791578.68,RMB,https://www.sse.com.cn/disclosure/fund/announcement/c/new/2025-10-28/508028_20251028_036Z.pdf,quarterly_report,machine_extracted_official_pdf,"报告期末基金份额总额 800,000,000.00 份；本期可供分配金额 -9,791,578.68，单位可供分配金额 -0.0122"
508028,2025-09-30,2025-10-28,fund_shares,800000000.0,shares,https://www.sse.com.cn/disclosure/fund/announcement/c/new/2025-10-28/508028_20251028_036Z.pdf,quarterly_report,machine_extracted_official_pdf,"报告期末基金份额总额 800,000,000.00 份；本期可供分配金额 -9,791,578.68，单位可供分配金额 -0.0122"
508028,2025-12-31,2026-01-22,distributable_amount_per_unit_quarter,0.2004,RMB_per_unit,https://www.sse.com.cn/disclosure/fund/announcement/c/new/2026-01-22/508028_20260122_8WBS.pdf,quarterly_report,machine_extracted_official_pdf,"报告期末基金份额总额 800,000,000.00 份；本期可供分配金额 160,315,523.99，单位可供分配金额 0.2004"
508028,2025-12-31,2026-01-22,distributable_amount_quarter,160315523.99,RMB,https://www.sse.com.cn/disclosure/fund/announcement/c/new/2026-01-22/508028_20260122_8WBS.pdf,quarterly_report,machine_extracted_official_pdf,"报告期末基金份额总额 800,000,000.00 份；本期可供分配金额 160,315,523.99，单位可供分配金额 0.2004"
508028,2025-12-31,2026-01-22,fund_shares,800000000.0,shares,https://www.sse.com.cn/disclosure/fund/announcement/c/new/2026-01-22/508028_20260122_8WBS.pdf,quarterly_report,machine_extracted_official_pdf,"报告期末基金份额总额 800,000,000.00 份；本期可供分配金额 160,315,523.99，单位可供分配金额 0.2004"
508028,2025-12-31,2026-03-31,nav_per_unit,8.5982,RMB_per_unit,https://www.sse.com.cn/disclosure/fund/announcement/c/new/2026-03-31/508028_20260331_M9ZP.pdf,annual_report,machine_extracted_official_pdf,报告截止日 2025-12-31，基金份额净值 8.5982 元
508028,2026-03-31,2026-04-22,distributable_amount_per_unit_quarter,0.1035,RMB_per_unit,https://www.sse.com.cn/disclosure/fund/announcement/c/new/2026-04-22/508028_20260422_YR89.pdf,quarterly_report,machine_extracted_official_pdf,"报告期末基金份额总额 800,000,000.00 份；本期可供分配金额 82,796,394.83，单位可供分配金额 0.1035"
508028,2026-03-31,2026-04-22,distributable_amount_quarter,82796394.83,RMB,https://www.sse.com.cn/disclosure/fund/announcement/c/new/2026-04-22/508028_20260422_YR89.pdf,quarterly_report,machine_extracted_official_pdf,"报告期末基金份额总额 800,000,000.00 份；本期可供分配金额 82,796,394.83，单位可供分配金额 0.1035"
508028,2026-03-31,2026-04-22,fund_shares,800000000.0,shares,https://www.sse.com.cn/disclosure/fund/announcement/c/new/2026-04-22/508028_20260422_YR89.pdf,quarterly_report,machine_extracted_official_pdf,"报告期末基金份额总额 800,000,000.00 份；本期可供分配金额 82,796,394.83，单位可供分配金额 0.1035"
508028,2026-06-30,2026-07-21,distributable_amount_per_unit_quarter,-0.014,RMB_per_unit,https://www.sse.com.cn/disclosure/fund/announcement/c/new/2026-07-21/508028_20260721_W0FA.pdf,quarterly_report,machine_extracted_official_pdf,"报告期末基金份额总额 800,000,000.00 份；本期可供分配金额 -11,212,394.48，单位可供分配金额 -0.0140"
508028,2026-06-30,2026-07-21,distributable_amount_quarter,-11212394.48,RMB,https://www.sse.com.cn/disclosure/fund/announcement/c/new/2026-07-21/508028_20260721_W0FA.pdf,quarterly_report,machine_extracted_official_pdf,"报告期末基金份额总额 800,000,000.00 份；本期可供分配金额 -11,212,394.48，单位可供分配金额 -0.0140"
508028,2026-06-30,2026-07-21,fund_shares,800000000.0,shares,https://www.sse.com.cn/disclosure/fund/announcement/c/new/2026-07-21/508028_20260721_W0FA.pdf,quarterly_report,machine_extracted_official_pdf,"报告期末基金份额总额 800,000,000.00 份；本期可供分配金额 -11,212,394.48，单位可供分配金额 -0.0140"
508056,2022-12-31,2023-03-31,nav_per_unit,3.7301,RMB_per_unit,https://www.sse.com.cn/disclosure/fund/announcement/c/new/2023-03-31/508056_20230331_L49D.pdf,annual_report,machine_extracted_official_pdf,报告截止日 2022-12-31，基金份额净值 3.7301 元
508056,2023-03-31,2023-04-21,distributable_amount_per_unit_quarter,0.0446,RMB_per_unit,https://www.sse.com.cn/disclosure/fund/announcement/c/new/2023-04-21/508056_20230421_Y6LQ.pdf,quarterly_report,machine_extracted_official_pdf,"报告期末基金份额总额 1,500,000,000.00 份；本期可供分配金额 66,850,864.57，单位可供分配金额 0.0446"
508056,2023-03-31,2023-04-21,distributable_amount_quarter,66850864.57,RMB,https://www.sse.com.cn/disclosure/fund/announcement/c/new/2023-04-21/508056_20230421_Y6LQ.pdf,quarterly_report,machine_extracted_official_pdf,"报告期末基金份额总额 1,500,000,000.00 份；本期可供分配金额 66,850,864.57，单位可供分配金额 0.0446"
508056,2023-03-31,2023-04-21,fund_shares,1500000000.0,shares,https://www.sse.com.cn/disclosure/fund/announcement/c/new/2023-04-21/508056_20230421_Y6LQ.pdf,quarterly_report,machine_extracted_official_pdf,"报告期末基金份额总额 1,500,000,000.00 份；本期可供分配金额 66,850,864.57，单位可供分配金额 0.0446"
508056,2023-06-30,2023-07-21,distributable_amount_per_unit_quarter,0.0542,RMB_per_unit,https://www.sse.com.cn/disclosure/fund/announcement/c/new/2023-07-21/508056_20230721_9HWW.pdf,quarterly_report,machine_extracted_official_pdf,"报告期末基金份额总额 1,938,268,684.00 份；本期可供分配金额 105,006,339.54，单位可供分配金额 0.0542"
508056,2023-06-30,2023-07-21,distributable_amount_quarter,105006339.54,RMB,https://www.sse.com.cn/disclosure/fund/announcement/c/new/2023-07-21/508056_20230721_9HWW.pdf,quarterly_report,machine_extracted_official_pdf,"报告期末基金份额总额 1,938,268,684.00 份；本期可供分配金额 105,006,339.54，单位可供分配金额 0.0542"
508056,2023-06-30,2023-07-21,fund_shares,1938268684.0,shares,https://www.sse.com.cn/disclosure/fund/announcement/c/new/2023-07-21/508056_20230721_9HWW.pdf,quarterly_report,machine_extracted_official_pdf,"报告期末基金份额总额 1,938,268,684.00 份；本期可供分配金额 105,006,339.54，单位可供分配金额 0.0542"
508056,2023-09-30,2023-10-25,distributable_amount_per_unit_quarter,0.0447,RMB_per_unit,https://www.sse.com.cn/disclosure/fund/announcement/c/new/2023-10-25/508056_20231025_2K5G.pdf,quarterly_report,machine_extracted_official_pdf,"报告期末基金份额总额 1,938,268,684.00 份；本期可供分配金额 86,727,663.00，单位可供分配金额 0.0447"
508056,2023-09-30,2023-10-25,distributable_amount_quarter,86727663.0,RMB,https://www.sse.com.cn/disclosure/fund/announcement/c/new/2023-10-25/508056_20231025_2K5G.pdf,quarterly_report,machine_extracted_official_pdf,"报告期末基金份额总额 1,938,268,684.00 份；本期可供分配金额 86,727,663.00，单位可供分配金额 0.0447"
508056,2023-09-30,2023-10-25,fund_shares,1938268684.0,shares,https://www.sse.com.cn/disclosure/fund/announcement/c/new/2023-10-25/508056_20231025_2K5G.pdf,quarterly_report,machine_extracted_official_pdf,"报告期末基金份额总额 1,938,268,684.00 份；本期可供分配金额 86,727,663.00，单位可供分配金额 0.0447"
508056,2023-12-31,2024-01-19,distributable_amount_per_unit_quarter,0.0477,RMB_per_unit,https://www.sse.com.cn/disclosure/fund/announcement/c/new/2024-01-19/508056_20240119_QBOC.pdf,quarterly_report,machine_extracted_official_pdf,"报告期末基金份额总额 1,938,268,684.00 份；本期可供分配金额 92,525,556.53，单位可供分配金额 0.0477"
508056,2023-12-31,2024-01-19,distributable_amount_quarter,92525556.53,RMB,https://www.sse.com.cn/disclosure/fund/announcement/c/new/2024-01-19/508056_20240119_QBOC.pdf,quarterly_report,machine_extracted_official_pdf,"报告期末基金份额总额 1,938,268,684.00 份；本期可供分配金额 92,525,556.53，单位可供分配金额 0.0477"
508056,2023-12-31,2024-01-19,fund_shares,1938268684.0,shares,https://www.sse.com.cn/disclosure/fund/announcement/c/new/2024-01-19/508056_20240119_QBOC.pdf,quarterly_report,machine_extracted_official_pdf,"报告期末基金份额总额 1,938,268,684.00 份；本期可供分配金额 92,525,556.53，单位可供分配金额 0.0477"
508056,2023-12-31,2024-03-29,nav_per_unit,3.6602,RMB_per_unit,https://www.sse.com.cn/disclosure/fund/announcement/c/new/2024-03-29/508056_20240329_OLPR.pdf,annual_report,machine_extracted_official_pdf,报告截止日 2023-12-31，基金份额净值 3.6602 元
508056,2024-03-31,2024-04-20,distributable_amount_per_unit_quarter,0.0458,RMB_per_unit,https://www.sse.com.cn/disclosure/fund/announcement/c/new/2024-04-20/508056_20240420_HAND.pdf,quarterly_report,machine_extracted_official_pdf,"报告期末基金份额总额 1,938,268,684.00 份；本期可供分配金额 88,840,122.68，单位可供分配金额 0.0458"
508056,2024-03-31,2024-04-20,distributable_amount_quarter,88840122.68,RMB,https://www.sse.com.cn/disclosure/fund/announcement/c/new/2024-04-20/508056_20240420_HAND.pdf,quarterly_report,machine_extracted_official_pdf,"报告期末基金份额总额 1,938,268,684.00 份；本期可供分配金额 88,840,122.68，单位可供分配金额 0.0458"
508056,2024-03-31,2024-04-20,fund_shares,1938268684.0,shares,https://www.sse.com.cn/disclosure/fund/announcement/c/new/2024-04-20/508056_20240420_HAND.pdf,quarterly_report,machine_extracted_official_pdf,"报告期末基金份额总额 1,938,268,684.00 份；本期可供分配金额 88,840,122.68，单位可供分配金额 0.0458"
508056,2024-06-30,2024-07-19,distributable_amount_per_unit_quarter,0.0465,RMB_per_unit,https://www.sse.com.cn/disclosure/fund/announcement/c/new/2024-07-19/508056_20240719_ZXZK.pdf,quarterly_report,machine_extracted_official_pdf,"报告期末基金份额总额 1,938,268,684.00 份；本期可供分配金额 90,043,692.89，单位可供分配金额 0.0465"
508056,2024-06-30,2024-07-19,distributable_amount_quarter,90043692.89,RMB,https://www.sse.com.cn/disclosure/fund/announcement/c/new/2024-07-19/508056_20240719_ZXZK.pdf,quarterly_report,machine_extracted_official_pdf,"报告期末基金份额总额 1,938,268,684.00 份；本期可供分配金额 90,043,692.89，单位可供分配金额 0.0465"
508056,2024-06-30,2024-07-19,fund_shares,1938268684.0,shares,https://www.sse.com.cn/disclosure/fund/announcement/c/new/2024-07-19/508056_20240719_ZXZK.pdf,quarterly_report,machine_extracted_official_pdf,"报告期末基金份额总额 1,938,268,684.00 份；本期可供分配金额 90,043,692.89，单位可供分配金额 0.0465"
508056,2024-09-30,2024-10-25,distributable_amount_per_unit_quarter,0.0455,RMB_per_unit,https://www.sse.com.cn/disclosure/fund/announcement/c/new/2024-10-25/508056_20241025_Y07L.pdf,quarterly_report,machine_extracted_official_pdf,"报告期末基金份额总额 1,938,268,684.00 份；本期可供分配金额 88,259,083.11，单位可供分配金额 0.0455"
508056,2024-09-30,2024-10-25,distributable_amount_quarter,88259083.11,RMB,https://www.sse.com.cn/disclosure/fund/announcement/c/new/2024-10-25/508056_20241025_Y07L.pdf,quarterly_report,machine_extracted_official_pdf,"报告期末基金份额总额 1,938,268,684.00 份；本期可供分配金额 88,259,083.11，单位可供分配金额 0.0455"
508056,2024-09-30,2024-10-25,fund_shares,1938268684.0,shares,https://www.sse.com.cn/disclosure/fund/announcement/c/new/2024-10-25/508056_20241025_Y07L.pdf,quarterly_report,machine_extracted_official_pdf,"报告期末基金份额总额 1,938,268,684.00 份；本期可供分配金额 88,259,083.11，单位可供分配金额 0.0455"
508056,2024-12-31,2025-01-22,distributable_amount_per_unit_quarter,0.0479,RMB_per_unit,https://www.sse.com.cn/disclosure/fund/announcement/c/new/2025-01-22/508056_20250122_9XL0.pdf,quarterly_report,machine_extracted_official_pdf,"报告期末基金份额总额 1,938,268,684.00 份；本期可供分配金额 92,790,449.67，单位可供分配金额 0.0479"
508056,2024-12-31,2025-01-22,distributable_amount_quarter,92790449.67,RMB,https://www.sse.com.cn/disclosure/fund/announcement/c/new/2025-01-22/508056_20250122_9XL0.pdf,quarterly_report,machine_extracted_official_pdf,"报告期末基金份额总额 1,938,268,684.00 份；本期可供分配金额 92,790,449.67，单位可供分配金额 0.0479"
508056,2024-12-31,2025-01-22,fund_shares,1938268684.0,shares,https://www.sse.com.cn/disclosure/fund/announcement/c/new/2025-01-22/508056_20250122_9XL0.pdf,quarterly_report,machine_extracted_official_pdf,"报告期末基金份额总额 1,938,268,684.00 份；本期可供分配金额 92,790,449.67，单位可供分配金额 0.0479"
508056,2024-12-31,2025-03-28,nav_per_unit,3.4197,RMB_per_unit,https://www.sse.com.cn/disclosure/fund/announcement/c/new/2025-03-28/508056_20250328_6KQ4.pdf,annual_report,machine_extracted_official_pdf,报告截止日 2024-12-31，基金份额净值 3.4197 元
508056,2025-03-31,2025-04-22,distributable_amount_per_unit_quarter,0.0427,RMB_per_unit,https://www.sse.com.cn/disclosure/fund/announcement/c/new/2025-04-22/508056_20250422_C26F.pdf,quarterly_report,machine_extracted_official_pdf,"报告期末基金份额总额 1,938,268,684.00 份；本期可供分配金额 82,825,928.95，单位可供分配金额 0.0427"
508056,2025-03-31,2025-04-22,distributable_amount_quarter,82825928.95,RMB,https://www.sse.com.cn/disclosure/fund/announcement/c/new/2025-04-22/508056_20250422_C26F.pdf,quarterly_report,machine_extracted_official_pdf,"报告期末基金份额总额 1,938,268,684.00 份；本期可供分配金额 82,825,928.95，单位可供分配金额 0.0427"
508056,2025-03-31,2025-04-22,fund_shares,1938268684.0,shares,https://www.sse.com.cn/disclosure/fund/announcement/c/new/2025-04-22/508056_20250422_C26F.pdf,quarterly_report,machine_extracted_official_pdf,"报告期末基金份额总额 1,938,268,684.00 份；本期可供分配金额 82,825,928.95，单位可供分配金额 0.0427"
508056,2025-06-30,2025-07-21,distributable_amount_per_unit_quarter,0.0433,RMB_per_unit,https://www.sse.com.cn/disclosure/fund/announcement/c/new/2025-07-21/508056_20250721_ICAX.pdf,quarterly_report,machine_extracted_official_pdf,"报告期末基金份额总额 1,938,268,684.00 份；本期可供分配金额 83,962,570.66，单位可供分配金额 0.0433"
508056,2025-06-30,2025-07-21,distributable_amount_quarter,83962570.66,RMB,https://www.sse.com.cn/disclosure/fund/announcement/c/new/2025-07-21/508056_20250721_ICAX.pdf,quarterly_report,machine_extracted_official_pdf,"报告期末基金份额总额 1,938,268,684.00 份；本期可供分配金额 83,962,570.66，单位可供分配金额 0.0433"
508056,2025-06-30,2025-07-21,fund_shares,1938268684.0,shares,https://www.sse.com.cn/disclosure/fund/announcement/c/new/2025-07-21/508056_20250721_ICAX.pdf,quarterly_report,machine_extracted_official_pdf,"报告期末基金份额总额 1,938,268,684.00 份；本期可供分配金额 83,962,570.66，单位可供分配金额 0.0433"
508056,2025-09-30,2025-10-28,distributable_amount_per_unit_quarter,0.0434,RMB_per_unit,https://www.sse.com.cn/disclosure/fund/announcement/c/new/2025-10-28/508056_20251028_WX10.pdf,quarterly_report,machine_extracted_official_pdf,"报告期末基金份额总额 1,938,268,684.00 份；本期可供分配金额 84,035,109.60，单位可供分配金额 0.0434"
508056,2025-09-30,2025-10-28,distributable_amount_quarter,84035109.6,RMB,https://www.sse.com.cn/disclosure/fund/announcement/c/new/2025-10-28/508056_20251028_WX10.pdf,quarterly_report,machine_extracted_official_pdf,"报告期末基金份额总额 1,938,268,684.00 份；本期可供分配金额 84,035,109.60，单位可供分配金额 0.0434"
508056,2025-09-30,2025-10-28,fund_shares,1938268684.0,shares,https://www.sse.com.cn/disclosure/fund/announcement/c/new/2025-10-28/508056_20251028_WX10.pdf,quarterly_report,machine_extracted_official_pdf,"报告期末基金份额总额 1,938,268,684.00 份；本期可供分配金额 84,035,109.60，单位可供分配金额 0.0434"
508056,2025-12-31,2026-01-22,distributable_amount_per_unit_quarter,0.0447,RMB_per_unit,https://www.sse.com.cn/disclosure/fund/announcement/c/new/2026-01-22/508056_20260122_3U4R.pdf,quarterly_report,machine_extracted_official_pdf,"报告期末基金份额总额 1,938,268,684.00 份；本期可供分配金额 86,649,219.38，单位可供分配金额 0.0447"
508056,2025-12-31,2026-01-22,distributable_amount_quarter,86649219.38,RMB,https://www.sse.com.cn/disclosure/fund/announcement/c/new/2026-01-22/508056_20260122_3U4R.pdf,quarterly_report,machine_extracted_official_pdf,"报告期末基金份额总额 1,938,268,684.00 份；本期可供分配金额 86,649,219.38，单位可供分配金额 0.0447"
508056,2025-12-31,2026-01-22,fund_shares,1938268684.0,shares,https://www.sse.com.cn/disclosure/fund/announcement/c/new/2026-01-22/508056_20260122_3U4R.pdf,quarterly_report,machine_extracted_official_pdf,"报告期末基金份额总额 1,938,268,684.00 份；本期可供分配金额 86,649,219.38，单位可供分配金额 0.0447"
508056,2025-12-31,2026-03-31,nav_per_unit,3.2017,RMB_per_unit,https://www.sse.com.cn/disclosure/fund/announcement/c/new/2026-03-31/508056_20260331_3FF2.pdf,annual_report,machine_extracted_official_pdf,报告截止日 2025-12-31，基金份额净值 3.2017 元
508056,2026-03-31,2026-04-22,distributable_amount_per_unit_quarter,0.0355,RMB_per_unit,https://www.sse.com.cn/disclosure/fund/announcement/c/new/2026-04-22/508056_20260422_YTZD.pdf,quarterly_report,machine_extracted_official_pdf,"报告期末基金份额总额 1,938,268,684.00 份；本期可供分配金额 68,888,717.81，单位可供分配金额 0.0355"
508056,2026-03-31,2026-04-22,distributable_amount_quarter,68888717.81,RMB,https://www.sse.com.cn/disclosure/fund/announcement/c/new/2026-04-22/508056_20260422_YTZD.pdf,quarterly_report,machine_extracted_official_pdf,"报告期末基金份额总额 1,938,268,684.00 份；本期可供分配金额 68,888,717.81，单位可供分配金额 0.0355"
508056,2026-03-31,2026-04-22,fund_shares,1938268684.0,shares,https://www.sse.com.cn/disclosure/fund/announcement/c/new/2026-04-22/508056_20260422_YTZD.pdf,quarterly_report,machine_extracted_official_pdf,"报告期末基金份额总额 1,938,268,684.00 份；本期可供分配金额 68,888,717.81，单位可供分配金额 0.0355"
508056,2026-06-30,2026-07-21,distributable_amount_per_unit_quarter,0.0374,RMB_per_unit,https://www.sse.com.cn/disclosure/fund/announcement/c/new/2026-07-21/508056_20260721_IU7O.pdf,quarterly_report,machine_extracted_official_pdf,"报告期末基金份额总额 1,938,268,684.00 份；本期可供分配金额 72,445,290.41，单位可供分配金额 0.0374"
508056,2026-06-30,2026-07-21,distributable_amount_quarter,72445290.41,RMB,https://www.sse.com.cn/disclosure/fund/announcement/c/new/2026-07-21/508056_20260721_IU7O.pdf,quarterly_report,machine_extracted_official_pdf,"报告期末基金份额总额 1,938,268,684.00 份；本期可供分配金额 72,445,290.41，单位可供分配金额 0.0374"
508056,2026-06-30,2026-07-21,fund_shares,1938268684.0,shares,https://www.sse.com.cn/disclosure/fund/announcement/c/new/2026-07-21/508056_20260721_IU7O.pdf,quarterly_report,machine_extracted_official_pdf,"报告期末基金份额总额 1,938,268,684.00 份；本期可供分配金额 72,445,290.41，单位可供分配金额 0.0374"
508096,2023-06-30,2023-07-20,distributable_amount_per_unit_quarter,0.1302,RMB_per_unit,https://www.sse.com.cn/disclosure/fund/announcement/c/new/2023-07-20/508096_20230720_A0O6.pdf,quarterly_report,machine_extracted_official_pdf,"报告期末基金份额总额 300,000,000.00 份；本期可供分配金额 39,062,586.72，单位可供分配金额 0.1302"
508096,2023-06-30,2023-07-20,distributable_amount_quarter,39062586.72,RMB,https://www.sse.com.cn/disclosure/fund/announcement/c/new/2023-07-20/508096_20230720_A0O6.pdf,quarterly_report,machine_extracted_official_pdf,"报告期末基金份额总额 300,000,000.00 份；本期可供分配金额 39,062,586.72，单位可供分配金额 0.1302"
508096,2023-06-30,2023-07-20,fund_shares,300000000.0,shares,https://www.sse.com.cn/disclosure/fund/announcement/c/new/2023-07-20/508096_20230720_A0O6.pdf,quarterly_report,machine_extracted_official_pdf,"报告期末基金份额总额 300,000,000.00 份；本期可供分配金额 39,062,586.72，单位可供分配金额 0.1302"
508096,2023-09-30,2023-10-24,distributable_amount_per_unit_quarter,0.9424,RMB_per_unit,https://www.sse.com.cn/disclosure/fund/announcement/c/new/2023-10-24/508096_20231024_ZVCR.pdf,quarterly_report,machine_extracted_official_pdf,"报告期末基金份额总额 300,000,000.00 份；本期可供分配金额 282,717,063.48，单位可供分配金额 0.9424"
508096,2023-09-30,2023-10-24,distributable_amount_quarter,282717063.48,RMB,https://www.sse.com.cn/disclosure/fund/announcement/c/new/2023-10-24/508096_20231024_ZVCR.pdf,quarterly_report,machine_extracted_official_pdf,"报告期末基金份额总额 300,000,000.00 份；本期可供分配金额 282,717,063.48，单位可供分配金额 0.9424"
508096,2023-09-30,2023-10-24,fund_shares,300000000.0,shares,https://www.sse.com.cn/disclosure/fund/announcement/c/new/2023-10-24/508096_20231024_ZVCR.pdf,quarterly_report,machine_extracted_official_pdf,"报告期末基金份额总额 300,000,000.00 份；本期可供分配金额 282,717,063.48，单位可供分配金额 0.9424"
508096,2023-12-31,2024-01-19,distributable_amount_per_unit_quarter,0.0219,RMB_per_unit,https://www.sse.com.cn/disclosure/fund/announcement/c/new/2024-01-19/508096_20240119_MPWQ.pdf,quarterly_report,machine_extracted_official_pdf,"报告期末基金份额总额 300,000,000.00 份；本期可供分配金额 6,568,454.25，单位可供分配金额 0.0219"
508096,2023-12-31,2024-01-19,distributable_amount_quarter,6568454.25,RMB,https://www.sse.com.cn/disclosure/fund/announcement/c/new/2024-01-19/508096_20240119_MPWQ.pdf,quarterly_report,machine_extracted_official_pdf,"报告期末基金份额总额 300,000,000.00 份；本期可供分配金额 6,568,454.25，单位可供分配金额 0.0219"
508096,2023-12-31,2024-01-19,fund_shares,300000000.0,shares,https://www.sse.com.cn/disclosure/fund/announcement/c/new/2024-01-19/508096_20240119_MPWQ.pdf,quarterly_report,machine_extracted_official_pdf,"报告期末基金份额总额 300,000,000.00 份；本期可供分配金额 6,568,454.25，单位可供分配金额 0.0219"
508096,2023-12-31,2024-03-29,nav_per_unit,9.1272,RMB_per_unit,https://www.sse.com.cn/disclosure/fund/announcement/c/new/2024-03-29/508096_20240329_JKFX.pdf,annual_report,machine_extracted_official_pdf,报告截止日 2023-12-31，基金份额净值 9.1272 元
508096,2024-03-31,2024-04-20,distributable_amount_per_unit_quarter,0.5279,RMB_per_unit,https://www.sse.com.cn/disclosure/fund/announcement/c/new/2024-04-20/508096_20240420_VD9G.pdf,quarterly_report,machine_extracted_official_pdf,"报告期末基金份额总额 300,000,000.00 份；本期可供分配金额 158,380,966.85，单位可供分配金额 0.5279"
508096,2024-03-31,2024-04-20,distributable_amount_quarter,158380966.85,RMB,https://www.sse.com.cn/disclosure/fund/announcement/c/new/2024-04-20/508096_20240420_VD9G.pdf,quarterly_report,machine_extracted_official_pdf,"报告期末基金份额总额 300,000,000.00 份；本期可供分配金额 158,380,966.85，单位可供分配金额 0.5279"
508096,2024-03-31,2024-04-20,fund_shares,300000000.0,shares,https://www.sse.com.cn/disclosure/fund/announcement/c/new/2024-04-20/508096_20240420_VD9G.pdf,quarterly_report,machine_extracted_official_pdf,"报告期末基金份额总额 300,000,000.00 份；本期可供分配金额 158,380,966.85，单位可供分配金额 0.5279"
508096,2024-06-30,2024-07-18,distributable_amount_per_unit_quarter,0.1499,RMB_per_unit,https://www.sse.com.cn/disclosure/fund/announcement/c/new/2024-07-18/508096_20240718_M0BE.pdf,quarterly_report,machine_extracted_official_pdf,"报告期末基金份额总额 300,000,000.00 份；本期可供分配金额 44,967,194.48，单位可供分配金额 0.1499"
508096,2024-06-30,2024-07-18,distributable_amount_quarter,44967194.48,RMB,https://www.sse.com.cn/disclosure/fund/announcement/c/new/2024-07-18/508096_20240718_M0BE.pdf,quarterly_report,machine_extracted_official_pdf,"报告期末基金份额总额 300,000,000.00 份；本期可供分配金额 44,967,194.48，单位可供分配金额 0.1499"
508096,2024-06-30,2024-07-18,fund_shares,300000000.0,shares,https://www.sse.com.cn/disclosure/fund/announcement/c/new/2024-07-18/508096_20240718_M0BE.pdf,quarterly_report,machine_extracted_official_pdf,"报告期末基金份额总额 300,000,000.00 份；本期可供分配金额 44,967,194.48，单位可供分配金额 0.1499"
508096,2024-09-30,2024-10-24,distributable_amount_per_unit_quarter,0.4728,RMB_per_unit,https://www.sse.com.cn/disclosure/fund/announcement/c/new/2024-10-24/508096_20241024_4OB1.pdf,quarterly_report,machine_extracted_official_pdf,"报告期末基金份额总额 300,000,000.00 份；本期可供分配金额 141,833,506.27，单位可供分配金额 0.4728"
508096,2024-09-30,2024-10-24,distributable_amount_quarter,141833506.27,RMB,https://www.sse.com.cn/disclosure/fund/announcement/c/new/2024-10-24/508096_20241024_4OB1.pdf,quarterly_report,machine_extracted_official_pdf,"报告期末基金份额总额 300,000,000.00 份；本期可供分配金额 141,833,506.27，单位可供分配金额 0.4728"
508096,2024-09-30,2024-10-24,fund_shares,300000000.0,shares,https://www.sse.com.cn/disclosure/fund/announcement/c/new/2024-10-24/508096_20241024_4OB1.pdf,quarterly_report,machine_extracted_official_pdf,"报告期末基金份额总额 300,000,000.00 份；本期可供分配金额 141,833,506.27，单位可供分配金额 0.4728"
508096,2024-12-31,2025-01-21,distributable_amount_per_unit_quarter,0.0101,RMB_per_unit,https://www.sse.com.cn/disclosure/fund/announcement/c/new/2025-01-21/508096_20250121_E6TE.pdf,quarterly_report,machine_extracted_official_pdf,"报告期末基金份额总额 300,000,000.00 份；本期可供分配金额 3,031,452.67，单位可供分配金额 0.0101"
508096,2024-12-31,2025-01-21,distributable_amount_quarter,3031452.67,RMB,https://www.sse.com.cn/disclosure/fund/announcement/c/new/2025-01-21/508096_20250121_E6TE.pdf,quarterly_report,machine_extracted_official_pdf,"报告期末基金份额总额 300,000,000.00 份；本期可供分配金额 3,031,452.67，单位可供分配金额 0.0101"
508096,2024-12-31,2025-01-21,fund_shares,300000000.0,shares,https://www.sse.com.cn/disclosure/fund/announcement/c/new/2025-01-21/508096_20250121_E6TE.pdf,quarterly_report,machine_extracted_official_pdf,"报告期末基金份额总额 300,000,000.00 份；本期可供分配金额 3,031,452.67，单位可供分配金额 0.0101"
508096,2024-12-31,2025-03-31,nav_per_unit,8.5312,RMB_per_unit,https://www.sse.com.cn/disclosure/fund/announcement/c/new/2025-03-31/508096_20250331_JKSV.pdf,annual_report,machine_extracted_official_pdf,报告截止日 2024-12-31，基金份额净值 8.5312 元
508096,2025-03-31,2025-04-22,distributable_amount_per_unit_quarter,0.01,RMB_per_unit,https://www.sse.com.cn/disclosure/fund/announcement/c/new/2025-04-22/508096_20250422_WDVS.pdf,quarterly_report,machine_extracted_official_pdf,"报告期末基金份额总额 300,000,000.00 份；本期可供分配金额 2,643,885.25，单位可供分配金额 0.01"
508096,2025-03-31,2025-04-22,distributable_amount_quarter,2643885.25,RMB,https://www.sse.com.cn/disclosure/fund/announcement/c/new/2025-04-22/508096_20250422_WDVS.pdf,quarterly_report,machine_extracted_official_pdf,"报告期末基金份额总额 300,000,000.00 份；本期可供分配金额 2,643,885.25，单位可供分配金额 0.01"
508096,2025-03-31,2025-04-22,fund_shares,300000000.0,shares,https://www.sse.com.cn/disclosure/fund/announcement/c/new/2025-04-22/508096_20250422_WDVS.pdf,quarterly_report,machine_extracted_official_pdf,"报告期末基金份额总额 300,000,000.00 份；本期可供分配金额 2,643,885.25，单位可供分配金额 0.01"
508096,2025-06-30,2025-07-21,distributable_amount_per_unit_quarter,0.2182,RMB_per_unit,https://www.sse.com.cn/disclosure/fund/announcement/c/new/2025-07-21/508096_20250721_YPD3.pdf,quarterly_report,machine_extracted_official_pdf,"报告期末基金份额总额 300,000,000.00 份；本期可供分配金额 65,474,826.13，单位可供分配金额 0.2182"
508096,2025-06-30,2025-07-21,distributable_amount_quarter,65474826.13,RMB,https://www.sse.com.cn/disclosure/fund/announcement/c/new/2025-07-21/508096_20250721_YPD3.pdf,quarterly_report,machine_extracted_official_pdf,"报告期末基金份额总额 300,000,000.00 份；本期可供分配金额 65,474,826.13，单位可供分配金额 0.2182"
508096,2025-06-30,2025-07-21,fund_shares,300000000.0,shares,https://www.sse.com.cn/disclosure/fund/announcement/c/new/2025-07-21/508096_20250721_YPD3.pdf,quarterly_report,machine_extracted_official_pdf,"报告期末基金份额总额 300,000,000.00 份；本期可供分配金额 65,474,826.13，单位可供分配金额 0.2182"
508096,2025-09-30,2025-10-27,distributable_amount_per_unit_quarter,0.6645,RMB_per_unit,https://www.sse.com.cn/disclosure/fund/announcement/c/new/2025-10-27/508096_20251027_34QT.pdf,quarterly_report,machine_extracted_official_pdf,"报告期末基金份额总额 300,000,000.00 份；本期可供分配金额 199,364,595.50，单位可供分配金额 0.6645"
508096,2025-09-30,2025-10-27,distributable_amount_quarter,199364595.5,RMB,https://www.sse.com.cn/disclosure/fund/announcement/c/new/2025-10-27/508096_20251027_34QT.pdf,quarterly_report,machine_extracted_official_pdf,"报告期末基金份额总额 300,000,000.00 份；本期可供分配金额 199,364,595.50，单位可供分配金额 0.6645"
508096,2025-09-30,2025-10-27,fund_shares,300000000.0,shares,https://www.sse.com.cn/disclosure/fund/announcement/c/new/2025-10-27/508096_20251027_34QT.pdf,quarterly_report,machine_extracted_official_pdf,"报告期末基金份额总额 300,000,000.00 份；本期可供分配金额 199,364,595.50，单位可供分配金额 0.6645"
508096,2025-12-31,2026-01-22,distributable_amount_per_unit_quarter,0.0933,RMB_per_unit,https://www.sse.com.cn/disclosure/fund/announcement/c/new/2026-01-22/508096_20260122_2ECJ.pdf,quarterly_report,machine_extracted_official_pdf,"报告期末基金份额总额 600,880,354.00 份；本期可供分配金额 56,034,244.04，单位可供分配金额 0.0933"
508096,2025-12-31,2026-01-22,distributable_amount_quarter,56034244.04,RMB,https://www.sse.com.cn/disclosure/fund/announcement/c/new/2026-01-22/508096_20260122_2ECJ.pdf,quarterly_report,machine_extracted_official_pdf,"报告期末基金份额总额 600,880,354.00 份；本期可供分配金额 56,034,244.04，单位可供分配金额 0.0933"
508096,2025-12-31,2026-01-22,fund_shares,600880354.0,shares,https://www.sse.com.cn/disclosure/fund/announcement/c/new/2026-01-22/508096_20260122_2ECJ.pdf,quarterly_report,machine_extracted_official_pdf,"报告期末基金份额总额 600,880,354.00 份；本期可供分配金额 56,034,244.04，单位可供分配金额 0.0933"
508096,2025-12-31,2026-03-31,nav_per_unit,8.8388,RMB_per_unit,https://www.sse.com.cn/disclosure/fund/announcement/c/new/2026-03-31/508096_20260331_UYPB.pdf,annual_report,machine_extracted_official_pdf,报告截止日 2025-12-31，基金份额净值 8.8388 元
508096,2026-03-31,2026-04-22,distributable_amount_per_unit_quarter,0.2566,RMB_per_unit,https://www.sse.com.cn/disclosure/fund/announcement/c/new/2026-04-22/508096_20260422_A83Y.pdf,quarterly_report,machine_extracted_official_pdf,"报告期末基金份额总额 600,880,354.00 份；本期可供分配金额 154,189,680.61，单位可供分配金额 0.2566"
508096,2026-03-31,2026-04-22,distributable_amount_quarter,154189680.61,RMB,https://www.sse.com.cn/disclosure/fund/announcement/c/new/2026-04-22/508096_20260422_A83Y.pdf,quarterly_report,machine_extracted_official_pdf,"报告期末基金份额总额 600,880,354.00 份；本期可供分配金额 154,189,680.61，单位可供分配金额 0.2566"
508096,2026-03-31,2026-04-22,fund_shares,600880354.0,shares,https://www.sse.com.cn/disclosure/fund/announcement/c/new/2026-04-22/508096_20260422_A83Y.pdf,quarterly_report,machine_extracted_official_pdf,"报告期末基金份额总额 600,880,354.00 份；本期可供分配金额 154,189,680.61，单位可供分配金额 0.2566"
508096,2026-06-30,2026-07-21,distributable_amount_per_unit_quarter,0.2091,RMB_per_unit,https://www.sse.com.cn/disclosure/fund/announcement/c/new/2026-07-21/508096_20260721_BTD8.pdf,quarterly_report,machine_extracted_official_pdf,"报告期末基金份额总额 600,880,354.00 份；本期可供分配金额 125,623,212.41，单位可供分配金额 0.2091"
508096,2026-06-30,2026-07-21,distributable_amount_quarter,125623212.41,RMB,https://www.sse.com.cn/disclosure/fund/announcement/c/new/2026-07-21/508096_20260721_BTD8.pdf,quarterly_report,machine_extracted_official_pdf,"报告期末基金份额总额 600,880,354.00 份；本期可供分配金额 125,623,212.41，单位可供分配金额 0.2091"
508096,2026-06-30,2026-07-21,fund_shares,600880354.0,shares,https://www.sse.com.cn/disclosure/fund/announcement/c/new/2026-07-21/508096_20260721_BTD8.pdf,quarterly_report,machine_extracted_official_pdf,"报告期末基金份额总额 600,880,354.00 份；本期可供分配金额 125,623,212.41，单位可供分配金额 0.2091"
