date,strategy_return,eligible_reit_equal_weight_return,benchmark_return,strategy_value,eligible_reit_equal_weight_value,strategy_commission_rmb,eligible_reit_equal_weight_commission_rmb,strategy_equity,eligible_reit_equal_weight_equity,benchmark_equity
2024-10-28,-9.999999999998899e-05,-0.0003499999999997394,0.0,99990.0,99965.00000000003,10.0,35.0,0.9999,0.9996500000000003,1.0
2024-10-29,-0.0010706638115632883,6.845117183074123e-05,-0.00021398842322639666,99882.94432548179,99971.8427213921,0.0,0.0,0.9988294432548179,0.9997184272139209,0.9997860115767736
2024-10-30,0.0005367684211647905,6.452360768727239e-05,-0.0005885941161991592,99936.55833580866,99978.29326535163,0.0,0.0,0.9993655833580866,0.9997829326535164,0.9991975434129012
2024-10-31,-0.0005369115942580605,3.750569445903906e-05,-0.001274253651432633,99882.90123894792,99982.04302067138,0.0,0.0,0.9988290123894792,0.9998204302067137,0.9979243122947048
2024-11-01,0.0006704216028028398,-0.0010844267465769386,-0.001586808049834354,99949.86489368914,99873.61981904236,0.0,0.0,0.9994986489368914,0.9987361981904236,0.9963407979628301
2024-11-04,0.0016533171514934164,0.00046319799596461486,0.0005047196658110042,100115.11371960733,99919.88107959228,0.0,0.0,1.0011511371960733,0.9991988107959228,0.9968436707574119
2024-11-05,0.0005797561064948553,0.00020981694213895175,-0.000150266185814818,100173.15606813869,99940.84596349929,0.0,0.0,1.0017315606813868,0.9994084596349929,0.9966938788611535
2024-11-06,0.0025410805756314048,-0.000307467257402938,-0.0003220473624320208,100427.70412922313,99910.11742568837,0.0,0.0,1.0042770412922313,0.9991011742568837,0.9963728962263141
2024-11-07,0.00186313583580211,-0.0017646101988476603,0.0005369185172459101,100614.81458369362,99733.81501351093,0.0,0.0,1.0061481458369361,0.9973381501351093,0.99690786728438
2024-11-08,0.0036353846709085147,-0.0003426373377594105,0.000987399918432219,100980.58813829748,99699.64248465012,0.0,0.0,1.0098058813829747,0.9969964248465012,0.997892214031221
2024-11-11,0.002171002128476207,0.004289948614865313,0.005671949048956737,101199.8172100805,100127.34882782972,0.0,0.0,1.011998172100805,1.0012734882782972,1.0035522078255568
2024-11-12,0.003175083071110363,0.0030413879245259068,0.0033690495228957396,101521.13503650369,100431.87493746946,0.0,0.0,1.0152113503650368,1.0043187493746946,1.0069332249125325
2024-11-13,0.0003963984704375978,-0.001033827827083389,-0.0009244402885953962,101561.37785914924,100328.04567043294,0.0,0.0,1.0156137785914925,1.0032804567043294,1.006002375271498
2024-11-14,0.0007901494745972126,-0.001273881908598229,-0.0024036416234153313,101641.62652850401,100200.23958812836,0.0,0.0,1.0164162652850401,1.0020023958812836,1.0035843060890406
2024-11-15,8.840803042597933e-05,-7.571853986998445e-05,-0.0017590993411372713,101650.61246451469,100192.65257229212,0.0,0.0,1.016506124645147,1.0019265257229213,1.0018189015974237
2024-11-18,-0.004744576597350059,-0.0030636474573941808,-0.0021573590507620866,101168.32334750926,99885.69760698944,0.0,0.0,1.0116832334750925,0.9988569760698944,0.999657618522838
2024-11-19,0.000132593619933008,-0.0011505947443903874,-0.0016589782834390832,101181.73762172446,99770.76964828308,0.0,0.0,1.0118173762172447,0.9977076964828308,0.9979992082428342
2024-11-20,-0.0009269677055978587,0.0004374384735243986,-0.00021441742784855666,101087.94541855284,99814.41322146037,0.0,0.0,1.0108794541855284,0.9981441322146037,0.9977852198196079
2024-11-21,-0.0012376720002497121,-0.0009677077784174815,-2.1446341254116597e-05,100962.83169894553,99717.82203738778,0.0,0.0,1.0096283169894553,0.9971782203738778,0.9977638209772853
2024-11-22,-0.0014135831343976557,-0.0001291259290460145,-0.001726467497372819,100820.11234285487,99704.94588097476,0.0,0.0,1.0082011234285488,0.9970494588097476,0.9960412141703135
2024-11-25,-0.001947576779291249,-0.0011982190352431976,-0.0012460657621947702,100623.7574331704,99585.47751691229,0.0,0.0,1.006237574331704,0.9958547751691229,0.994800081315601
2024-11-26,0.0014207015885088214,-0.00038411660244830337,-0.0011830882906525009,100766.71376519743,99547.2250816353,0.0,0.0,1.0076671376519744,0.995472250816353,0.9936231449878564
2024-11-27,-0.0018617849347285498,-0.0007538163986212654,-0.0008291427525385364,100579.10781558728,99472.18475093153,0.0,0.0,1.0057910781558728,0.9947218475093152,0.9927992895584352
2024-11-28,0.0013755903257828273,-0.0003720934320737834,9.699321047529352e-05,100717.46346327427,99435.17180431167,0.0,0.0,1.0071746346327426,0.9943517180431167,0.992895584348887
2024-11-29,0.0024803853130577203,0.0009811616417991775,0.0008728542333429345,100967.28158041701,99532.73378073177,0.0,0.0,1.0096728158041701,0.9953273378073176,0.9937622374629534
2024-12-02,0.0023944245881075688,0.003098428436896228,0.0014319552110251266,101209.04012202754,99841.12883348,0.0,0.0,1.0120904012202754,0.9984112883348001,0.9951852604774085
2024-12-03,0.0029596404686522693,0.0013671604338763022,0.0006343199337728311,101508.58249296615,99977.62767449468,0.0,0.0,1.0150858249296615,0.9997762767449468,0.9958165263259262
2024-12-04,-0.0008799332651442393,-0.00028430101520460216,-0.0007198727866598587,101419.26171453294,99949.20393344907,0.0,0.0,1.0141926171453295,0.9994920393344907,0.995099665108118
2024-12-05,-0.004581806973018909,-0.0026746139880778896,-0.0021396699102198546,100954.57823401087,99681.87839451141,0.0,0.0,1.0095457823401086,0.9968187839451141,0.9929704802970163
2024-12-06,-0.0009703574011845628,-0.0007353295501846269,-0.0006788354201237023,100856.61621183803,99608.57936371001,0.0,0.0,1.0085661621183803,0.9960857936371001,0.9922964167638534
2024-12-09,0.0003109821065552243,-0.0007490731549565366,-0.0003666044876701191,100887.98081480763,99533.9652509053,0.0,0.0,1.0088798081480763,0.995339652509053,0.9919326364443688
2024-12-10,0.006865863010162565,0.003351774884919445,0.00807904302710627,101580.66387045401,99867.58069582973,0.0,0.0,1.0158066387045401,0.9986758069582973,0.9999465028941938
2024-12-11,0.011655561273347548,0.011326918654116946,0.012850692289584575,102764.6435223834,100998.77265855487,0.0,0.0,1.027646435223834,1.0099877265855486,1.0127965077089334
2024-12-12,0.001650495039034583,0.0019480366110617986,0.005334939097180413,102934.25605670526,101195.52196536603,0.0,0.0,1.0293425605670525,1.0119552196536603,1.0181997153953974
2024-12-13,-0.0022966488706862576,-0.0010369159169764108,-0.00022067168256911796,102697.85221377769,101090.59071791341,0.0,0.0,1.026978522137777,1.010905907179134,1.0179750275510098
2024-12-16,0.0026165722442099693,0.001877555568280398,0.006894884542215429,102966.56856342024,101280.39391941657,0.0,0.0,1.0296656856342024,1.0128039391941657,1.0249938478328326
2024-12-17,-0.00338136856436122,-0.0013345032995734085,-0.0020563888975876354,102618.40064529974,101145.23489954902,0.0,0.0,1.0261840064529975,1.01145234899549,1.0228860618640536
2024-12-18,-0.0053980536207064445,-0.003065647610119293,-0.005773937783728367,102064.46101614527,100835.15925190426,0.0,0.0,1.0206446101614528,1.0083515925190427,1.0169799813830076
2024-12-19,-0.0019229880279841849,-0.0029458160637364506,-0.0031036296685955644,101868.19227952856,100538.11741999058,0.0,0.0,1.0186819227952857,1.0053811741999057,1.0138236521404196
2024-12-20,0.004250548859846548,0.0026875391686087546,0.0034193446256134408,102301.18800807695,100808.31754849499,0.0,0.0,1.0230118800807695,1.00808317548495,1.0172902645966857
2024-12-23,0.0032743420002929735,0.002722322889010309,0.0029869897664047684,102636.15708465167,101082.75033875987,0.0,0.0,1.0263615708465168,1.0108275033875986,1.0203289002064992
2024-12-24,-0.0025668130170739545,-0.0008639744968550467,0.0002621561821671836,102372.70926062434,100995.41742039521,0.0,0.0,1.0237270926062434,1.0099541742039522,1.0205963857355322
2024-12-25,-0.0033990897694439193,0.000610858820377036,0.001949930808906819,102024.73523190629,101057.11136194412,0.0,0.0,1.020247352319063,1.010571113619441,1.0225864780715368
2024-12-26,-0.00017425169081253244,0.0010218422259411497,0.0010044572791763073,102006.95724928743,101160.37578556538,0.0,0.0,1.0200695724928743,1.0116037578556538,1.023613622503023
2024-12-27,0.0006983954035904016,0.004278694622248169,0.007358628619211771,102078.19843936458,101593.21014142368,0.0,0.0,1.0207819843936459,1.0159321014142368,1.031146015000589
2024-12-30,0.0011410122597028671,0.0018908595034654585,0.005053230124307362,102194.67091523227,101785.30862830715,0.0,0.0,1.0219467091523227,1.0178530862830715,1.0363566331061493
2024-12-31,-0.0073950569420251355,0.0012277030902332342,-0.000753657302732802,101438.9355046426,101910.27076625045,0.0,0.0,1.014389355046426,1.0191027076625045,1.0355755753613733
2025-01-02,0.00824720101070553,0.005625772877900781,0.007056659916518715,102275.52279606138,102483.59480350674,0.0,0.0,1.0227552279606138,1.0248359480350675,1.0428832800145518
2025-01-03,0.012188234495614791,0.007910681621750904,0.013357819248802194,103522.08085106139,103294.3098934498,0.0,0.0,1.0352208085106138,1.0329430989344979,1.056813926366584
2025-01-06,0.009065734500387945,0.0039460408311686734,0.0038674536563634287,104460.58455098481,103701.91345791673,0.0,0.0,1.0446058455098481,1.0370191345791673,1.0609011052502064
2025-01-07,0.00013810766829802645,-0.005398849901621872,-0.009167465079925274,104475.01135874621,103142.04239264646,0.0,0.0,1.0447501135874622,1.0314204239264646,1.051175331414571
2025-01-08,0.009405467071219586,0.004436260646532242,0.010107281721393191,105457.64763784618,103599.60737631592,0.0,0.0,1.0545764763784617,1.0359960737631593,1.061799856627757
2025-01-09,0.002072298141822637,0.00670202434106093,0.009895303257791754,105676.18732508708,104293.93446667635,0.0,0.0,1.0567618732508708,1.0429393446667634,1.0723066882081687
2025-01-10,0.002536711991791396,0.0037517389740748808,0.0035920615439877235,105944.25737672142,104685.21808537458,0.0,0.0,1.0594425737672142,1.0468521808537459,1.076158479826242
2025-01-13,-0.0019432806691597193,-0.002094844573159671,-0.0049313488631053115,105738.37794935275,104465.9188243784,0.0,0.0,1.0573837794935275,1.0446591882437841,1.0708515669302296
2025-01-14,-0.007265729111413544,-0.007646655978350236,-0.009322076235200094,104970.11153849249,103667.10388166612,0.0,0.0,1.049701115384925,1.0366710388166611,1.0608690069867226
2025-01-15,0.003957222546274064,0.0032162736449599105,0.008512183314506983,105385.50163055753,104000.52565573003,0.0,0.0,1.0538550163055753,1.0400052565573004,1.0698993184468726
2025-01-16,-0.0008895826768123838,-0.002690036034331267,-0.0019900796031840917,105291.7525139198,103720.76049412672,0.0,0.0,1.052917525139198,1.0372076049412673,1.067770133635771
2025-01-17,-0.002839559973689565,-0.0026630336339549254,-0.0002905898974919774,104992.77026792165,103444.54862039148,0.0,0.0,1.0499277026792164,1.0344454862039147,1.0674598504220927
2025-01-20,-8.579142406306417e-05,-0.00012379491122860298,0.0030069761847486554,104983.76278864403,103431.74271167793,0.0,0.0,1.0498376278864403,1.0343174271167792,1.0706696767704873
2025-01-21,-0.002258379973929636,-0.00019634347335684144,0.0012891233960907744,104746.66956117438,103411.43456405857,0.0,0.0,1.0474666956117438,1.0341143456405857,1.0720499021002972
2025-01-22,0.009039158940570724,0.009070586771815714,0.011896563769374202,105693.49135583328,104349.4369544698,0.0,0.0,1.0569349135583328,1.0434943695446979,1.0848036121245848
2025-01-23,0.0034733283933037207,0.005108037451160952,0.0038662971328249363,106060.59956034689,104882.45778644079,21.21636318470632,35.0,1.0606059956034688,1.0488245778644079,1.0889977852198203
2025-01-24,-0.001639572439410153,0.0015735800274752076,0.002436604081311744,105886.70552440043,105047.49872724604,0.0,0.0,1.0588670552440043,1.0504749872724604,1.0916512416678263
2025-01-27,0.002408467951243942,0.005332721220039804,0.00752727165805811,106141.73026111875,105607.68775282093,0.0,0.0,1.0614173026111875,1.0560768775282092,1.0998683971197165
2025-02-05,-0.0020531504570546755,0.0006676719996943081,0.003482591904433008,105923.80531912055,105678.19904888594,0.0,0.0,1.0592380531912056,1.0567819904888593,1.1036987898954673
2025-02-06,-0.0018253781691465187,-0.00129570566659154,0.00011632979496889462,105730.4543172981,105541.27120754312,0.0,0.0,1.057304543172981,1.055412712075431,1.1038271829494033
2025-02-07,0.0007562020751121779,0.001712248276045658,0.0011146975292486427,105810.4079062554,105721.98406721989,0.0,0.0,1.058104079062554,1.0572198406721989,1.1050576163829544
2025-02-10,0.020572367161771687,0.015161716646194368,0.01341956972173275,107987.1784672397,107324.91083292056,0.0,0.0,1.079871784672397,1.0732491083292057,1.1198870141125372
2025-02-11,0.024736068981299653,0.013625186900598107,0.015305537509076261,110658.35676290127,108787.23280210914,0.0,0.0,1.1065835676290128,1.0878723280210914,1.1370274868129642
2025-02-12,-0.013473456867605593,-0.005530525819360421,-0.008553684012421292,109167.40616601621,108185.5822022803,0.0,0.0,1.0916740616601621,1.081855822022803,1.1273017129773286
2025-02-13,-0.009824562160184458,-0.007063610457237024,-0.011655166522717142,108094.88419827208,107421.401392514,0.0,0.0,1.0809488419827207,1.07421401392514,1.1141628237912335
2025-02-14,0.004987636442088217,0.007449049780746453,0.00939183544121458,108634.02218190268,108221.58875900439,0.0,0.0,1.0863402218190268,1.0822158875900438,1.1246268576869998
2025-02-17,0.006377499232746109,0.00859676293582079,0.006269562652814864,109326.83557501787,109151.94410210343,0.0,0.0,1.0932683557501788,1.0915194410210343,1.1316777762323067
2025-02-18,-0.0036138804931648005,-0.00338060761325909,-0.002231256499952816,108931.74145655388,108782.94420886983,0.0,0.0,1.0893174145655389,1.0878294420886983,1.1291527128382362
2025-02-19,-0.003985364410590275,-0.0003619745197830371,-0.0007390983000739038,108497.60877096931,108743.56755487924,0.0,0.0,1.084976087709693,1.0874356755487924,1.1283181579876536
2025-02-20,0.007528831419067128,0.003980169594712146,0.004276665149446135,109314.46897677785,109176.38539608169,0.0,0.0,1.0931446897677786,1.091763853960817,1.1331435969314065
2025-02-21,0.004232569700169719,0.005953298953667918,0.004730565496142924,109777.1500859591,109826.34505702542,0.0,0.0,1.097771500859591,1.0982634505702542,1.1385040069332255
2025-02-24,-0.010766766091694469,-0.006491250003770266,-0.009999248176828734,108595.20518877075,109113.43479425993,0.0,0.0,1.0859520518877075,1.0911343479425992,1.1271198228175863
2025-02-25,-0.01010465867255439,-0.007374067620266489,-0.007176488456865027,107497.88770686221,108308.82494780752,0.0,0.0,1.0749788770686222,1.0830882494780751,1.119031060419632
2025-02-26,-0.00039716629641373125,-0.0009515511776018171,-0.0002772784640686643,107455.19316892937,108205.76355788377,0.0,0.0,1.0745519316892937,1.0820576355788376,1.1187207772059538
2025-02-27,-0.0075477402691198625,-0.0061352278204473976,-0.005824462743522663,106644.14928032219,107541.89654697069,0.0,0.0,1.066441492803222,1.0754189654697068,1.112204829718713
2025-02-28,0.00017140981652330467,-0.004232768663162356,-0.0060894660894660335,106662.42913438362,107086.69657728962,0.0,0.0,1.0666242913438362,1.0708669657728962,1.1054320961236006
2025-03-03,0.0010616498937798813,0.007707168035674172,0.010472623092037114,106775.66729094445,107912.03174219605,0.0,0.0,1.0677566729094445,1.0791203174219606,1.1170088698201437
2025-03-04,0.005709930152881126,0.005799811045147818,0.007921531815438865,107385.34889320302,108537.90113579879,0.0,0.0,1.0738534889320301,1.085379011357988,1.1258572911205513
2025-03-05,-0.0019402620330614129,-0.001907867258879703,-0.0010168589512097315,107176.99317783848,108330.82522787427,0.0,0.0,1.0717699317783849,1.0833082522787427,1.1247124530562906
2025-03-06,-0.004799582185487927,-0.000629024034029535,-0.0039193675738925515,106662.58839068796,108262.68253517969,0.0,0.0,1.0666258839068796,1.0826268253517968,1.1203042915378287
2025-03-07,-0.0023304459234496644,-0.0008997663590488703,-0.0015185231168880486,106414.0169963883,108165.27141549415,0.0,0.0,1.064140169963883,1.0816527141549415,1.1186030835731797
2025-03-10,0.00460664573243541,0.0023169835040111053,0.0027260205838466334,106904.228673656,108415.88856507074,0.0,0.0,1.06904228673656,1.0841588856507074,1.1216524186041545
2025-03-11,-0.001841346397356447,-0.001744764627945261,-0.0033958772523918768,106707.3809573256,108226.72835759514,0.0,0.0,1.067073809573256,1.0822672835759515,1.1178434246707263
2025-03-12,-0.0029270998416242033,-0.0010323075307185903,-0.0015027230873779773,106395.03779942528,108115.00509088657,0.0,0.0,1.0639503779942527,1.0811500509088656,1.1161636155483998
2025-03-13,0.001645482264793774,0.0010300560722897867,0.0008052147239263618,106570.1089471863,108226.36960838607,0.0,0.0,1.065701089471863,1.0822636960838607,1.1170623669259503
2025-03-14,0.0025499331037270867,0.0015072422259354568,0.0026244205202865523,106841.85559585853,108389.49296261954,0.0,0.0,1.0684185559585853,1.0838949296261953,1.1199940083241506
2025-03-17,0.006842733080332231,0.0025406342686038474,-0.0002579338542960663,107572.9458955084,108664.87102279696,0.0,0.0,1.0757294589550839,1.0866487102279696,1.119705123952795
2025-03-18,0.0040711715111585445,0.003389265346006809,0.003124671527266809,108010.89380820958,109033.16510448282,0.0,0.0,1.0801089380820958,1.0903316510448282,1.123203834672545
2025-03-19,0.004507639941658148,0.002791748083454948,0.005715483244108199,108497.76802727366,109337.55823419627,0.0,0.0,1.0849776802727367,1.0933755823419626,1.129623487369334
2025-03-20,0.001507525469885973,0.002655003925678745,0.002850972740533031,108661.33117600056,109627.84988053219,0.0,0.0,1.0866133117600056,1.0962784988053218,1.13284401313889
2025-03-21,-0.0018051350126671029,0.0010358514020929466,-0.0007555794822391437,108465.18280257174,109741.40804253936,0.0,0.0,1.0846518280257174,1.0974140804253936,1.1319880594459848
2025-03-24,-0.006456307664356564,-0.0008072055400532019,8.506696660637303e-05,107764.89821152766,109652.82416999419,0.0,0.0,1.0776489821152766,1.0965282416999418,1.1320843542364365
2025-03-25,0.0019947897474514864,0.0024351547583822963,0.00343074247693953,107979.86652561516,109919.8457665418,0.0,0.0,1.0797986652561515,1.099198457665418,1.1359682441179941
2025-03-26,0.00097597942773886,-0.0004950845777240698,-0.0012809524258037275,108085.25265395414,109865.42614611697,0.0,0.0,1.0808525265395414,1.0986542614611696,1.1345131228400551
2025-03-27,0.002768899636260924,0.0045803294498987235,0.004291035978686519,108384.52987071284,110368.64599301969,0.0,0.0,1.0838452987071283,1.1036864599301968,1.1393813594684539
2025-03-28,0.003590741807035114,0.002638157499940119,0.0060756878580146,108773.71073335544,110659.8158642044,0.0,0.0,1.0877371073335544,1.106598158642044,1.1463038849598246
2025-03-31,-0.0023302210883672236,-0.0037290602678072826,-0.0044989126072224606,108520.24393874462,110247.15874162232,0.0,0.0,1.0852024393874462,1.1024715874162232,1.1411467639600708
2025-04-01,0.0001625763839425698,-0.0030301851798781865,-0.0037691622521213164,108537.88676758876,109913.08943507978,0.0,0.0,1.0853788676758875,1.0991308943507978,1.136845596653222
2025-04-02,6.883493083731373e-05,0.005746900025409563,0.006842159750783505,108545.35796551764,110544.74897154709,0.0,0.0,1.0854535796551765,1.105447489715471,1.1446240758374981
2025-04-03,-0.004156539888978461,0.0022397539193792504,0.007749111983548218,108094.18485537052,110792.3420063229,0.0,0.0,1.0809418485537052,1.107923420063229,1.1534938959802283
2025-04-07,-0.029063997472055236,-0.013268343115416137,-0.00910870149987475,104952.53573999015,109322.31119802248,0.0,0.0,1.0495253573999015,1.0932231119802247,1.1429870643998168
2025-04-08,0.00015932832719101064,-0.0013825695400329074,-0.0046242991004147305,104969.25765194406,109171.1655005141,0.0,0.0,1.0496925765194407,1.091711655005141,1.137701550346127
2025-04-09,-0.0003186058914382839,-0.0027440595642255206,-0.0048997018799432634,104935.81382803625,108871.59331968476,0.0,0.0,1.0493581382803625,1.0887159331968477,1.1321271519210816
2025-04-10,0.000922799887693504,0.000719607701377134,0.003600725815597672,105032.64858525178,108949.9381566988,0.0,0.0,1.0503264858525179,1.089499381566988,1.1362036313835429
2025-04-11,0.002764924401491342,0.002360239049363999,0.003258218526644985,105323.0559182784,109207.08605516204,0.0,0.0,1.053230559182784,1.0920708605516205,1.139905631105358
2025-04-14,0.00010413591156499535,0.002671315465181623,0.0026938492007619885,105334.02383071526,109498.81263304863,0.0,0.0,1.0533402383071526,1.0949881263304864,1.142976364978655
2025-04-15,-0.0008631731522977804,0.0013691017052528398,0.0028083050942655507,105243.10232932109,109648.72764414769,0.0,0.0,1.0524310232932108,1.0964872764414768,1.1461861913270497
2025-04-16,0.003500677397656027,0.0015837791112232047,0.0038366036256369807,105611.52447890455,109822.38700856268,0.0,0.0,1.0561152447890456,1.0982238700856268,1.15058365342435
2025-04-17,0.00048011637659062245,0.0011229788362150384,0.0035150692319854127,105662.23030136358,109945.71522491591,0.0,0.0,1.056622303013636,1.0994571522491592,1.1546280346233273
2025-04-18,-0.003671524176967478,-0.002736855187838394,-0.004457211694389285,105274.28886821982,109644.80972382199,0.0,0.0,1.0527428886821983,1.09644809723822,1.1494816130447345
2025-04-21,-0.0033673712076047746,-0.005982932207777347,-0.003136809576111732,104919.79125898391,108988.81226030971,0.0,0.0,1.0491979125898392,1.0898881226030972,1.1458759081133714
2025-04-22,2.5144115046282778e-05,-0.005402891493932138,-0.003706919895048455,104922.42937428596,108399.95753361472,0.0,0.0,1.0492242937428595,1.0839995753361473,1.1416282379123293
2025-04-23,0.004915739815543274,0.000532987006275798,-0.0028959700093720286,105438.20073790466,108457.73330246098,15.514591790065474,35.0,1.0543820073790466,1.0845773330246098,1.138322116773483
2025-04-24,0.0009119693546066898,-0.0022028292026918805,-0.0024438157362935975,105534.3571457825,108218.81944028455,0.0,0.0,1.055343571457825,1.0821881944028455,1.135540267271541
2025-04-25,1.6602743236671103e-05,-0.002995978135254096,-0.0022330892953047465,105536.10930561685,107894.59822341845,0.0,0.0,1.0553610930561685,1.0789459822341845,1.1330045044563093
2025-04-28,-2.8729947904038156e-06,-0.005212234254982406,-0.006752035053921968,105535.80610092462,107332.22630263078,0.0,0.0,1.0553580610092461,1.0733222630263077,1.1253544183259687
2025-04-29,0.0008996339026219324,-0.00064696133705755,0.0023293623251789963,105630.74969003355,107262.78650199267,0.0,0.0,1.0563074969003354,1.0726278650199266,1.127975776510491
2025-04-30,0.002013428172033871,0.003922739951950582,0.0034906662619518247,105843.42961729252,107683.55051996157,0.0,0.0,1.0584342961729252,1.0768355051996157,1.131913163497855
2025-05-06,0.002785122521305139,0.003623439926657923,0.003043708408953405,106138.21653685183,108073.73539635989,0.0,0.0,1.0613821653685183,1.080737353963599,1.1353583771117985
2025-05-07,0.0023544051618957784,0.0013979396078289685,0.0018376463049172287,106388.1089017406,108224.8159516365,0.0,0.0,1.063881089017406,1.0822481595163649,1.1374447642382548
2025-05-08,-0.0017592035230249436,0.0003230427149170101,-0.0013169157832355616,106200.9505657527,108259.7771900029,0.0,0.0,1.062009505657527,1.082597771900029,1.1359468452756707
2025-05-09,-0.0010527813578686818,0.0004462327307150904,0.00033908202959431755,106089.14418480915,108308.086246005,0.0,0.0,1.0608914418480915,1.0830808624600499,1.136332024437478
2025-05-12,0.002823767960594248,0.0034765482700807038,0.0060260816345747426,106388.71531112507,108684.6245358793,0.0,0.0,1.0638871531112506,1.086846245358793,1.1431796539807197
2025-05-13,-3.071926647368883e-05,-0.0008350277180925181,-0.00011231222799390483,106385.44712782963,108593.86986186136,0.0,0.0,1.0638544712782962,1.0859386986186135,1.1430512609267838
2025-05-14,0.00567250191301949,0.002485420471197708,0.00459595817771663,106988.91878017967,108863.7712890626,0.0,0.0,1.0698891878017966,1.088637712890626,1.1483046767169895
2025-05-15,0.0010116467592149458,0.0009044255791326172,-0.0008199470761434124,107097.15377313555,108962.23046845727,0.0,0.0,1.0709715377313556,1.0896223046845728,1.1473631276547935
2025-05-16,-0.003205686784766071,0.000845110428935314,0.004121750158528892,106753.83384259895,109054.31558578623,0.0,0.0,1.0675383384259896,1.0905431558578622,1.1520922718080948
2025-05-19,0.0017418158254920435,0.002290306415636989,0.001355894425973725,106939.77935981794,109304.08338442526,0.0,0.0,1.0693977935981793,1.0930408338442525,1.1536543872976468
2025-05-20,-0.0012948757094271013,0.000828012065243966,0.005295667012910066,106801.30563715342,109394.588484248,0.0,0.0,1.0680130563715342,1.09394588484248,1.159763756780758
2025-05-21,0.007926953466833364,0.005885542327922932,0.008450574288481727,107647.91461713618,110038.43496521775,0.0,0.0,1.0764791461713619,1.1003843496521775,1.1695644265645224
2025-05-22,0.005610986479057223,0.00027653201529576066,-0.001976013392979481,108251.92561055164,110068.86411539868,0.0,0.0,1.0825192561055164,1.100688641153987,1.1672533515936785
2025-05-23,0.001999067604314897,-0.000748471696138342,-0.0011274577203355118,108468.3285281444,109986.48068598221,0.0,0.0,1.0846832852814439,1.099864806859822,1.1659373227908367
2025-05-26,0.0012506908537104344,0.0023258136497061876,0.001385677054656309,108603.98887455181,110242.28874404481,0.0,0.0,1.086039888745518,1.102422887440448,1.1675529353861953
2025-05-27,0.0005098577210118638,-0.0023846484324661077,-0.002730863337701561,108659.3614568122,109979.39964299985,0.0,0.0,1.086593614568122,1.0997939964299985,1.1643645078801232
2025-05-28,0.0013883342439364732,0.0030345941453466807,0.0011118768665288048,108810.21696924696,110313.14248526524,0.0,0.0,1.0881021696924695,1.1031314248526525,1.1656591378406425
2025-05-29,0.005694101617582437,0.0014007684239196738,0.0001743983257760373,109429.79340170104,110467.66565200196,0.0,0.0,1.0942979340170105,1.1046766565200197,1.1658624268427074
2025-05-30,0.0040959564844706975,-0.001332746493831971,0.0003854448676179345,109878.01307357903,110320.44025792246,0.0,0.0,1.0987801307357903,1.1032044025792245,1.1663118025314825
2025-06-03,0.004264450225901051,0.0012393660754264069,0.0006329868724026522,110346.58239125222,110457.16766900422,0.0,0.0,1.1034658239125221,1.1045716766900422,1.1670500625916131
2025-06-04,0.010955610124046444,0.004078995068955704,0.004895669074773457,111555.49652645175,110907.72191125691,0.0,0.0,1.1155549652645176,1.109077219112569,1.1727635534917553
2025-06-05,0.012601732149641887,0.009983072764355727,0.010263662074628144,112961.2890134984,112014.92176922591,0.0,0.0,1.129612890134984,1.1201492176922592,1.1848004022982348
2025-06-06,-0.0012971356293484115,0.0008654981347941959,-8.127511626854211e-05,112814.76290078188,112111.8704750863,0.0,0.0,1.1281476290078187,1.121118704750863,1.184704107507783
2025-06-09,-0.012264561636450066,-0.0035782962901762527,-0.0022849195310947756,111431.13928768373,111710.70098488058,0.0,0.0,1.1143113928768373,1.1171070098488058,1.1819971539539704
2025-06-10,0.006629603401351547,0.0014828039501757484,0.0021091126338561583,112169.88354772185,111876.34605357786,0.0,0.0,1.1216988354772186,1.1187634605357786,1.1844901190845567
2025-06-11,0.0023991620337882047,0.002322660701539192,0.0016620598702872247,112438.99727366399,112136.19684598829,0.0,0.0,1.12438997273664,1.121361968459883,1.186458812578239
2025-06-12,0.0032222375154677962,0.00011120736564906863,0.0011813508882676516,112801.30242888076,112148.66721703345,0.0,0.0,1.1280130242888076,1.1214866721703345,1.1878604367503711
2025-06-13,0.0037580319575039045,0.0017783573619170046,0.004188396789796434,113225.21332825656,112348.10762500805,0.0,0.0,1.1322521332825657,1.1234810762500804,1.1928356675903826
2025-06-16,0.003946605509741907,0.0032454147628295793,0.0026998905692194874,113672.06857901957,112712.72383207023,0.0,0.0,1.1367206857901957,1.1271272383207023,1.1960561933599385
2025-06-17,-0.005820758073102006,-0.001713896211526511,-0.0016102051222414149,113010.41096815203,112519.54592170361,0.0,0.0,1.1301041096815203,1.1251954592170361,1.1941302975509018
2025-06-18,-0.002080206023203912,9.418186624698954e-05,0.003843844920121464,112775.32603057133,112530.14322252778,0.0,0.0,1.1277532603057134,1.125301432225278,1.198720349229106
2025-06-19,-0.0035750152897100484,-9.468667485179605e-05,0.0002231425613195004,112372.15251571001,112519.48811744545,0.0,0.0,1.1237215251571002,1.1251948811744545,1.1989878347581389
2025-06-20,-0.003390405600279478,0.002758212174696295,0.0035873318995904846,111991.1653405053,112829.8407394616,0.0,0.0,1.1199116534050528,1.1282984073946158,1.2032890020649876
2025-06-23,-0.00038793773952039423,0.000298628014107738,-6.224269315258102e-05,111947.71974097684,112863.53489073372,0.0,0.0,1.1194771974097684,1.128635348907337,1.2032141061168582
2025-06-24,-0.011864922607722983,-0.006360325835165659,-0.009025752294230527,110619.46871013909,112145.68603392006,0.0,0.0,1.1061946871013908,1.1214568603392006,1.1923541936381234
2025-06-25,-0.0017179505812127127,0.0024614475352755516,0.0004666146211895761,110429.42992957507,112421.72675640004,0.0,0.0,1.1042942992957507,1.1242172675640003,1.1929105635385118
2025-06-26,-0.001507034416273978,-0.0006019657333291573,-0.0022422932381405136,110263.00897810169,112354.05272921099,0.0,0.0,1.1026300897810168,1.12354052729211,1.190235708248183
2025-06-27,0.002351733173790782,-0.00216553202878611,-0.0029664787896765965,110522.31815415747,112110.74642946196,0.0,0.0,1.1052231815415747,1.1211074642946195,1.186704899264949
2025-06-30,-0.0038182979170485742,-0.002749017544658394,-0.0033179158439498035,110100.31101696208,111802.55202058262,0.0,0.0,1.1010031101696207,1.1180255202058262,1.182767512277585
2025-07-01,-0.0012170058318864418,-0.00018621016705899773,-0.0006513184675923656,109966.31829636192,111781.73324869324,0.0,0.0,1.0996631829636192,1.1178173324869325,1.1819971539539702
2025-07-02,0.010151554881566716,0.006837742014621728,0.01005675594941735,111082.64741167126,112546.06790259507,0.0,0.0,1.1108264741167126,1.1254606790259507,1.1938842108641912
2025-07-03,0.002921886089253478,0.001244218223336091,0.000985804416403946,111407.21825390088,112686.09977124429,0.0,0.0,1.1140721825390087,1.1268609977124429,1.1950611471919361
2025-07-04,-0.0009736454336547462,-7.09957907936154e-05,-0.0004655576843877185,111298.74712457179,112678.09953247958,0.0,0.0,1.112987471245718,1.1267809953247958,1.1945047772915478
2025-07-07,-0.0036347034124613042,0.0017514909292168923,-0.00024184446713604313,110894.20918859544,112875.45420173212,0.0,0.0,1.1089420918859545,1.1287545420173213,1.1942158929201923
2025-07-08,-0.004111746326287746,-0.005255007697171465,-0.006468664606011809,110438.24033135765,112282.2928210803,0.0,0.0,1.1043824033135765,1.1228229282108029,1.1864909108417225
2025-07-09,-0.0044966406474710174,-0.0018676551374294803,-0.003228337225974709,109941.6392508485,112072.58822005065,0.0,0.0,1.099416392508485,1.1207258822005064,1.1826605180659715
2025-07-10,0.0030260627626406134,0.0018028305019257562,0.00028950106301195433,110274.32955144916,112274.63610052351,0.0,0.0,1.1027432955144916,1.122746361005235,1.1830028995431339
2025-07-11,-0.004644476385674334,-0.002458784925083113,-0.0016279721797645141,109762.1630319014,111998.57691781035,0.0,0.0,1.0976216303190138,1.1199857691781034,1.181077003734097
2025-07-14,0.0017313687641959952,-0.0011813818358957784,-0.001974870229284109,109952.20181246541,111866.26383339347,0.0,0.0,1.099522018124654,1.1186626383339346,1.1787445299209305
2025-07-15,-0.0011156861366170556,-0.0007037423756219852,0.002432626237870661,109829.52966521273,111787.5388031314,0.0,0.0,1.0982952966521273,1.1178753880313141,1.1816119747921627
2025-07-16,0.0035159862912799156,0.0017056037523677237,0.0019105915589885392,110215.68878589335,111978.20404878198,0.0,0.0,1.1021568878589334,1.1197820404878198,1.1838695526572005
2025-07-17,-0.00046862286572424416,-0.0012407332809273308,-0.0011116332875424906,110164.03919396673,111839.26896428019,0.0,0.0,1.1016403919396673,1.1183926896428018,1.1825535238543587
2025-07-18,-9.863260632625437e-05,6.981453591370368e-05,-0.0006333408731056256,110153.1734276576,111847.07697093986,0.0,0.0,1.101531734276576,1.1184707697093985,1.1818045643730668
2025-07-21,-0.0038503617902527765,-0.006578098088903972,-0.004562944185414808,109729.04385761666,111111.33592766782,0.0,0.0,1.0972904385761666,1.1111133592766782,1.176412056107764
2025-07-22,-0.006904078516651979,-0.004395902211191238,-0.005056798028212572,108971.46592326653,110622.90136037498,21.798652915236357,35.0,1.0897146592326652,1.1062290136037498,1.1704631779420727
2025-07-23,-0.0050195922998933495,-0.0037576363374935973,-0.0065359477124183885,108424.47359201,110207.22072646426,0.0,0.0,1.0842447359201,1.1020722072646427,1.1628130918117323
2025-07-24,0.0029863672929257845,0.0029660580221197996,0.0004508649245491547,108748.26889369788,110534.10173759551,0.0,0.0,1.0874826889369789,1.105341017375955,1.1633373634486368
2025-07-25,0.0014656270223269985,0.00034138635839608966,6.4380248139706e-05,108907.65329521976,110571.8365720663,0.0,0.0,1.0890765329521976,1.105718365720663,1.1634122593967657
2025-07-28,0.002457811371562979,0.0012151145012313513,0.004156856974691259,109175.32776393899,110706.1940141128,0.0,0.0,1.09175327763939,1.107061940141128,1.1682483977616804
2025-07-29,-0.0007275190860370762,-0.0010003895032951737,-0.00210645858519265,109095.90062926637,110595.44469967132,0.0,0.0,1.0909590062926637,1.1059544469967133,1.1657875308945778
2025-07-30,0.004807569334037254,0.004281380538235791,0.003065401347308372,109620.38673560081,111068.94588422604,0.0,0.0,1.0962038673560082,1.1106894588422604,1.1693611375624573
2025-07-31,0.002676069099945222,0.0026022326844123977,0.00844526589320349,109913.73846526799,111357.9731254292,0.0,0.0,1.09913738465268,1.1135797312542919,1.1792367032943512
2025-08-01,0.004535728724564869,0.0016843171762301878,-0.001134146894705812,110412.27736604921,111545.53527227453,0.0,0.0,1.1041227736604922,1.1154553527227453,1.1778992756491868
2025-08-04,-0.001697703024848063,-0.0026250597574473122,-0.003615223907711851,110224.8301087845,111252.72157650837,0.0,0.0,1.102248301087845,1.1125272157650836,1.1736409060269835
2025-08-05,-0.0005404108317332845,-0.0029375052162372572,-0.0027075812274368616,110165.26341666776,110925.91612655678,0.0,0.0,1.1016526341666777,1.1092591612655678,1.1704631779420729
2025-08-06,0.0009877462049490138,0.0007565327867102845,0.00031994149641190184,110274.07873752477,111009.83521900239,0.0,0.0,1.1027407873752477,1.1100983521900238,1.1708376576827186
2025-08-07,0.005017898736286552,0.0039641015822793335,0.0025587133327240608,110827.42289786696,111449.8894824426,0.0,0.0,1.1082742289786696,1.1144988948244259,1.1738334956078869
2025-08-08,-0.000191116006550196,0.0018768962377606613,0.00019141372709885474,110806.24200338646,111659.06936071103,0.0,0.0,1.1080624200338647,1.1165906936071104,1.1740581834522745
2025-08-11,-0.004616278779152272,-0.0026869122755943664,-0.003362768953167339,110294.72949982862,111359.0512365643,0.0,0.0,1.1029472949982861,1.1135905123656429,1.1701100970437492
2025-08-12,-0.0012362596432166084,0.0017509908410977548,-0.0003291819827727638,110158.37657688849,111554.03991535286,0.0,0.0,1.101583765768885,1.1155403991535287,1.169724917881942
2025-08-13,0.0013963794398954565,0.000349239246279609,-0.0018019501308015329,110312.19946907272,111592.99896417235,0.0,0.0,1.1031219946907271,1.1159299896417234,1.1676171319131627
2025-08-14,-0.0016728558554568451,-0.0011801827642857754,-0.003674550302852575,110127.66306026255,111461.29883017988,0.0,0.0,1.1012766306026256,1.1146129883017988,1.1633266640274753
2025-08-15,-0.0025074712412934685,-0.00533216215622434,-0.005858656463836209,109851.52111226809,110866.96911067398,0.0,0.0,1.098515211122681,1.1086696911067397,1.1565111327477178
2025-08-18,-0.0043768521416963635,-0.011217739597244702,-0.017013442377256327,109370.71724681926,109623.29232125466,0.0,0.0,1.0937071724681926,1.0962329232125465,1.136834897232059
2025-08-19,-0.005393438639182846,-0.0031801238896775885,-0.007990437827052665,108780.83299442512,109274.67667047873,0.0,0.0,1.0878083299442511,1.0927467667047872,1.1277510886661024
2025-08-20,0.0038090380643991395,0.0027136138992880365,0.0043357399694505805,109195.18332797792,109571.20595193194,0.0,0.0,1.0919518332797793,1.0957120595193195,1.1326407241368235
2025-08-21,0.001222006245164442,0.0004919761005637291,0.0015492159455885446,109328.62052394658,109625.11236657023,0.0,0.0,1.0932862052394658,1.0962511236657024,1.1343954292072793
2025-08-22,0.0012713844246841077,0.0006248551625755994,0.0017165924696294077,109467.61922925292,109693.61218398041,0.0,0.0,1.0946761922925292,1.0969361218398042,1.1363427238586385
2025-08-25,0.000761853122115852,0.0007053587103176273,0.002118524377153763,109551.01747673332,109770.9855288006,0.0,0.0,1.0955101747673333,1.097709855288006,1.1387500936199344
2025-08-26,0.004183417471445017,0.005699101070872903,0.011960800894476264,110009.31511726006,110396.58146997856,0.0,0.0,1.1000931511726006,1.1039658146997855,1.1523704567582886
2025-08-27,-0.0005391043884073188,-0.000824658138996015,0.0007706306172472477,109950.00861271466,110305.542030552,0.0,0.0,1.0995000861271467,1.1030554203055198,1.1532585087146778
2025-08-28,0.001411079676876259,-7.186196565922565e-06,-0.0013545232727507628,110105.15683534044,110304.74935324465,0.0,0.0,1.1010515683534043,1.1030474935324466,1.151696393225126
2025-08-29,-0.00038233198228521115,-0.0010978581797802534,-0.0028613632351985885,110063.06011246776,110183.65038189858,0.0,0.0,1.1006306011246776,1.101836503818986,1.1484009715074408
2025-09-01,-0.0008731974567172118,-0.0012312455983338744,-0.0028136733343891995,109966.95332829905,110047.98724735751,0.0,0.0,1.0996695332829904,1.1004798724735751,1.1451697463167236
2025-09-02,0.0073143255924086326,0.004380703561268184,0.004933150208817905,110771.28742934743,110530.07485700242,0.0,0.0,1.1077128742934743,1.1053007485700241,1.150819040689898
2025-09-03,-0.0004947605181164771,-6.70826978709238e-05,0.0027426807612567217,110716.48216978645,110522.66020138514,0.0,0.0,1.1071648216978645,1.1052266020138515,1.153975369932486
2025-09-04,0.002838533436190449,0.0018075319277268687,0.004218665974372815,111030.75460636278,110722.43343843645,0.0,0.0,1.1103075460636278,1.1072243343843644,1.1588436065608845
2025-09-05,0.0036531142438267494,-0.0005332664722678127,-0.004311737713393993,111436.36263751812,110663.38887695583,0.0,0.0,1.1143636263751813,1.1066338887695581,1.1538469768785504
2025-09-08,-0.003703996857520764,-0.003850566447436421,-0.00483114185567779,111023.6027004952,110237.2721447866,0.0,0.0,1.110236027004952,1.102372721447866,1.1482725784535053
2025-09-09,-0.0021128422388815293,-0.00010945260602224227,0.0005683882930647144,110789.0273431968,110225.20638806958,0.0,0.0,1.107890273431968,1.1022520638806959,1.1489252431443455
2025-09-10,-0.003259624176373377,-0.0024198927258353153,-0.0027751392225885407,110427.89675119202,109958.47321292739,0.0,0.0,1.1042789675119202,1.099584732129274,1.1457368156382737
2025-09-11,0.000877513611003522,-0.0006229531711841041,-0.0011019386649731011,110524.79873362568,109889.97423334084,0.0,0.0,1.1052479873362568,1.0988997423334084,1.1444742839412387
2025-09-12,0.002987130608454569,0.0010651274642847763,0.00035525307106909487,110854.95074291617,110007.02106294633,0.0,0.0,1.1085495074291618,1.1000702106294633,1.1448808619453685
2025-09-15,0.0046094682100956685,0.002458400239698122,0.0017382527755973598,111365.93311429737,110277.46234989594,0.0,0.0,1.1136593311429737,1.1027746234989595,1.1468709542813733
2025-09-16,-0.0017711425745972065,-0.0011055594542483949,-0.002015113350126052,111168.6881687989,110155.54405880449,0.0,0.0,1.111686881687989,1.1015554405880448,1.1445598793105292
2025-09-17,0.0013265521571561578,0.0008824652437009473,0.0014769944098564913,111316.15923189744,110252.75249783735,0.0,0.0,1.1131615923189744,1.1025275249783735,1.146250387854017
2025-09-18,-0.001132136640352388,0.0001427755753671267,-0.00011201135048344302,111190.13412936771,110268.49389801105,0.0,0.0,1.1119013412936771,1.1026849389801106,1.1461219948000811
2025-09-19,0.0029526129072501295,0.0001251986239698688,0.00013069454817005166,111518.43555455696,110282.29936171431,0.0,0.0,1.1151843555455696,1.102822993617143,1.1462717866963392
2025-09-22,0.002533201386768935,0.00023666587370763104,-0.0025202083372223294,111800.93421015405,110308.39941844724,0.0,0.0,1.1180093421015405,1.1030839941844723,1.1433829429827844
2025-09-23,-0.0001823392296278481,0.0001974409817924183,-0.0006363228028148926,111780.5485139385,110330.17881712837,0.0,0.0,1.117805485139385,1.1033017881712837,1.1426553823438148
2025-09-24,-0.00037660150564944317,-0.0003089083983794927,-0.0015637289786134545,111738.45179106583,110296.09689829705,0.0,0.0,1.1173845179106583,1.1029609689829705,1.1408685790098752
2025-09-25,-0.0015282797016726857,-0.001798756274282165,-0.0025133875399750982,111567.68418329721,110097.7011019724,0.0,0.0,1.115676841832972,1.1009770110197241,1.1380011341386427
2025-09-26,0.0036213220351390962,0.001484329883466362,0.0007615573377461882,111971.70669643964,110261.122409819,0.0,0.0,1.1197170669643963,1.10261122409819,1.1388677872527095
2025-09-29,-0.0021942898185867143,-0.0018897734058677118,-0.0023580917307077787,111726.00832046586,110052.7538729878,0.0,0.0,1.1172600832046586,1.100527538729878,1.1361822325412194
2025-09-30,0.00027015539983077375,-0.0003937291182808389,-0.0004143477319170641,111756.19170491518,110009.422899241,0.0,0.0,1.1175619170491518,1.10009422899241,1.1357114580101215
2025-10-09,-0.0007059743294072218,-0.0012957257147123702,-0.0017617078202870617,111677.2947024192,109866.88086112979,0.0,0.0,1.116772947024192,1.098668808611298,1.1337106662529555
2025-10-10,-0.0009340670021650288,-0.0006654435051512975,-0.000839939599848849,111572.9806265466,109793.77065882951,0.0,0.0,1.1157298062654661,1.0979377065882951,1.1327584177695986
2025-10-13,-0.0004983326385448184,-0.0013427828326809665,9.44545720726886e-06,111517.38016872067,109646.34146845352,0.0,0.0,1.1151738016872068,1.0964634146845353,1.13276911719076
2025-10-14,-0.004392197473403692,-0.003124147979820191,-0.003088635333232559,111027.57381330302,109303.79007226018,0.0,0.0,1.1102757381330302,1.0930379007226019,1.12927040647101
2025-10-15,-0.00023131316467472907,-0.0015288915063774722,-0.0033350703491401568,111001.89167383811,109136.67643600384,0.0,0.0,1.1100189167383812,1.0913667643600384,1.125504210222227
2025-10-16,-0.002268295928784525,-0.002374645412773102,-0.003945129428764349,110750.10653486697,108877.51552793977,0.0,0.0,1.1075010653486697,1.0887751552793978,1.121063950440281
2025-10-17,-0.0020248505615148016,-0.0022326706948829766,-0.004123002920460306,110525.85411946202,108634.42788968887,0.0,0.0,1.1052585411946203,1.0863442788968887,1.116441800498593
2025-10-20,-0.0014444535975957074,-0.00316167725850236,-0.006373028194660124,110366.20465185182,108290.96088953962,0.0,0.0,1.1036620465185183,1.0829096088953962,1.1093266854263184
2025-10-21,-0.008828030923591412,-0.006294598732016876,-0.004967158881569289,109391.88838426585,107609.31274443543,0.0,0.0,1.0939188838426586,1.0760931274443544,1.1038164835282414
2025-10-22,0.00026865050616131647,-0.002037081916997363,0.00012601050733751507,109421.27657045024,107390.10375934323,0.0,0.0,1.0942127657045024,1.0739010375934324,1.1039555760033382
2025-10-23,0.006932255167803714,0.006326153002379709,0.004409812074162245,110179.81278042342,108069.46998666627,0.0,0.0,1.1017981278042341,1.0806946998666627,1.1088238126317365
2025-10-24,0.0035299865770450634,0.005651395017830074,0.008481772391300435,110568.74604059965,108680.21325092844,0.0,0.0,1.1056874604059965,1.0868021325092845,1.1182286038325329
2025-10-27,-0.0012523301392861619,-0.0038361165063593994,-0.004410934524891719,110430.27746746993,108263.30329096189,0.0,0.0,1.1043027746746994,1.082633032909619,1.1132961706771665
2025-10-28,0.0035123348976484614,0.00510575064625618,0.008534194441240928,110818.14558477594,108816.06872170555,0.0,0.0,1.1081814558477594,1.0881606872170555,1.1227972566684143
2025-10-29,0.000620291956848984,0.0013132775869897362,0.002429959977129803,110886.88518915509,108958.97442586209,15.983973542837195,40.0,1.1088688518915508,1.0895897442586209,1.1255256090645498
2025-10-30,0.0026176804319093527,0.0005080334916731655,-0.0005133323827177794,111177.15161867012,109014.3292340888,0.0,0.0,1.1117715161867012,1.090143292340888,1.1249478403218387
2025-10-31,-0.0033479487500461813,-0.003403927401384732,-0.005402269333561693,110804.9362128747,108643.25237166531,0.0,0.0,1.108049362128747,1.086432523716653,1.1188705691022116
2025-11-03,-0.0006581774205545177,-0.0037783067022955086,-0.006340068660170561,110732.0069057734,108232.76484307027,0.0,0.0,1.107320069057734,1.0823276484307027,1.1117768528722596
2025-11-04,-0.0020383762850174625,-0.0036362775185789786,-0.005822346261187494,110506.29340890428,107839.20047349777,0.0,0.0,1.1050629340890428,1.0783920047349778,1.105303703069664
2025-11-05,0.0027473814884291237,0.003259738440585469,0.002758820967039499,110809.89635377083,108190.72806068322,0.0,0.0,1.1080989635377083,1.0819072806068322,1.108353038100639
2025-11-06,-0.001726767583298039,-0.0016765476841534843,-0.0006757409016314719,110618.55341683852,108009.3411461062,0.0,0.0,1.1061855341683853,1.080093411461062,1.1076040786193468
2025-11-07,0.0034830920433897017,0.0037276259358955954,0.006095440494590321,111003.84802009599,108411.95956748143,0.0,0.0,1.11003848020096,1.0841195956748144,1.1143554133721365
2025-11-10,0.009139058859503058,0.003016388278040516,0.004877533581050475,112018.31872078299,108738.97213152019,0.0,0.0,1.1201831872078298,1.087389721315202,1.1197907193220844
2025-11-11,-0.000977720616122446,-0.0014579948853751246,0.00020065164008831182,111908.79610118631,108580.43126631148,0.0,0.0,1.1190879610118631,1.0858043126631147,1.120015407166472
2025-11-12,-0.00030713010178140543,0.0023908509295171854,0.0009457393962553073,111874.42554124951,108840.03089133193,0.0,0.0,1.1187442554124951,1.0884003089133194,1.1210746498614423
2025-11-13,0.003160085703261206,-0.0009990335841407738,-0.0004485631662833889,112227.95831396298,108731.29604517257,0.0,0.0,1.1222795831396297,1.0873129604517258,1.1205717770668604
2025-11-14,0.004067754599099249,0.001975001293510026,0.002988580376580341,112684.47410754213,108946.04049550681,0.0,0.0,1.1268447410754214,1.089460404955068,1.1239206958903523
2025-11-17,-0.00014264523854246036,0.001535206524299948,0.0008567756675708083,112668.40020385303,109113.29516767216,0.0,0.0,1.1266840020385303,1.0911329516767216,1.1248836437948704
2025-11-18,0.004779199570467796,6.351588344166714e-06,-0.00016169686593414667,113206.86497371257,109113.98821040594,0.0,0.0,1.1320686497371257,1.0911398821040594,1.1247017536351283
2025-11-19,0.0024092331061296157,-0.002468307450104068,-0.0031298160162864797,113479.60670064838,108844.66134039563,0.0,0.0,1.1347960670064838,1.0884466134039563,1.1211816440730555
2025-11-20,-0.004505453607415055,-0.0033650557484742327,-0.0035213619750165126,112968.3295972709,108478.3929870614,0.0,0.0,1.129683295972709,1.084783929870614,1.1172335576645303
2025-11-21,-0.005231584190066196,-0.0011600291025400944,-0.00291131967056113,112377.32627017163,108352.55489419962,0.0,0.0,1.1237732627017163,1.0835255489419962,1.1139809336314905
2025-11-24,-0.005571816499702287,-0.0034283576158782303,-0.004562219063352413,111751.18042946706,107981.08358742823,0.0,0.0,1.1175118042946706,1.0798108358742824,1.1088987085798658
2025-11-25,0.0011215917801907782,0.005215634385111523,0.0038112330062425315,111876.51963486336,108544.27343992842,0.0,0.0,1.1187651963486336,1.0854427343992843,1.1131249799385852
2025-11-26,0.004485940919525477,0.003107315335250549,0.0031431427582762073,112378.3910922275,108881.55472534194,0.0,0.0,1.123783910922275,1.0888155472534193,1.1166236906583356
2025-11-27,-0.0016851771984153219,-0.002233422831720344,-0.002999147207343733,112189.01358996428,108638.37617506515,0.0,0.0,1.1218901358996427,1.0863837617506515,1.1132747718348437
2025-11-28,0.001240677247021038,-0.000147802217740578,-0.00015377222489199038,112328.20394649109,108622.31918213474,0.0,0.0,1.123282039464911,1.0862231918213474,1.1131035810962626
2025-12-01,-0.005056644973291835,-0.002219021470313498,-0.0023934482957495007,111760.20009864616,108381.28392371433,0.0,0.0,1.1176020009864616,1.0838128392371433,1.110439425227095
2025-12-02,0.00046434475305345835,-0.0003360529676943447,-0.002476273064508261,111812.09536116218,108344.86207160924,0.0,0.0,1.118120953611622,1.0834486207160925,1.107689673988637
2025-12-03,-0.0002852150242395046,-0.001122459332061121,0.000521598021791192,111780.20487167347,108223.24937009609,0.0,0.0,1.1178020487167346,1.0822324937009609,1.1082674427313481
2025-12-04,-0.00144866900250884,-0.0008971874670060664,-0.0024521635033113443,111618.2723537818,108126.15282712257,0.0,0.0,1.116182723537818,1.0812615282712257,1.1055497897563742
2025-12-08,-0.0009015693151328552,-0.0012679872878329501,-0.005264787860018605,111517.64074441948,107989.0502398555,0.0,0.0,1.1151764074441948,1.079890502398555,1.0997293046446188
2025-12-09,-0.0033388803982459248,-0.0016714646894833152,-0.00265605541718561,111145.2966796793,107808.55035552874,0.0,0.0,1.111452966796793,1.0780855035552874,1.0968083626675798
2025-12-10,0.0012511703305164712,0.0016557658062106295,0.004340997551482317,111284.35837726136,107987.05606682456,0.0,0.0,1.1128435837726136,1.0798705606682455,1.101569605084365
2025-12-11,-0.0008808325033171638,-0.0008800013629656211,-0.0017094681223046582,111186.33549729188,107892.0273103031,0.0,0.0,1.1118633549729187,1.078920273103031,1.0996865069599737
2025-12-12,-0.0003491082324134087,0.0007965720605207505,0.0006810663553220575,111147.5194322379,107977.97108481143,0.0,0.0,1.111475194322379,1.0797797108481144,1.1004354664412659
2025-12-15,-0.004155395582994936,-0.004196945929583085,-0.006465726786582415,110685.65752092833,107524.7933785824,0.0,0.0,1.1068565752092834,1.075247933785824,1.0933203513689913
2025-12-16,-0.005433750479883814,-0.001976283762391118,-0.003816607134119465,110084.21927625773,107312.29387537384,0.0,0.0,1.1008421927625773,1.0731229387537384,1.0891475771160783
2025-12-17,-0.0008951102746270756,-0.0031421822336670235,-0.004676064639717037,109985.68176050925,106975.09909210459,0.0,0.0,1.0998568176050925,1.0697509909210459,1.0840546526432924
2025-12-18,-0.0056680873581749225,-0.005974398128828273,-0.005734363742239901,109362.27330814226,106335.9872602575,0.0,0.0,1.0936227330814225,1.063359872602575,1.0778382889485683
2025-12-19,-0.007648238312050748,-0.009934042413761168,-0.008130000595604425,108525.84457953396,105279.64105270494,0.0,0.0,1.0852584457953396,1.0527964105270495,1.069075463017451
2025-12-22,-0.0010922954733507684,-0.009358853120108424,-0.007145788088351646,108407.30229075818,104294.34435555495,0.0,0.0,1.0840730229075817,1.0429434435555494,1.061436076308272
2025-12-23,-0.004066403806838981,-0.010555758716988328,-0.008306032962048349,107966.47442403389,103193.43842099121,0.0,0.0,1.0796647442403389,1.031934384209912,1.0526197532713482
2025-12-24,0.01534091464116294,0.01514109194812674,0.023276852237728907,109622.7788922803,104755.89976056678,0.0,0.0,1.096227788922803,1.0475589976056678,1.07712142773076
2025-12-25,0.007584815821255475,0.008295393217373492,0.009893613851059246,110454.24747999245,105624.89114092044,0.0,0.0,1.1045424747999246,1.0562489114092044,1.0877780512074298
2025-12-26,-0.0025273149117479576,-0.00032130334321345266,-0.0018393382316779228,110175.09481327036,105590.95351027031,0.0,0.0,1.1017509481327037,1.055909535102703,1.085777259450264
2025-12-29,-0.0023878242490180668,-0.0010393382951395802,-0.004197871501773753,109912.01605023738,105481.20878866679,0.0,0.0,1.0991201605023737,1.0548120878866678,1.0812193060355437
2025-12-30,0.00016880751353598455,-0.0015248578371939159,-0.0010093613315652616,109930.57002437455,105320.3649407687,0.0,0.0,1.0993057002437456,1.053203649407687,1.0801279650770896
2025-12-31,-0.00035309618648715624,-0.0007124386380775727,0.00031698232823518246,109891.75395932059,105245.33064340847,0.0,0.0,1.0989175395932058,1.0524533064340846,1.0804703465542518
2026-01-05,0.002619987466196072,0.004222546189193377,0.005951437851540842,110179.6689773323,105689.7339132472,0.0,0.0,1.1017966897733231,1.056897339132472,1.0869006986722023
2026-01-06,0.003473289377401878,0.0066075962697225155,0.007333759905497894,110562.35485119693,106388.08900480033,0.0,0.0,1.1056235485119692,1.0638808900480035,1.0948717674373822
2026-01-07,0.004763897377653592,0.0042043441310049,0.0057949770350826935,111089.06256353976,106835.38114241649,0.0,0.0,1.1108906256353976,1.0683538114241649,1.1012165241860423
2026-01-08,0.0019306227830373501,0.0016311996724902578,0.001369956180834242,111303.53363867119,107009.65098114636,0.0,0.0,1.1130353363867118,1.0700965098114636,1.1027251425697877
2026-01-09,-0.0005131258589424759,0.0006446295613646846,-0.0016591632383762267,111246.42091736951,107078.63256552012,0.0,0.0,1.1124642091736952,1.0707863256552013,1.1008955415512027
2026-01-12,-0.004877936320219045,-0.0008551263102434259,-0.00010690717541539385,110703.7679602823,106987.06680954846,0.0,0.0,1.107037679602823,1.0698706680954846,1.100777847918428
2026-01-13,0.0,-0.0016918273315770227,-0.0010205866915494743,110703.7679602823,106806.06316579481,0.0,0.0,1.107037679602823,1.0680606316579482,1.0996544086964901
2026-01-14,0.0003707084082926748,-0.00030020858906321113,-2.9189410082008926e-05,110744.80677789486,106773.99906826841,0.0,0.0,1.1074480677789487,1.067739990682684,1.0996223104330063
2026-01-15,0.0002879637467123608,-0.0009794603836702498,-0.002451982018798482,110776.69726738357,106669.418166175,0.0,0.0,1.1077669726738357,1.0666941816617501,1.096926056300355
2026-01-16,-0.0003079460111089505,-0.0014747489678264003,3.901601607458893e-05,110742.58402533625,106512.1075518358,0.0,0.0,1.1074258402533625,1.065121075518358,1.0969688539850002
2026-01-19,0.00016405610780023672,-0.0024805020772503683,-0.0007217681368628659,110760.7520226392,106247.90404780116,0.0,0.0,1.107607520226392,1.0624790404780116,1.096177096819063
2026-01-20,0.007780871419938995,0.0031922707010043627,0.0053586069574045325,111622.5671925031,106587.07611893608,0.0,0.0,1.116225671925031,1.0658707611893607,1.1020510790366251
2026-01-21,0.0062911477592564324,0.004792286923438915,0.004533936563722696,112324.80125597867,107097.87197002844,0.0,0.0,1.1232480125597868,1.0709787197002845,1.1070477087189594
2026-01-22,-0.0011322163912032002,0.003151740278433124,0.008379402327289398,112197.62527485802,107435.41664685085,0.0,0.0,1.1219762527485801,1.0743541664685086,1.1163241068658194
2026-01-23,0.0013402333481589146,0.00013411248451844493,0.003987156754684529,112347.99627383561,107449.82507750264,16.521659810250004,40.0,1.123479962738356,1.0744982507750265,1.1207750660689266
2026-01-26,-0.0007935607971507608,-0.0017385669198538567,-0.0024629836469340916,112258.84130835425,107263.01636607881,0.0,0.0,1.1225884130835426,1.072630163660788,1.1180146154093074
2026-01-27,0.0023309801932411833,0.0020034301272742194,0.0007560315045027632,112520.51444396023,107477.91032460892,0.0,0.0,1.1252051444396023,1.0747791032460892,1.1188598696810512
2026-01-28,0.00154797381830174,0.0007291094057768621,0.0004398883066212278,112694.69325434131,107556.27347993983,0.0,0.0,1.1269469325434132,1.0755627347993983,1.1193520430544717
2026-01-29,0.007934123847030516,0.010521193856937616,0.010132099638685332,113588.82690752437,108687.89388375208,0.0,0.0,1.1358882690752437,1.0868789388375208,1.1306934294854656
2026-01-30,-0.0033352296423252437,-0.0032150533602909315,-0.004125740456859428,113209.98208498544,108338.45650529818,0.0,0.0,1.1320998208498545,1.0833845650529819,1.1260284818591322
2026-02-02,-0.012585907876761282,-0.006388349851886965,-0.008694247543756362,111785.13167973403,107646.3525427289,0.0,0.0,1.1178513167973403,1.076463525427289,1.1162385114965288
2026-02-03,0.006670886130547782,-0.00024413198573758343,0.0013323492480374899,112530.83756425782,107620.07262492523,0.0,0.0,1.1253083756425781,1.0762007262492523,1.1177257310379516
2026-02-04,0.0008635094880069527,0.002614934757311227,0.0009955392185017065,112628.00901018793,107901.49209341651,0.0,0.0,1.1262800901018792,1.079014920934165,1.1188384708387284
2026-02-05,-0.0018387569325244435,0.00013175099471673946,-0.001960409295208909,112420.91347782403,107915.70822233125,0.0,0.0,1.1242091347782404,1.0791570822233125,1.116645089500659
2026-02-06,-0.0003857175795515255,-0.000661275122679883,-0.0007857040195469178,112377.55075518638,107844.34624913744,0.0,0.0,1.1237755075518638,1.0784434624913743,1.115767736965431
2026-02-09,0.00016428976231930292,0.00010350081508758713,-0.0020233403335154776,112396.01323628999,107855.50822687682,0.0,0.0,1.1239601323628998,1.0785550822687682,1.1135101591003935
2026-02-10,0.002399458915751662,0.0018719890625962243,0.0032477515566144977,112665.70285234474,108057.41255861828,0.0,0.0,1.1266570285234474,1.0805741255861827,1.117126563452918
2026-02-11,0.004011574202977375,0.0015498087123966275,0.0008428311464421245,113117.66967946751,108224.88087804067,0.0,0.0,1.131176696794675,1.0822488087804067,1.118068112515114
2026-02-12,-0.00048248521558780233,0.001404104363883718,0.0008899691860131398,113063.09207622542,108376.83990556232,0.0,0.0,1.1306309207622542,1.083768399055623,1.1190631586831163
2026-02-13,0.0009725989669442381,-0.002340970950654442,0.0011186430954861493,113173.05712277828,108123.13287161967,0.0,0.0,1.1317305712277828,1.0812313287161968,1.1203149909589902
2026-02-24,-3.541691217212595e-05,-0.00014356306247731432,-0.003056117966153349,113169.0488825539,108107.61038353998,0.0,0.0,1.131690488825539,1.0810761038353998,1.1168911761873694
2026-02-25,0.0006668749565093002,0.0008465840412521519,0.00045982296815716417,113244.51848710567,108199.1325612286,0.0,0.0,1.1324451848710566,1.081991325612286,1.1174047484031124
2026-02-26,-0.0031115489358249926,-0.0023785824384445764,-0.0035045386648280274,112892.1526261191,107941.77200466352,0.0,0.0,1.1289215262611911,1.0794177200466353,1.1134887602580712
2026-02-27,-0.0031219865422530413,-0.0035596741623965533,-0.004727587200922478,112539.70484489438,107557.53446781522,0.0,0.0,1.1253970484489437,1.0755753446781522,1.1082246450467041
2026-03-02,0.0001856411596108387,-0.0016551004709761674,-0.004392824731120459,112560.59684620405,107379.5159418605,0.0,0.0,1.1256059684620405,1.073795159418605,1.1033564084183058
2026-03-03,-0.001611447130197785,0.0035076113576930634,0.0022497406010297816,112379.21139544288,107756.16155156176,0.0,0.0,1.1237921139544287,1.0775616155156176,1.1058386741277308
2026-03-04,-0.0014065228549182685,-0.0003224789904032743,-0.001857675003628101,112221.1474661975,107721.41245337488,0.0,0.0,1.122211474661975,1.0772141245337488,1.1037843852647584
2026-03-05,0.0010946294008511437,0.0011536874325848157,-0.0008336322130997331,112343.98803361124,107845.68929314263,0.0,0.0,1.1234398803361123,1.0784568929314262,1.1028642350448852
2026-03-06,0.00020722569853681705,-0.00047116018215531685,-0.0030559678686807867,112367.26859500792,107794.8766985306,0.0,0.0,1.1236726859500792,1.077948766985306,1.0994939173790708
2026-03-09,-0.0037790102998149777,-0.001371956192987911,-0.00443743796344942,111942.6315296253,107646.98684987168,0.0,0.0,1.119426315296253,1.0764698684987168,1.0946149813295112
2026-03-10,0.0007743652616676311,0.0014547457186389057,0.003958712098997008,112029.31601478149,107803.58584311591,0.0,0.0,1.120293160147815,1.0780358584311591,1.0989482468998437
2026-03-11,-0.0005016301569854553,0.0012982641129430927,-0.0007302041650845137,111973.11873140202,107943.54336986261,0.0,0.0,1.11973118731402,1.079435433698626,1.0981457903127452
2026-03-12,-0.002114551213312943,-0.0037940577532245,-0.004306481156708952,111736.3458373301,107533.99933222967,0.0,0.0,1.117363458373301,1.0753399933222967,1.0934166461594441
2026-03-13,0.002019029456314936,0.0024057175055685054,0.0011840225453547681,111961.94481091667,107792.695756867,0.0,0.0,1.1196194481091668,1.07792695756867,1.094711276119963
2026-03-16,-0.006473752170330749,-0.001968507604034553,-0.004847774031178198,111237.13092770254,107580.50501561022,0.0,0.0,1.1123713092770253,1.0758050501561023,1.0894043632239507
2026-03-17,-0.00011538018496870528,0.001114485073419047,0.0020723047761221913,111224.29636696071,107700.401882641,0.0,0.0,1.1122429636696072,1.07700401882641,1.091661941088988
2026-03-18,-0.003051935513142201,-0.00035770344128993603,0.003204939723610689,110884.84698695413,107661.87707825928,0.0,0.0,1.1088484698695413,1.0766187707825927,1.095160651808738
2026-03-19,-0.0028516951352801634,-0.001890252396132941,4.884863761134284e-05,110568.63720822515,107458.36895713993,0.0,0.0,1.1056863720822514,1.0745836895713994,1.0952141489145444
2026-03-20,-0.0027862369085985828,-0.0014071316993924388,-0.0017975420566226363,110260.56679030214,107307.16087981533,0.0,0.0,1.1026056679030214,1.0730716087981533,1.0932454554208624
2026-03-23,-0.009682378522178237,-0.006099339943409721,-0.0095323846620603,109192.98224656851,106652.65802724718,0.0,0.0,1.091929822465685,1.0665265802724717,1.0828242192097415
2026-03-24,-0.00754894638862158,-0.00018045167426483655,0.0017192996324255638,108368.69027757546,106633.41237654137,0.0,0.0,1.0836869027757545,1.0663341237654136,1.0846859184918103
2026-03-25,0.00037138257015945086,0.0019903039426150126,0.0008483102842826717,108408.93652029557,106845.64527760888,0.0,0.0,1.0840893652029557,1.068456452776089,1.0856060687116835
2026-03-26,-0.001666445006559214,-0.0022374036897970795,-0.0017641725143893172,108228.27898936493,106606.58843662601,0.0,0.0,1.0822827898936493,1.06606588436626,1.0836908723238081
2026-03-27,0.007779340278622815,0.0007071866926200432,0.0004837833835218408,109070.22359939292,106681.97919731401,0.0,0.0,1.0907022359939291,1.0668197919731401,1.0842151439607126
2026-03-30,-0.005313114572872313,-0.0024287307197560226,-0.0007598634219511124,108490.72100492055,106422.87739719312,0.0,0.0,1.0849072100492054,1.0642287739719312,1.0833912885312915
2026-03-31,-0.0012725852217014832,-0.0013785190749935339,-0.0021825651559892467,108352.65731667794,106276.1714306854,0.0,0.0,1.0835265731667794,1.062761714306854,1.0810267164546408
2026-04-01,0.0005111775260751017,-0.00037411469630421745,0.0003563086424640538,108408.04475998874,106236.41195308624,0.0,0.0,1.0840804475998873,1.0623641195308624,1.081411895616448
2026-04-02,-7.394728376952653e-05,6.037226826216546e-05,7.915149596326998e-05,108400.02827953997,106242.82568624787,0.0,0.0,1.0840002827953996,1.0624282568624788,1.0814974909857384
2026-04-03,-0.0008810957634378669,0.00010654592236702953,0.002463395330431384,108304.51747386632,106254.1454261055,0.0,0.0,1.0830451747386631,1.062541454261055,1.084161646854906
2026-04-07,0.005691614450230809,0.0017942953934577677,0.0031086855687909587,108920.94503054586,106444.79674977936,0.0,0.0,1.0892094503054586,1.0644479674977936,1.0875319645207204
2026-04-08,0.0021663698743805693,0.0030803598758837314,0.00612923537050869,109156.9080845491,106772.68503068398,0.0,0.0,1.091569080845491,1.0677268503068398,1.0941977039042197
2026-04-09,-0.0019339478947568711,-0.0019011198082284908,-0.002522807943911465,108945.80431196082,106569.6973641944,0.0,0.0,1.0894580431196081,1.0656969736419442,1.0914372532446004
2026-04-10,0.007109713045444055,0.0018062311389286378,-0.0002744855846054106,109720.37771812396,106762.1868700398,0.0,0.0,1.0972037771812395,1.067621868700398,1.0911376694520833
2026-04-13,-0.0020048331750180948,-0.0013546138609822345,-0.0017062001745422606,109500.40666489914,106617.56533187687,0.0,0.0,1.0950040666489915,1.0661756533187687,1.0892759701700145
2026-04-14,-0.0013192689685259662,0.001017223379271126,0.0037718428005932836,109355.94617634517,106726.01921197343,0.0,0.0,1.0935594617634516,1.0672601921197342,1.0933845478959596
2026-04-15,-0.0008878303291839362,-0.0006843016904418686,0.00021528314626539924,109258.85665065321,106652.98641661255,0.0,0.0,1.092588566506532,1.0665298641661254,1.0936199351615086
2026-04-16,0.007162713491631667,0.00623857350446233,0.006770176005009176,110041.44653726509,107318.348911843,0.0,0.0,1.1004144653726509,1.07318348911843,1.1010239346051387
2026-04-17,-0.0007733973681367523,-4.730012773845882e-05,0.0005053204411835654,109956.34077212721,107313.2727402308,0.0,0.0,1.0995634077212721,1.073132727402308,1.101580304505527
2026-04-20,-0.0007371704462448836,0.001577033281061846,0.0007673106248238248,109875.28420733276,107482.5093428418,0.0,0.0,1.0987528420733277,1.074825093428418,1.1024255587772707
2026-04-21,-0.0028708995026047734,-0.0010377199726203656,-0.0016984354982724215,109559.84330855338,107370.97259618939,0.0,0.0,1.0955984330855337,1.073709725961894,1.1005531600740406
2026-04-22,-0.00627126746615736,-0.0010544118084537812,0.0007096956086369843,108872.76422761515,107257.7593747988,0.0,0.0,1.0887276422761514,1.072577593747988,1.1013342178188166
2026-04-23,-0.0057135416200870814,-0.0018387620502562374,-0.0032447976373208842,108250.71515790674,107060.5378772649,21.65447392636662,40.0,1.0825071515790674,1.070605378772649,1.0977606111509375
2026-04-24,0.003648338078558133,-1.0789950627310141e-05,-0.001384015594541932,108645.65036404847,107059.38269934707,0.0,0.0,1.0864565036404847,1.0705938269934707,1.0962412933460306
2026-04-27,0.0011961275410119487,-0.0013713869762081998,-0.005973179253938143,108775.60441866008,106912.5628562323,0.0,0.0,1.0877560441866008,1.069125628562323,1.0896932475953058
2026-04-28,-0.0025294146803301887,0.0005573371829818985,-0.0023564990279442144,108500.46580798173,106972.14920283997,0.0,0.0,1.0850046580798174,1.0697214920283997,1.0871253865165902
2026-04-29,-0.0018860679116539103,-0.0032555780415077784,-0.0022833297246225293,108295.8265610218,106623.89302284231,0.0,0.0,1.082958265610218,1.0662389302284232,1.0846431208071652
2026-04-30,0.0020260685384643207,0.0009945031011819871,-0.002623946968650759,108515.24132806406,106729.93081511362,0.0,0.0,1.0851524132806407,1.0672993081511362,1.0817970747782553
2026-05-06,0.0011975649965954016,0.00029456729772414647,-0.0015330142026348526,108645.19538267565,106761.36996242013,0.0,0.0,1.0864519538267565,1.0676136996242012,1.0801386644982514
2026-05-07,0.006823347292924664,0.0028148511570993406,0.0008320703693798226,109386.51928247929,107061.88732819236,0.0,0.0,1.0938651928247929,1.0706188732819235,1.0810374158758018
2026-05-08,0.00336640361634144,0.0005245571122627357,0.0012767599988123823,109754.75845657082,107118.04740264264,0.0,0.0,1.0975475845657083,1.0711804740264264,1.0824176412056115
2026-05-11,0.001197098401779062,-0.001215884038082482,-0.002609572385979475,109886.14570250682,106987.80427861521,0.0,0.0,1.0988614570250683,1.069878042786152,1.0795929940190243
2026-05-12,0.00042667644924043735,0.00024037337530247171,-0.0013973954926561616,109933.03153297587,107013.52129824585,0.0,0.0,1.0993303153297587,1.0701352129824584,1.078084375635279
2026-05-13,-0.0010326091342660604,-0.002833484082179427,-0.005458461110945723,109819.51368045737,106710.3001890693,0.0,0.0,1.0981951368045737,1.067103001890693,1.0721996939965555
2026-05-14,-0.0058774556808602885,-0.006649943317908913,-0.007394397820598475,109174.05435590685,106000.68274137494,0.0,0.0,1.0917405435590684,1.0600068274137495,1.064271422916021
2026-05-15,-0.001521757612330421,-0.007543649853668066,-0.004795415703227168,109007.91790762177,105201.05070652426,0.0,0.0,1.0900791790762177,1.0520105070652426,1.0591677990220736
2026-05-18,0.005402093972707078,-0.0005587988736284188,0.0013233258917297874,109596.78892392787,105142.26447788492,0.0,0.0,1.0959678892392788,1.0514226447788493,1.060569423194206
2026-05-19,0.01989179968567578,0.017915085635081596,0.02366732577377828,111776.86629539594,107025.89714987263,0.0,0.0,1.1177686629539594,1.0702589714987263,1.0856702652386514
2026-05-20,0.0028196976881920133,-0.003340332342897656,-0.0035379915245885574,112092.0432668824,106668.39508409527,0.0,0.0,1.120920432668824,1.0666839508409527,1.0818291730417393
2026-05-21,0.0017705349018519723,-0.002054217958969984,-0.0063692377683931545,112290.50614170631,106449.27495125902,0.0,0.0,1.122905061417063,1.0644927495125902,1.0749387458138524
2026-05-22,0.007747391461003783,0.003963697138267053,-0.0002587914439566852,113160.46465014035,106871.20763775393,0.0,0.0,1.1316046465014036,1.0687120763775393,1.0746605608636584
2026-05-25,0.008543731869272042,0.001387857470904974,-0.001752272478370398,114127.27731831338,107019.52964169864,0.0,0.0,1.1412727731831338,1.0701952964169863,1.0727774627392668
2026-05-26,-0.00022135672837753084,-0.0010953092606896808,-0.0047474193387523345,114102.01447758757,106902.31015980743,0.0,0.0,1.1410201447758757,1.0690231015980742,1.0676845382664808
2026-05-27,-0.0031829193198886774,-0.005537611643571028,-0.008287486596719074,113738.83697126864,106310.32668234184,0.0,0.0,1.1373883697126863,1.0631032668234184,1.0588361169660732
2026-05-28,-0.011830876726148687,-0.007458650682092949,-0.007770659445039518,112393.20681208603,105517.39509171907,0.0,0.0,1.1239320681208604,1.0551739509171907,1.0506082620930217
2026-05-29,0.011849864074195748,0.006625234442874106,0.008045380016905579,113725.05103567222,106216.47257200308,0.0,0.0,1.1372505103567223,1.0621647257200308,1.0590608048104608
2026-06-01,0.007284899626093244,0.008250013395855182,0.010163361385288283,114553.52661743943,107092.7598935826,0.0,0.0,1.1455352661743943,1.070927598935826,1.0698244224987439
2026-06-02,-7.615887595469051e-05,-0.002643821265098989,-0.001330146316094849,114544.80234961561,106809.6257776378,0.0,0.0,1.1454480234961562,1.068096257776378,1.068401399484289
2026-06-03,-0.0020166261431529,-0.0023304027304171804,0.0011516583880788467,114313.8083066351,106560.71633409076,0.0,0.0,1.143138083066351,1.0656071633409077,1.0696318329178403
2026-06-04,0.0020594076981470533,-0.0009086218518203903,0.0010102929849655773,114549.2270434663,106463.89293868397,0.0,0.0,1.1454922704346628,1.0646389293868397,1.070712474455133
2026-06-05,0.0006423601836380577,0.0003534074321229763,0.0020485250619552975,114622.80890598554,106501.51806970124,0.0,0.0,1.1462280890598555,1.0650151806970125,1.0729058557932025
2026-06-08,-0.0005841933571846258,-0.0020531678326153324,-0.003041574837699512,114555.84702244082,106282.85257867583,0.0,0.0,1.1455584702244082,1.0628285257867582,1.0696425323390015
2026-06-09,-0.01330757553973394,-0.005667534698471255,-0.005641579642299832,113031.38643467148,105680.49082383368,0.0,0.0,1.1303138643467148,1.0568049082383368,1.0636080588040198
2026-06-10,-0.0022115816557368717,-0.005286281970211415,-0.00709198454852733,112781.40829391006,105121.83395058855,0.0,0.0,1.1278140829391006,1.0512183395058856,1.0560649668852926
2026-06-11,-0.010381982107368848,-0.007025401069905457,-0.006504361569557138,111610.51373095883,104383.31090588166,0.0,0.0,1.1161051373095883,1.0438331090588167,1.0491959384997283
2026-06-12,0.005660539842025081,0.003504521379202652,0.0032632749003169703,112242.2894907218,104749.12445058329,0.0,0.0,1.122422894907218,1.0474912445058329,1.0526197532713488
2026-06-15,-0.0002614549175716796,-0.002608774796654778,-0.0012908996655858207,112212.94319217495,104475.85757474495,0.0,0.0,1.1221294319217494,1.0447585757474496,1.0512609267838617
2026-06-16,-0.00039522454410312324,-0.0006372144267612345,-0.0012823905388075207,112168.59388285935,104409.28405105007,0.0,0.0,1.1216859388285936,1.0440928405105008,1.0499127997175361
2026-06-17,0.00010231834716023513,-0.0002969766491850434,-0.00046877547692802946,112180.07078798872,104378.27693172877,0.0,0.0,1.1218007078798873,1.0437827693172876,1.0494206263441157
2026-06-18,-0.007185582234241927,-0.008824380482456373,-0.012978935992333018,111373.99166429855,103457.20330198,0.0,0.0,1.1137399166429856,1.0345720330198,1.0358002632057615
2026-06-22,-0.01480801603754911,-0.014784230964449474,-0.02037000692084412,109724.76380956775,101927.66811342753,0.0,0.0,1.0972476380956775,1.0192766811342753,1.014701004675648
2026-06-23,-0.004805874196394888,-0.00325747432221668,-0.0070436643925892994,109197.44039846983,101595.64135182461,0.0,0.0,1.0919744039846984,1.0159564135182462,1.0075537913398895
2026-06-24,-6.270723595680483e-05,-0.008554052114120969,-0.013518249105331948,109190.59292880888,100726.58694113356,0.0,0.0,1.0919059292880888,1.0072658694113357,0.9939334282015353
2026-06-25,0.02194599214172821,0.01878259933693016,0.023359455735445955,111586.88882317516,102618.49406622534,0.0,0.0,1.1158688882317516,1.0261849406622534,1.0171511721215891
2026-06-26,0.003766677220267134,-0.0028248139015730755,-0.006058948519975571,112007.2006153859,102328.61591762857,0.0,0.0,1.120072006153859,1.0232861591762856,1.0109883055326716
2026-06-29,0.007186821824297196,0.0065211028767289125,0.014721134511588518,112812.17640924698,102995.91134926071,0.0,0.0,1.12812176409247,1.0299591134926072,1.025871200368061
2026-06-30,0.007453448088114989,0.010005546580037494,0.012202626172025832,113653.01610982057,104026.44173781916,0.0,0.0,1.1365301610982057,1.0402644173781916,1.0383895231267999
2026-07-01,0.002909061285045089,0.005049219999368804,0.0024420150230290982,113983.63969891425,104551.69412790494,0.0,0.0,1.1398363969891425,1.0455169412790493,1.0409252859420315
2026-07-02,-0.006308284144716958,-0.0013343320144146853,-0.0037620261491653206,113264.59851184447,104412.18745526878,0.0,0.0,1.1326459851184447,1.044121874552688,1.0370092977969902
2026-07-03,0.00779856061644546,0.009868450182186628,0.013526340768865719,114147.89934903645,105442.57392558423,0.0,0.0,1.1414789934903644,1.0544257392558423,1.0510362389394745
2026-07-06,-0.0035941798381349255,0.0016165734679165489,0.002086875082711437,113737.63127063069,105613.02959298117,0.0,0.0,1.137376312706307,1.0561302959298118,1.053229620277544
2026-07-07,-0.0014869008118749694,-0.0023280580075745183,-0.004500294601678112,113568.51469435365,105367.15633373303,0.0,0.0,1.1356851469435365,1.0536715633373304,1.0484897767030814
2026-07-08,-0.005120059644723729,-0.006750902785543356,-0.007306495229348564,112987.03712535588,104655.83290453485,0.0,0.0,1.129870371253559,1.0465583290453484,1.0408289911515796
2026-07-09,-0.000577046999229669,0.0008168366512901759,0.0010690899371910145,112921.83829463084,104741.31962462259,0.0,0.0,1.1292183829463085,1.0474131962462259,1.0419417309523564
2026-07-10,0.004306277014960447,0.007017937515584549,0.007044350656685516,113408.1110113661,105476.38766104807,0.0,0.0,1.134081110113661,1.0547638766104808,1.0492815338690187
2026-07-13,0.004122422157211814,-0.0031136526978365886,-0.003528128154666632,113875.6271210069,105147.97082204919,0.0,0.0,1.138756271210069,1.0514797082204919,1.0455795341472036
2026-07-14,-0.003487505411301939,-0.002426135053211431,-0.0025582513840139987,113478.48525520698,104892.86764426377,0.0,0.0,1.1347848525520698,1.0489286764426378,1.0429046788568748
2026-07-15,-0.011791864894228343,-0.006921993664435577,-0.0045653668195295705,112140.3622886759,104166.7998789857,0.0,0.0,1.121403622886759,1.041667998789857,1.0381434364400894
2026-07-16,0.006295836136638755,0.006353757682327821,0.00496763820752788,112846.3796339487,104828.6504839603,0.0,0.0,1.128463796339487,1.048286504839603,1.0433005574398435
2026-07-17,0.00033918064640281465,-0.0025055184065498892,-0.005199466721361956,112884.65494193716,104566.00037063895,0.0,0.0,1.1288465494193716,1.0456600037063895,1.0378759509110567
2026-07-20,-0.0036490113389999745,-0.005417861381861733,-0.0060513592363122815,112472.73755605493,103999.47627537513,0.0,0.0,1.1247273755605494,1.0399947627537514,1.0315953906893647
2026-07-21,-0.0019234196032046347,-0.004589112511685478,-0.005839279787587137,112256.40528781353,103522.21097759106,0.0,0.0,1.1225640528781353,1.0352221097759107,1.0255716165755442
2026-07-22,-0.001509685352229173,-0.007406280959223133,-0.009326781634377612,112086.9334370566,102755.49639757106,22.421871061623648,40.0,1.120869334370566,1.0275549639757107,1.0160063340573284
2026-07-23,-0.0041703604351044365,-0.002305540285617025,-0.0013058267252182842,111619.49052455853,102518.58946105788,0.0,0.0,1.1161949052455853,1.0251858946105787,1.0146796058333254
2026-07-24,-0.0011226247346849405,-0.0012058570933060064,0.0008962935625034252,111494.18372362273,102394.96669276054,0.0,0.0,1.1149418372362272,1.0239496669276054,1.0155890566320374
2026-07-27,0.0008581663356133085,-0.0010627266634911647,-0.005341340075853407,111589.86427871103,102286.14883144885,0.0,0.0,1.1158986427871103,1.0228614883144884,1.0101644501032505
2026-07-28,-0.0052841883858071315,-0.0021240615957035525,-0.004046052979992165,111000.20241391567,102068.88675094355,0.0,0.0,1.1100020241391566,1.0206888675094354,1.0060772712196282
2026-07-29,0.0019647696232854006,0.0017792678602754908,0.0016164881794302755,111218.29223979707,102250.4946406736,0.0,0.0,1.1121829223979707,1.022504946406736,1.0077035832361483
2026-07-30,-0.0006268133772135975,0.0026755869556096545,0.0014227620695879128,111148.57912643031,102524.07473033882,0.0,0.0,1.111485791264303,1.0252407473033882,1.0091373056717645
2026-07-31,0.005714615835107573,0.007586859323687634,0.011206887411601363,111783.75055675593,103301.91046260914,0.0,0.0,1.1178375055675593,1.0330191046260915,1.0204465938392748
2026-08-03,-0.002146668549845576,-0.0028253225774027557,-0.003564912869335468,111543.78789505195,103010.0492426903,0.0,0.0,1.1154378789505195,1.0301004924269028,1.0168087906444276
2026-08-04,-0.008188086525499072,-0.006044239253967465,-0.008112885914514867,110630.45770838535,102387.4318595045,0.0,0.0,1.1063045770838535,1.023874318595045,1.0085595369290536
2026-08-05,-0.010325589664656798,-0.004755825240325473,-0.006577342117267682,109488.13299767539,101900.49512677497,0.0,0.0,1.094881329976754,1.0190049512677497,1.0019258958090382
2026-08-06,0.0015468848365416399,0.0005517914719423977,-0.0038337088730603375,109657.49853039076,101956.72295097263,0.0,0.0,1.0965749853039075,1.0195672295097262,0.9980848036121261
2026-08-07,0.0053594843972444295,0.0025273286262066375,0.0056172548346984374,110245.20618280525,102214.40109552085,0.0,0.0,1.1024520618280524,1.0221440109552085,1.0036913003006553
2026-08-10,0.0006494965969794375,0.0011020228855784797,-0.0015137301722668584,110316.81006905428,102327.04370476381,0.0,0.0,1.1031681006905427,1.0232704370476382,1.0021719824957485
2026-08-11,0.00017883317087918904,-0.002440000605080428,-0.0014306151645206988,110336.5383740002,102077.3656562081,0.0,0.0,1.103365383740002,1.020773656562081,1.0007382600601322
2026-08-12,-0.001350477116084381,-0.004156051604902955,-0.0025125090877988754,110187.53140385814,101653.12685684835,0.0,0.0,1.1018753140385815,1.0165312685684835,0.9982238960872231
2026-08-13,-0.0026754316835349012,-0.00022530494248673705,-0.003290566684888141,109892.73219120977,101630.22390494827,0.0,0.0,1.0989273219120976,1.0163022390494827,0.9949391737906992
2026-08-14,0.003579685638841923,0.001243060125140083,0.0014302613184213886,110286.11362644774,101756.55638379358,0.0,0.0,1.1028611362644773,1.0175655638379357,0.9963621968051541
2026-08-17,-0.004379062029365444,-0.001578183677172329,-0.003930285751103324,109803.16389389988,101595.9658474634,0.0,0.0,1.0980316389389988,1.015959658474634,0.9924462086601128
2026-08-18,-0.00011653098681763119,0.0016787708345755714,0.00408594499606485,109790.36842285562,101766.52219183867,0.0,0.0,1.0979036842285563,1.0176652219183866,0.9965012892802512
2026-08-19,0.001176926788330368,-0.0002728328744185937,0.004810170073870523,109919.58364855315,101738.75693906948,0.0,0.0,1.0991958364855314,1.0173875693906949,1.0012946299605203
2026-08-20,0.011237043792882151,0.007349667077894084,0.006625064113523704,111154.75482370732,102486.50293149042,0.0,0.0,1.1115475482370731,1.0248650293149042,1.0079282710805357
2026-08-21,0.0003566822530489677,-0.000264902521872723,0.0001804594284744443,111194.40175209496,102459.35399840596,0.0,0.0,1.1119440175209496,1.0245935399840596,1.008110161240278
2026-08-24,0.001311717853657024,-0.001763352467054613,0.00014858683308394127,111340.25743409988,102278.68204376005,0.0,0.0,1.1134025743409988,1.0227868204376005,1.0082599531365366
2026-08-25,0.0044066693789039935,0.0032378184731027826,0.0029819069347907234,111830.89713717402,102609.84184988594,0.0,0.0,1.1183089713717402,1.0260984184988593,1.0112664904828663
2026-08-26,0.008688432697175896,0.006365138991266006,0.012135511447797231,112802.53236041515,103262.9677551323,0.0,0.0,1.1280253236041515,1.032629677551323,1.023538726554895
2026-08-27,0.001911027978369395,0.005103126484010012,0.0022683796243061494,113018.10115578683,103789.93174070098,0.0,0.0,1.1301810115578683,1.03789931740701,1.0258605009469004
2026-08-28,-0.00474781652008438,-0.003738045119638933,-0.003619107217354922,112481.51194805081,103401.96029289,0.0,0.0,1.124815119480508,1.0340196029289,1.022147801803924
2026-08-31,-0.004918405295787132,-0.0030434142462036906,-0.0035799147938408993,111928.28228400738,103087.26529384922,0.0,0.0,1.1192828228400737,1.0308726529384922,1.0184885997667543
2026-09-01,-0.0029948040908025497,-0.0038733702862778774,-0.006303116891302696,111593.07900634673,102687.97014356639,0.0,0.0,1.1159307900634672,1.0268797014356639,1.0120689470699653
2026-09-02,-0.0036217233004188776,-0.005667872282581032,-0.005190768677781121,111188.91975194396,102105.94784383517,0.0,0.0,1.1118891975194396,1.0210594784383515,1.0068155312797595
