symbol,asset_type,classification_status,classification_method,evidence_phrase,publication_date,source_url,raw_title
180101,industrial_park,official_title_evidence,official_announcement_title_keyword,产业园,2026-08-27,https://disc.static.szse.cn/disc/disk03/finalpage/2026-08-27/6b8c7b56-88ba-42ca-8aa5-34a5e81431ef.PDF,博时蛇口产园REIT：博时招商蛇口产业园封闭式基础设施证券投资基金2026年中期报告
180102,industrial_park,official_title_evidence,official_announcement_title_keyword,产业园,2026-07-21,https://disc.static.szse.cn/disc/disk03/finalpage/2026-07-21/aa5b6b15-d762-461d-9d78-c969c6db34b1.PDF,华夏合肥高新REIT：华夏合肥高新创新产业园封闭式基础设施证券投资基金2026年第2季度报告
180103,industrial_park,official_title_evidence,official_announcement_title_keyword,产业园,2026-07-21,https://disc.static.szse.cn/disc/disk03/finalpage/2026-07-21/865cb1e9-fb4f-4166-abfc-be6b3975de34.PDF,华夏和达高科REIT：华夏杭州和达高科产业园封闭式基础设施证券投资基金2026年第2季度报告
180105,industrial_park,official_title_evidence,official_announcement_title_keyword,产业园,2026-07-21,https://disc.static.szse.cn/disc/disk03/finalpage/2026-07-21/e19df923-e274-43c9-85d2-61f6d8e2fc7f.PDF,易方达广开产园REIT：易方达广州开发区高新产业园封闭式基础设施证券投资基金2026年第2季度报告
180106,industrial_park,official_title_evidence,official_announcement_title_keyword,产业园,2026-07-20,https://disc.static.szse.cn/disc/disk03/finalpage/2026-07-20/5b83f095-463f-4aac-9dcb-7728ec421096.PDF,广发成都高投产业园REIT：广发成都高投产业园封闭式基础设施证券投资基金2026年第2季度报告
180201,toll_road,human_verified,official_source_manual_review,2026年第2季度报告及连续季度运营指标,,https://disc.static.szse.cn/disc/disk03/finalpage/2026-07-21/e98b1e02-6b71-4e0c-8200-c51a13b7b40c.PDF,平安广州广河REIT
180202,toll_road,official_title_evidence,official_announcement_title_keyword,高速公路,2026-07-21,https://disc.static.szse.cn/disc/disk03/finalpage/2026-07-21/be267523-b8eb-4c32-9ba4-083e4bd7f0be.PDF,华夏越秀高速REIT：华夏越秀高速公路封闭式基础设施证券投资基金2026年第2季度报告
180203,toll_road,official_title_evidence,official_announcement_title_keyword,高速公路,2026-07-21,https://disc.static.szse.cn/disc/disk03/finalpage/2026-07-21/a8e96566-0853-4555-a8c5-1f4ec4fc4543.PDF,招商高速公路REIT：招商基金招商公路高速公路封闭式基础设施证券投资基金2026年第2季度报告
180301,logistics,human_verified,official_source_manual_review,2026年第2季度报告及首发现代物流中心连续出租率,,https://disc.static.szse.cn/disc/disk03/finalpage/2026-07-21/07522a94-dc7a-46f6-b694-51f76af36494.PDF,红土创新盐田港REIT
180302,logistics,official_title_evidence,official_announcement_title_keyword,仓储物流,2026-07-21,https://disc.static.szse.cn/disc/disk03/finalpage/2026-07-21/372c364d-09b0-4fff-bc61-5c04a2b4b991.PDF,华夏深国际REIT：华夏深国际仓储物流封闭式基础设施证券投资基金2026年第2季度报告
180303,logistics,official_title_evidence,official_announcement_title_keyword,物流仓储,2026-07-21,https://disc.static.szse.cn/disc/disk03/finalpage/2026-07-21/0e9cfb17-615f-435a-bd63-3504bf81d6e8.PDF,华泰宝湾物流REIT：华泰紫金宝湾物流仓储封闭式基础设施证券投资基金2026年第2季度报告
180305,logistics,official_title_evidence,official_announcement_title_keyword,仓储物流,2026-07-21,https://disc.static.szse.cn/disc/disk03/finalpage/2026-07-21/02292f89-fbb6-48d2-ace9-4d3ef573683f.PDF,南方顺丰物流REIT：南方顺丰仓储物流封闭式基础设施证券投资基金2026年第2季度报告
180306,logistics,official_title_evidence,official_announcement_title_keyword,仓储物流,2026-07-21,https://disc.static.szse.cn/disc/disk03/finalpage/2026-07-21/e915fd62-2eff-4f0e-b980-8d7bfaf982a9.PDF,华夏安博仓储REIT：华夏安博仓储物流封闭式基础设施证券投资基金2026年第2季度报告
180401,gas_power,human_verified,official_source_manual_review,2026年第2季度报告及连续季度燃气发电运营指标,,https://disc.static.szse.cn/disc/disk03/finalpage/2026-07-20/62427907-8e2e-4a82-94bd-dd38d7f9998d.PDF,鹏华深圳能源REIT
180402,renewable,official_title_evidence,official_announcement_title_keyword,清洁能源,2026-07-21,https://disc.static.szse.cn/disc/disk03/finalpage/2026-07-21/5e92280c-2d77-4774-a060-a19382c1f6ee.PDF,工银蒙能清洁能源REIT：工银瑞信蒙能清洁能源封闭式基础设施证券投资基金2026年第2季度报告
180501,rental_housing,official_title_evidence,official_announcement_title_keyword,租赁住房,2026-07-21,https://disc.static.szse.cn/disc/disk03/finalpage/2026-07-21/51f3655b-c769-4903-a7d3-b43bf8b89ea5.PDF,红土创新深圳安居REIT：红土创新深圳安居保障性租赁住房封闭式基础设施证券投资基金2026年第2季度报告
180502,rental_housing,official_title_evidence,official_announcement_title_keyword,租赁住房,2026-08-28,https://disc.static.szse.cn/disc/disk03/finalpage/2026-08-28/2049126a-a693-4172-b2b8-09ddcbe1696c.PDF,招商基金蛇口租赁住房REIT：招商基金招商蛇口租赁住房封闭式基础设施证券投资基金2026年中期报告
180503,rental_housing,official_title_evidence,official_announcement_title_keyword,租赁住房,2026-07-21,https://disc.static.szse.cn/disc/disk03/finalpage/2026-07-21/94438251-4a8d-46a0-86cb-75010a2664c0.PDF,中航北京昌保租赁住房REIT：中航北京昌保租赁住房封闭式基础设施证券投资基金2026年第2季度报告
180601,retail,official_title_evidence,official_announcement_title_keyword,消费,2026-07-21,https://disc.static.szse.cn/disc/disk03/finalpage/2026-07-21/27e4f1fe-e491-4acc-ae1e-483b62d192be.PDF,华夏华润消费REIT：华夏华润消费封闭式基础设施证券投资基金2026年第2季度报告
180602,retail,official_title_evidence,official_announcement_title_keyword,消费,2026-08-28,https://disc.static.szse.cn/disc/disk03/finalpage/2026-08-28/b0765aea-1e1c-4299-8b57-9f2568e14ca7.PDF,中金印力消费REIT：中金印力消费基础设施封闭式基础设施证券投资基金2026年中期报告
180603,retail,official_title_evidence,official_announcement_title_keyword,消费,2026-07-21,https://disc.static.szse.cn/disc/disk03/finalpage/2026-07-21/6a722e72-95f5-4a14-b0b1-14f415b7c14a.PDF,华夏大悦城消费REIT：华夏大悦城购物中心封闭式基础设施证券投资基金2026年第2季度报告
180605,retail,official_title_evidence,official_announcement_title_keyword,农贸市场,2026-07-21,https://disc.static.szse.cn/disc/disk03/finalpage/2026-07-21/aa82d639-0bc0-4ebc-97fd-9540ab86eae7.PDF,易方达华威市场REIT：易方达华威农贸市场封闭式基础设施证券投资基金2026年第2季度报告
180606,retail,official_title_evidence,official_announcement_title_keyword,消费,2026-08-28,https://disc.static.szse.cn/disc/disk03/finalpage/2026-08-28/02b8ee16-4565-4bf7-8cd8-1ef8cb6ba5ad.PDF,中金中国绿发消费REIT：中金中国绿发消费封闭式基础设施证券投资基金2026年中期报告
180607,retail,official_title_evidence,official_announcement_title_keyword,消费,2026-07-21,https://disc.static.szse.cn/disc/disk03/finalpage/2026-07-21/ded52326-d314-4f13-83f6-ed6410a8fd22.PDF,华夏中海消费REIT：华夏中海消费封闭式基础设施证券投资基金2026年第2季度报告
180701,water,official_title_evidence,official_announcement_title_keyword,原水水利,2026-07-20,https://disc.static.szse.cn/disc/disk03/finalpage/2026-07-20/621f9955-18ab-4c70-8f7f-945a15dd22f0.PDF,银华绍兴原水水利REIT：银华绍兴原水水利封闭式基础设施证券投资基金2026年第2季度报告
180801,waste_to_energy,official_title_evidence,official_announcement_title_keyword,生物质,2026-07-21,https://disc.static.szse.cn/disc/disk03/finalpage/2026-07-21/744c9eac-ece8-4e3d-a03d-3542098aee62.PDF,中航首钢绿能REIT：中航首钢生物质封闭式基础设施证券投资基金2026年第2季度报告
180901,data_center,official_title_evidence,official_announcement_title_keyword,数据中心,2026-07-21,https://disc.static.szse.cn/disc/disk03/finalpage/2026-07-21/0fce6b0b-a3f4-411e-878c-1115d6ca504f.PDF,南方润泽科技数据中心REIT：南方润泽科技数据中心封闭式基础设施证券投资基金2026年第2季度报告
181001,commercial_property,official_title_evidence,official_announcement_title_keyword,商业不动产,2026-09-04,https://disc.static.szse.cn/disc/disk03/finalpage/2026-09-04/4c3e0def-d608-4bd2-b226-e5b95462c4a2.PDF,创金合信北京国资公司REIT：创金合信北京国资公司封闭式商业不动产证券投资基金关于原始权益人及其关联方基金份额增持计划的公告
508000,industrial_park,official_title_evidence,official_announcement_title_keyword,产业园,2026-07-21,https://www.sse.com.cn/disclosure/fund/announcement/c/new/2026-07-21/508000_20260721_YU5C.pdf,华安张江产业园封闭式基础设施证券投资基金2026年第2季度报告
508001,toll_road,official_title_evidence,official_announcement_title_keyword,高速封闭式基础设施,2026-07-21,https://www.sse.com.cn/disclosure/fund/announcement/c/new/2026-07-21/508001_20260721_8C22.pdf,浙商证券沪杭甬杭徽高速封闭式基础设施证券投资基金2026年第2季度报告
508002,retail,official_title_evidence,official_announcement_title_keyword,消费,2026-07-21,https://www.sse.com.cn/disclosure/fund/announcement/c/new/2026-07-21/508002_20260721_3EWO.pdf,华安百联消费封闭式基础设施证券投资基金2026年第2季度报告
508003,industrial_park,official_title_evidence,official_announcement_title_keyword,产业园,2026-08-28,https://www.sse.com.cn/disclosure/fund/announcement/c/new/2026-08-28/508003_20260828_EDDH.pdf,中金联东科技创新产业园封闭式基础设施证券投资基金2026年中期报告
508005,retail,official_title_evidence,official_announcement_title_keyword,奥特莱斯,2026-07-21,https://www.sse.com.cn/disclosure/fund/announcement/c/new/2026-07-21/508005_20260721_VAGA.pdf,华夏首创奥特莱斯封闭式基础设施证券投资基金2026年第2季度报告
508006,water,official_title_evidence,official_announcement_title_keyword,水务,2026-07-21,https://www.sse.com.cn/disclosure/fund/announcement/c/new/2026-07-21/508006_20260721_1ULD.pdf,富国首创水务封闭式基础设施证券投资基金二0二六年第2季度报告
508007,toll_road,official_title_evidence,official_announcement_title_keyword,高速公路,2026-08-28,https://www.sse.com.cn/disclosure/fund/announcement/c/new/2026-08-28/508007_20260828_OPCI.pdf,中金山高集团高速公路封闭式基础设施证券投资基金2026年中期报告
508008,toll_road,official_title_evidence,official_announcement_title_keyword,高速公路,2026-07-21,https://www.sse.com.cn/disclosure/fund/announcement/c/new/2026-07-21/508008_20260721_0FU4.pdf,国金铁建重庆渝遂高速公路封闭式基础设施证券投资基金2026年第2季度报告
508009,toll_road,official_title_evidence,official_announcement_title_keyword,高速公路,2026-08-28,https://www.sse.com.cn/disclosure/fund/announcement/c/new/2026-08-28/508009_20260828_24B0.pdf,中金安徽交控高速公路封闭式基础设施证券投资基金2026年中期报告
508010,industrial_park,official_title_evidence,official_announcement_title_keyword,产业园,2026-08-28,https://www.sse.com.cn/disclosure/fund/announcement/c/new/2026-08-28/508010_20260828_A19U.pdf,中金重庆两江产业园封闭式基础设施证券投资基金2026年中期报告
508011,retail,official_title_evidence,official_announcement_title_keyword,消费,2026-07-21,https://www.sse.com.cn/disclosure/fund/announcement/c/new/2026-07-21/508011_20260721_IKC5.pdf,嘉实物美消费封闭式基础设施证券投资基金2026年第2季度报告
508012,industrial_park,official_title_evidence,official_announcement_title_keyword,科创孵化器,2026-07-21,https://www.sse.com.cn/disclosure/fund/announcement/c/new/2026-07-21/508012_20260721_OH0W.pdf,招商科创孵化器封闭式基础设施证券投资基金2026年第2季度报告
508015,renewable,official_title_evidence,official_announcement_title_keyword,新能源,2026-07-21,https://www.sse.com.cn/disclosure/fund/announcement/c/new/2026-07-21/508015_20260721_ICJD.pdf,中信建投明阳智能新能源封闭式基础设施证券投资基金2026年第2季度报告
508016,renewable,official_title_evidence,official_announcement_title_keyword,清洁能源,2026-07-21,https://www.sse.com.cn/disclosure/fund/announcement/c/new/2026-07-21/508016_20260721_0CI6.pdf,华夏华电清洁能源封闭式基础设施证券投资基金2026年第2季度报告
508017,retail,official_title_evidence,official_announcement_title_keyword,消费,2026-07-21,https://www.sse.com.cn/disclosure/fund/announcement/c/new/2026-07-21/508017_20260721_GLNA.pdf,华夏金茂消费封闭式基础设施证券投资基金2026年第2季度报告
508018,toll_road,human_verified,official_source_manual_review,2024年年度报告,,https://www.sse.com.cn/disclosure/fund/announcement/c/new/2025-03-29/508018_20250329_2AXB.pdf,华夏中国交建REIT
508019,industrial_park,official_title_evidence,official_announcement_title_keyword,产业园,2026-08-28,https://www.sse.com.cn/disclosure/fund/announcement/c/new/2026-08-28/508019_20260828_N6SY.pdf,中金湖北科投光谷产业园封闭式基础设施证券投资基金2026年中期报告
508020,toll_road,official_title_evidence,official_announcement_title_keyword,高速公路,2026-07-21,https://www.sse.com.cn/disclosure/fund/announcement/c/new/2026-07-21/508020_20260721_02RB.pdf,东方红隧道股份高速公路封闭式基础设施证券投资基金2026年第2季度报告
508021,industrial_park,official_title_evidence,official_announcement_title_keyword,产业园,2026-07-21,https://www.sse.com.cn/disclosure/fund/announcement/c/new/2026-07-21/508021_20260721_RD21.pdf,国泰海通临港创新智造产业园封闭式基础设施证券投资基金2026年第2季度报告
508022,industrial_park,official_title_evidence,official_announcement_title_keyword,产业园,2026-07-21,https://www.sse.com.cn/disclosure/fund/announcement/c/new/2026-07-21/508022_20260721_0HX9.pdf,博时津开科工产业园封闭式基础设施证券投资基金2026年第2季度报告
508026,hydropower,human_verified,official_source_manual_review,水电试点正式季度报告,,https://www.sse.com.cn/disclosure/fund/announcement/c/new/2026-04-22/508026_20260422_21XV.pdf,嘉实中国电建清洁能源REIT
508027,industrial_park,official_title_evidence,official_announcement_title_keyword,产业园,2026-07-21,https://www.sse.com.cn/disclosure/fund/announcement/c/new/2026-07-21/508027_20260721_8PEF.pdf,东吴苏州工业园区产业园封闭式基础设施证券投资基金2026年第2季度报告
508028,wind,human_verified,official_source_manual_review,2026年第2季度报告及连续季度海上风电运营指标,,https://www.sse.com.cn/disclosure/fund/announcement/c/new/2026-07-21/508028_20260721_W0FA.pdf,中信建投国家电投新能源REIT
508029,industrial_park,official_title_evidence,official_announcement_title_keyword,软件园,2026-07-21,https://www.sse.com.cn/disclosure/fund/announcement/c/new/2026-07-21/508029_20260721_W4R4.pdf,中信建投沈阳国际软件园封闭式基础设施证券投资基金2026年第2季度报告
508030,renewable,official_title_evidence,official_announcement_title_keyword,新能源,2026-08-17,https://www.sse.com.cn/disclosure/fund/announcement/c/new/2026-08-17/508030_20260817_76BF.pdf,中航基金管理有限公司关于中航中核汇能新能源封闭式基础设施证券投资基金新增做市商的公告
508031,rental_housing,official_title_evidence,official_announcement_title_keyword,租赁住房,2026-07-21,https://www.sse.com.cn/disclosure/fund/announcement/c/new/2026-07-21/508031_20260721_2T7R.pdf,国泰海通城投宽庭保障性租赁住房封闭式基础设施证券投资基金2026年第2季度报告
508033,toll_road,official_title_evidence,official_announcement_title_keyword,高速公路,2026-07-21,https://www.sse.com.cn/disclosure/fund/announcement/c/new/2026-07-21/508033_20260721_M1OB.pdf,易方达深高速高速公路封闭式基础设施证券投资基金2026年第2季度报告
508036,toll_road,official_title_evidence,official_announcement_title_keyword,跨海大桥,2026-08-28,https://www.sse.com.cn/disclosure/fund/announcement/c/new/2026-08-28/508036_20260828_64F8.pdf,平安宁波交投杭州湾跨海大桥封闭式基础设施证券投资基金2026年中期报告
508039,industrial_park,official_title_evidence,official_announcement_title_keyword,产业园,2026-08-28,https://www.sse.com.cn/disclosure/fund/announcement/c/new/2026-08-28/508039_20260828_49GQ.pdf,创金合信首农产业园封闭式基础设施证券投资基金2026年中期报告
508047,heating,official_title_evidence,official_announcement_title_keyword,供热,2026-08-27,https://www.sse.com.cn/disclosure/fund/announcement/c/new/2026-08-27/508047_20260827_1W9R.pdf,山证晋中公投瑞阳供热封闭式基础设施证券投资基金基金份额询价公告
508048,logistics,official_title_evidence,official_announcement_title_keyword,仓储物流,2026-07-21,https://www.sse.com.cn/disclosure/fund/announcement/c/new/2026-07-21/508048_20260721_1SPC.pdf,华安外高桥仓储物流封闭式基础设施证券投资基金2026年第2季度报告
508050,renewable,official_title_evidence,official_announcement_title_keyword,清洁能源,2026-07-21,https://www.sse.com.cn/disclosure/fund/announcement/c/new/2026-07-21/508050_20260721_D13H.pdf,华夏中核清洁能源封闭式基础设施证券投资基金2026年第2季度报告
508055,rental_housing,official_title_evidence,official_announcement_title_keyword,租赁住房,2026-07-17,https://www.sse.com.cn/disclosure/fund/announcement/c/new/2026-07-17/508055_20260717_NDL7.pdf,汇添富上海地产租赁住房封闭式基础设施证券投资基金2026年第2季度报告
508056,logistics,human_verified,official_source_manual_review,2024年年度报告,,https://www.sse.com.cn/disclosure/fund/announcement/c/new/2025-03-28/508056_20250328_6KQ4.pdf,中金普洛斯REIT
508058,rental_housing,official_title_evidence,official_announcement_title_keyword,租赁住房,2026-08-28,https://www.sse.com.cn/disclosure/fund/announcement/c/new/2026-08-28/508058_20260828_PKB5.pdf,中金厦门安居保障性租赁住房封闭式基础设施证券投资基金2026年中期报告
508059,renewable,official_title_evidence,official_announcement_title_keyword,清洁能源,2026-08-19,https://www.sse.com.cn/disclosure/fund/announcement/c/new/2026-08-19/508059_20260819_858N.pdf,华泰三峡清洁能源封闭式基础设施证券投资基金购入不动产项目交割审计情况的公告
508060,data_center,official_title_evidence,official_announcement_title_keyword,数据中心,2026-07-21,https://www.sse.com.cn/disclosure/fund/announcement/c/new/2026-07-21/508060_20260721_THW6.pdf,南方万国数据中心封闭式基础设施证券投资基金2026年第2季度报告
508066,toll_road,official_title_evidence,official_announcement_title_keyword,高速公路,2026-07-21,https://www.sse.com.cn/disclosure/fund/announcement/c/new/2026-07-21/508066_20260721_G7KR.pdf,华泰紫金江苏交控高速公路封闭式基础设施证券投资基金2026年第2季度报告
508068,rental_housing,official_title_evidence,official_announcement_title_keyword,租赁住房,2026-07-21,https://www.sse.com.cn/disclosure/fund/announcement/c/new/2026-07-21/508068_20260721_FCT4.pdf,华夏北京保障房中心租赁住房封闭式基础设施证券投资基金2026年第2季度报告
508069,toll_road,official_title_evidence,official_announcement_title_keyword,高速公路,2026-07-21,https://www.sse.com.cn/disclosure/fund/announcement/c/new/2026-07-21/508069_20260721_WTSN.pdf,华夏南京交通高速公路封闭式基础设施证券投资基金2026年第2季度报告
508077,rental_housing,official_title_evidence,official_announcement_title_keyword,租赁住房,2026-07-21,https://www.sse.com.cn/disclosure/fund/announcement/c/new/2026-07-21/508077_20260721_RA5T.pdf,华夏基金华润有巢租赁住房封闭式基础设施证券投资基金2026年第2季度报告
508078,logistics,official_title_evidence,official_announcement_title_keyword,仓储物流,2026-07-21,https://www.sse.com.cn/disclosure/fund/announcement/c/new/2026-07-21/508078_20260721_2E36.pdf,中航易商仓储物流封闭式基础设施证券投资基金2026年第2季度报告
508080,industrial_park,official_title_evidence,official_announcement_title_keyword,产业园,2026-08-28,https://www.sse.com.cn/disclosure/fund/announcement/c/new/2026-08-28/508080_20260828_1IQ9.pdf,中金亦庄产业园封闭式基础设施证券投资基金2026年中期报告
508082,retail,official_title_evidence,official_announcement_title_keyword,奥特莱斯,2026-08-28,https://www.sse.com.cn/disclosure/fund/announcement/c/new/2026-08-28/508082_20260828_34H2.pdf,中金唯品会奥特莱斯封闭式基础设施证券投资基金2026年中期报告
508084,logistics,official_title_evidence,official_announcement_title_keyword,仓储物流,2026-07-21,https://www.sse.com.cn/disclosure/fund/announcement/c/new/2026-07-21/508084_20260721_4SLM.pdf,汇添富九州通医药仓储物流封闭式基础设施证券投资基金2026年度第2季度报告
508085,rental_housing,official_title_evidence,official_announcement_title_keyword,租赁住房,2026-07-21,https://www.sse.com.cn/disclosure/fund/announcement/c/new/2026-07-21/508085_20260721_QQW0.pdf,华泰紫金苏州恒泰租赁住房封闭式基础设施证券投资基金2026年第2季度报告
508086,toll_road,official_title_evidence,official_announcement_title_keyword,高速公路,2026-07-21,https://www.sse.com.cn/disclosure/fund/announcement/c/new/2026-07-21/508086_20260721_0SH6.pdf,工银瑞信河北高速集团高速公路封闭式基础设施证券投资基金2026年第2季度报告
508087,heating,official_title_evidence,official_announcement_title_keyword,供热,2026-07-21,https://www.sse.com.cn/disclosure/fund/announcement/c/new/2026-07-21/508087_20260721_PW4Q.pdf,国泰海通济南能源供热封闭式基础设施证券投资基金2026年第2季度报告
508088,industrial_park,official_title_evidence,official_announcement_title_keyword,产业园,2026-07-21,https://www.sse.com.cn/disclosure/fund/announcement/c/new/2026-07-21/508088_20260721_W6Q7.pdf,国泰海通东久新经济产业园封闭式基础设施证券投资基金2026年第2季度报告
508089,renewable,official_title_evidence,official_announcement_title_keyword,新能源,2026-07-21,https://www.sse.com.cn/disclosure/fund/announcement/c/new/2026-07-21/508089_20260721_P5XX.pdf,华夏特变电工新能源封闭式基础设施证券投资基金2026年第2季度报告
508090,logistics,official_title_evidence,official_announcement_title_keyword,仓储物流,2026-07-21,https://www.sse.com.cn/disclosure/fund/announcement/c/new/2026-07-21/508090_20260721_KE9V.pdf,中银中外运仓储物流封闭式基础设施证券投资基金2026年第2季度报告
508091,retail,official_title_evidence,official_announcement_title_keyword,消费,2026-07-21,https://www.sse.com.cn/disclosure/fund/announcement/c/new/2026-07-21/508091_20260721_BFJ1.pdf,华夏凯德消费封闭式基础设施证券投资基金2026年第2季度报告
508092,industrial_park,official_title_evidence,official_announcement_title_keyword,产业园,2026-07-21,https://www.sse.com.cn/disclosure/fund/announcement/c/new/2026-07-21/508092_20260721_6OWI.pdf,华夏金隅智造工场产业园封闭式基础设施证券投资基金2026年第2季度报告
508093,toll_road,official_title_evidence,official_announcement_title_keyword,高速公路,2026-08-21,https://www.sse.com.cn/disclosure/fund/announcement/c/new/2026-08-21/508093_20260821_1RZM.pdf,易方达广西北投高速公路封闭式基础设施证券投资基金关于不动产项目2026年7月主要运营数据的公告
508095,rental_housing,official_title_evidence,official_announcement_title_keyword,租赁住房,2026-09-04,https://www.sse.com.cn/disclosure/fund/announcement/c/new/2026-09-04/508095_20260904_2YT9.pdf,国泰海通中国建筑租赁住房封闭式基础设施证券投资基金托管协议
508096,mixed_energy,human_verified,official_source_manual_review,2026年第2季度报告及光伏水电扩募后项目组合,,https://www.sse.com.cn/disclosure/fund/announcement/c/new/2026-07-21/508096_20260721_BTD8.pdf,中航京能国际能源REIT
508097,industrial_park,official_title_evidence,official_announcement_title_keyword,产业园,2026-07-21,https://www.sse.com.cn/disclosure/fund/announcement/c/new/2026-07-21/508097_20260721_2DPB.pdf,华泰紫金南京建邺产业园封闭式基础设施证券投资基金2026年第2季度报告
508098,logistics,official_title_evidence,official_announcement_title_keyword,仓储物流,2026-07-21,https://www.sse.com.cn/disclosure/fund/announcement/c/new/2026-07-21/508098_20260721_2EIN.pdf,嘉实京东仓储物流封闭式基础设施证券投资基金2026年第2季度报告
508099,industrial_park,official_title_evidence,official_announcement_title_keyword,产业园,2026-07-21,https://www.sse.com.cn/disclosure/fund/announcement/c/new/2026-07-21/508099_20260721_R4QU.pdf,建信中关村产业园封闭式基础设施证券投资基金2026年度第2季度报告
508600,retail,human_verified,official_source_manual_review,上交所上市交易公告,,https://www.sse.com.cn/disclosure/announcement/listing/c/c_20260617_10822602.shtml,汇添富上海地产商业REIT
508601,retail,human_verified,official_source_manual_review,上交所上市交易公告,,https://etf.sse.com.cn/disclosure/ssenotice/c/c_20260617_10822607.shtml,中信建投首农商业REIT
508602,retail,human_verified,official_source_manual_review,上交所上市交易公告,,https://www.sse.com.cn/disclosure/announcement/listing/c/c_20260617_10822605.shtml,国泰海通砂之船商业REIT
508603,retail,human_verified,official_source_manual_review,上交所上市交易公告,,https://etf.sse.com.cn/disclosure/ssenotice/c/c_20260617_10822608.shtml,中金唯品会商业REIT
508605,commercial_property,official_title_evidence,official_announcement_title_keyword,商业不动产,2026-07-31,https://www.sse.com.cn/disclosure/fund/announcement/c/new/2026-07-31/508605_20260731_3GT6.pdf,华夏保利发展封闭式商业不动产证券投资基金基金产品资料概要更新
508606,commercial_property,official_title_evidence,official_announcement_title_keyword,商业不动产,2026-06-27,https://www.sse.com.cn/disclosure/fund/announcement/c/new/2026-06-27/508606_20260627_MCJ7.pdf,华夏基金管理有限公司、中信证券股份有限公司关于华夏凯德封闭式商业不动产证券投资基金延期询价的公告
508607,retail,human_verified,official_source_manual_review,正式询价公告载明扩位简称和代码,,https://www.sse.com.cn/disclosure/fund/announcement/c/new/2026-06-23/508607_20260623_JVPN.pdf,华安陆家嘴商业REIT
508609,retail,human_verified,official_source_manual_review,正式询价公告载明扩位简称和代码,,https://www.sse.com.cn/disclosure/fund/announcement/c/new/2026-06-24/508609_20260624_W88R.pdf,华安锦江商业REIT
