symbol,status,rows,first_date,last_date,attempts,error,retrieved_at,universe_snapshot_date,start_date,end_date
180101,available,1261,2021-06-21,2026-09-02,1,,2026-09-05T22:26:39.788105+08:00,2026-08-28,20210621,20260902
180102,available,949,2022-10-10,2026-09-02,1,,2026-09-05T22:26:39.788105+08:00,2026-08-28,20210621,20260902
180103,available,893,2022-12-27,2026-09-02,1,,2026-09-05T22:26:39.788105+08:00,2026-08-28,20210621,20260902
180105,available,472,2024-09-23,2026-09-02,1,,2026-09-05T22:26:39.788105+08:00,2026-08-28,20210621,20260902
180106,available,414,2024-12-19,2026-09-02,1,,2026-09-05T22:26:39.788105+08:00,2026-08-28,20210621,20260902
180201,available,1264,2021-06-21,2026-09-02,1,,2026-09-05T22:26:39.788105+08:00,2026-08-28,20210621,20260902
180202,available,1145,2021-12-14,2026-09-02,1,,2026-09-05T22:26:39.788105+08:00,2026-08-28,20210621,20260902
180203,available,434,2024-11-21,2026-09-02,1,,2026-09-05T22:26:39.788105+08:00,2026-08-28,20210621,20260902
180301,available,1262,2021-06-21,2026-09-02,1,,2026-09-05T22:26:39.788105+08:00,2026-08-28,20210621,20260902
180302,available,524,2024-07-09,2026-09-02,1,,2026-09-05T22:26:39.788105+08:00,2026-08-28,20210621,20260902
180303,available,451,2024-10-29,2026-09-02,1,,2026-09-05T22:26:39.788105+08:00,2026-08-28,20210621,20260902
180305,available,335,2025-04-21,2026-09-02,1,,2026-09-05T22:26:39.788105+08:00,2026-08-28,20210621,20260902
180306,available,171,2025-12-19,2026-09-02,1,,2026-09-05T22:26:39.788105+08:00,2026-08-28,20210621,20260902
180401,available,997,2022-07-26,2026-09-02,1,,2026-09-05T22:26:39.788105+08:00,2026-08-28,20210621,20260902
180402,available,420,2024-12-10,2026-09-02,1,,2026-09-05T22:26:39.788105+08:00,2026-08-28,20210621,20260902
180501,available,971,2022-08-31,2026-09-02,1,,2026-09-05T22:26:39.788105+08:00,2026-08-28,20210621,20260902
180502,available,455,2024-10-23,2026-09-02,1,,2026-09-05T22:26:39.788105+08:00,2026-08-28,20210621,20260902
180503,available,87,2026-04-29,2026-09-02,1,,2026-09-05T22:26:39.788105+08:00,2026-08-28,20210621,20260902
180601,available,601,2024-03-14,2026-09-02,1,,2026-09-05T22:26:39.788105+08:00,2026-08-28,20210621,20260902
180602,available,570,2024-04-30,2026-09-02,1,,2026-09-05T22:26:39.788105+08:00,2026-08-28,20210621,20260902
180603,available,473,2024-09-20,2026-09-02,1,,2026-09-05T22:26:39.788105+08:00,2026-08-28,20210621,20260902
180605,available,388,2025-01-24,2026-09-02,1,,2026-09-05T22:26:39.788105+08:00,2026-08-28,20210621,20260902
180606,available,290,2025-06-27,2026-09-02,1,,2026-09-05T22:26:39.788105+08:00,2026-08-28,20210621,20260902
180607,available,206,2025-10-31,2026-09-02,1,,2026-09-05T22:26:39.788105+08:00,2026-08-28,20210621,20260902
180701,available,443,2024-11-08,2026-09-02,1,,2026-09-05T22:26:39.788105+08:00,2026-08-28,20210621,20260902
180801,available,1264,2021-06-21,2026-09-02,1,,2026-09-05T22:26:39.788105+08:00,2026-08-28,20210621,20260902
180901,available,260,2025-08-08,2026-09-02,1,,2026-09-05T22:26:39.788105+08:00,2026-08-28,20210621,20260902
181001,no_history,0,,,1,AKShare Sina returned no history in range for 181001,2026-09-05T22:26:39.788105+08:00,2026-08-28,20210621,20260902
508000,available,1263,2021-06-21,2026-09-02,1,,2026-09-05T22:26:39.788105+08:00,2026-08-28,20210621,20260902
508001,available,1264,2021-06-21,2026-09-02,1,,2026-09-05T22:26:39.788105+08:00,2026-08-28,20210621,20260902
508002,available,496,2024-08-16,2026-09-02,1,,2026-09-05T22:26:39.788105+08:00,2026-08-28,20210621,20260902
508003,available,446,2024-11-05,2026-09-02,1,,2026-09-05T22:26:39.788105+08:00,2026-08-28,20210621,20260902
508005,available,487,2024-08-28,2026-09-02,1,,2026-09-05T22:26:39.788105+08:00,2026-08-28,20210621,20260902
508006,available,1262,2021-06-21,2026-09-02,1,,2026-09-05T22:26:39.788105+08:00,2026-08-28,20210621,20260902
508007,available,693,2023-10-27,2026-09-02,1,,2026-09-05T22:26:39.788105+08:00,2026-08-28,20210621,20260902
508008,available,1009,2022-07-08,2026-09-02,1,,2026-09-05T22:26:39.788105+08:00,2026-08-28,20210621,20260902
508009,available,918,2022-11-22,2026-09-02,1,,2026-09-05T22:26:39.788105+08:00,2026-08-28,20210621,20260902
508010,available,420,2024-12-11,2026-09-02,1,,2026-09-05T22:26:39.788105+08:00,2026-08-28,20210621,20260902
508011,available,602,2024-03-12,2026-09-02,1,,2026-09-05T22:26:39.788105+08:00,2026-08-28,20210621,20260902
508012,available,406,2024-12-31,2026-09-02,1,,2026-09-05T22:26:39.788105+08:00,2026-08-28,20210621,20260902
508015,available,514,2024-07-23,2026-09-02,1,,2026-09-05T22:26:39.788105+08:00,2026-08-28,20210621,20260902
508016,available,265,2025-08-01,2026-09-02,1,,2026-09-05T22:26:39.788105+08:00,2026-08-28,20210621,20260902
508017,available,603,2024-03-12,2026-09-02,1,,2026-09-05T22:26:39.788105+08:00,2026-08-28,20210621,20260902
508018,available,1056,2022-04-28,2026-09-02,1,,2026-09-05T22:26:39.788105+08:00,2026-08-28,20210621,20260902
508019,available,772,2023-06-30,2026-09-02,1,,2026-09-05T22:26:39.788105+08:00,2026-08-28,20210621,20260902
508020,available,92,2026-04-22,2026-09-02,1,,2026-09-05T22:26:39.788105+08:00,2026-08-28,20210621,20260902
508021,available,945,2022-10-13,2026-09-02,1,,2026-09-05T22:26:39.788105+08:00,2026-08-28,20210621,20260902
508022,available,474,2024-09-19,2026-09-02,1,,2026-09-05T22:26:39.788105+08:00,2026-08-28,20210621,20260902
508026,available,591,2024-03-28,2026-09-02,1,,2026-09-05T22:26:39.788105+08:00,2026-08-28,20210621,20260902
508027,available,1264,2021-06-21,2026-09-02,1,,2026-09-05T22:26:39.788105+08:00,2026-08-28,20210621,20260902
508028,available,833,2023-03-29,2026-09-02,1,,2026-09-05T22:26:39.788105+08:00,2026-08-28,20210621,20260902
508029,available,202,2025-11-06,2026-09-02,1,,2026-09-05T22:26:39.788105+08:00,2026-08-28,20210621,20260902
508030,available,27,2026-07-28,2026-09-02,1,,2026-09-05T22:26:39.788105+08:00,2026-08-28,20210621,20260902
508031,available,639,2024-01-12,2026-09-02,1,,2026-09-05T22:26:39.788105+08:00,2026-08-28,20210621,20260902
508033,available,590,2024-03-29,2026-09-02,1,,2026-09-05T22:26:39.788105+08:00,2026-08-28,20210621,20260902
508036,available,409,2024-12-26,2026-09-02,1,,2026-09-05T22:26:39.788105+08:00,2026-08-28,20210621,20260902
508039,available,270,2025-07-25,2026-09-02,1,,2026-09-05T22:26:39.788105+08:00,2026-08-28,20210621,20260902
508047,no_history,0,,,1,AKShare Sina returned no history for 508047,2026-09-05T22:26:39.788105+08:00,2026-08-28,20210621,20260902
508048,available,410,2024-12-25,2026-09-02,1,,2026-09-05T22:26:39.788105+08:00,2026-08-28,20210621,20260902
508050,available,142,2026-02-02,2026-09-02,1,,2026-09-05T22:26:39.788105+08:00,2026-08-28,20210621,20260902
508055,available,349,2025-03-31,2026-09-02,1,,2026-09-05T22:26:39.788105+08:00,2026-08-28,20210621,20260902
508056,available,1263,2021-06-21,2026-09-02,1,,2026-09-05T22:26:39.788105+08:00,2026-08-28,20210621,20260902
508058,available,969,2022-08-31,2026-09-02,1,,2026-09-05T22:26:39.788105+08:00,2026-08-28,20210621,20260902
508059,available,19,2026-08-07,2026-09-02,1,,2026-09-05T22:26:39.788105+08:00,2026-08-28,20210621,20260902
508060,available,260,2025-08-08,2026-09-02,1,,2026-09-05T22:26:39.788105+08:00,2026-08-28,20210621,20260902
508066,available,923,2022-11-15,2026-09-02,1,,2026-09-05T22:26:39.788105+08:00,2026-08-28,20210621,20260902
508068,available,969,2022-08-31,2026-09-02,1,,2026-09-05T22:26:39.788105+08:00,2026-08-28,20210621,20260902
508069,available,448,2024-11-01,2026-09-02,1,,2026-09-05T22:26:39.788105+08:00,2026-08-28,20210621,20260902
508077,available,898,2022-12-09,2026-09-02,1,,2026-09-05T22:26:39.788105+08:00,2026-08-28,20210621,20260902
508078,available,389,2025-01-24,2026-09-02,1,,2026-09-05T22:26:39.788105+08:00,2026-08-28,20210621,20260902
508080,available,291,2025-06-26,2026-09-02,1,,2026-09-05T22:26:39.788105+08:00,2026-08-28,20210621,20260902
508082,available,235,2025-09-12,2026-09-02,1,,2026-09-05T22:26:39.788105+08:00,2026-08-28,20210621,20260902
508084,available,371,2025-02-27,2026-09-02,1,,2026-09-05T22:26:39.788105+08:00,2026-08-28,20210621,20260902
508085,available,316,2025-05-21,2026-09-02,1,,2026-09-05T22:26:39.788105+08:00,2026-08-28,20210621,20260902
508086,available,531,2024-06-28,2026-09-02,1,,2026-09-05T22:26:39.788105+08:00,2026-08-28,20210621,20260902
508087,available,378,2025-02-17,2026-09-02,1,,2026-09-05T22:26:39.788105+08:00,2026-08-28,20210621,20260902
508088,available,944,2022-10-14,2026-09-02,1,,2026-09-05T22:26:39.788105+08:00,2026-08-28,20210621,20260902
508089,available,529,2024-07-02,2026-09-02,1,,2026-09-05T22:26:39.788105+08:00,2026-08-28,20210621,20260902
508090,available,268,2025-07-29,2026-09-02,1,,2026-09-05T22:26:39.788105+08:00,2026-08-28,20210621,20260902
508091,available,224,2025-09-29,2026-09-02,1,,2026-09-05T22:26:39.788105+08:00,2026-08-28,20210621,20260902
508092,available,372,2025-02-26,2026-09-02,1,,2026-09-05T22:26:39.788105+08:00,2026-08-28,20210621,20260902
508093,available,71,2026-05-26,2026-09-02,1,,2026-09-05T22:26:39.788105+08:00,2026-08-28,20210621,20260902
508096,available,832,2023-03-29,2026-09-02,1,,2026-09-05T22:26:39.788105+08:00,2026-08-28,20210621,20260902
508097,available,426,2024-12-03,2026-09-02,1,,2026-09-05T22:26:39.788105+08:00,2026-08-28,20210621,20260902
508098,available,867,2023-02-08,2026-09-02,1,,2026-09-05T22:26:39.788105+08:00,2026-08-28,20210621,20260902
508099,available,1141,2021-12-17,2026-09-02,1,,2026-09-05T22:26:39.788105+08:00,2026-08-28,20210621,20260902
508600,available,54,2026-06-18,2026-09-02,1,,2026-09-05T22:26:39.788105+08:00,2026-08-28,20210621,20260902
508601,available,54,2026-06-18,2026-09-02,1,,2026-09-05T22:26:39.788105+08:00,2026-08-28,20210621,20260902
508602,available,54,2026-06-18,2026-09-02,1,,2026-09-05T22:26:39.788105+08:00,2026-08-28,20210621,20260902
508603,available,54,2026-06-18,2026-09-02,1,,2026-09-05T22:26:39.788105+08:00,2026-08-28,20210621,20260902
508605,no_history,0,,,1,AKShare Sina returned no history for 508605,2026-09-05T22:26:39.788105+08:00,2026-08-28,20210621,20260902
508606,no_history,0,,,1,AKShare Sina returned no history for 508606,2026-09-05T22:26:39.788105+08:00,2026-08-28,20210621,20260902
508607,no_history,0,,,1,AKShare Sina returned no history for 508607,2026-09-05T22:26:39.788105+08:00,2026-08-28,20210621,20260902
508609,no_history,0,,,1,AKShare Sina returned no history for 508609,2026-09-05T22:26:39.788105+08:00,2026-08-28,20210621,20260902
