symbol,date,close,index_kind,source,retrieved_at
932047,2024-03-20,911.95,total_return,中证指数官网,2026-09-03T01:01:38.738585+08:00
932047,2024-03-21,905.34,total_return,中证指数官网,2026-09-03T01:01:38.738585+08:00
932047,2024-03-22,894.2,total_return,中证指数官网,2026-09-03T01:01:38.738585+08:00
932047,2024-03-25,890.79,total_return,中证指数官网,2026-09-03T01:01:38.738585+08:00
932047,2024-03-26,897.38,total_return,中证指数官网,2026-09-03T01:01:38.738585+08:00
932047,2024-03-27,913.97,total_return,中证指数官网,2026-09-03T01:01:38.738585+08:00
932047,2024-03-28,911.07,total_return,中证指数官网,2026-09-03T01:01:38.738585+08:00
932047,2024-03-29,908.22,total_return,中证指数官网,2026-09-03T01:01:38.738585+08:00
932047,2024-04-01,909.59,total_return,中证指数官网,2026-09-03T01:01:38.738585+08:00
932047,2024-04-02,908.89,total_return,中证指数官网,2026-09-03T01:01:38.738585+08:00
932047,2024-04-03,915.92,total_return,中证指数官网,2026-09-03T01:01:38.738585+08:00
932047,2024-04-08,919.82,total_return,中证指数官网,2026-09-03T01:01:38.738585+08:00
932047,2024-04-09,921.34,total_return,中证指数官网,2026-09-03T01:01:38.738585+08:00
932047,2024-04-10,924.32,total_return,中证指数官网,2026-09-03T01:01:38.738585+08:00
932047,2024-04-11,928.82,total_return,中证指数官网,2026-09-03T01:01:38.738585+08:00
932047,2024-04-12,926.09,total_return,中证指数官网,2026-09-03T01:01:38.738585+08:00
932047,2024-04-15,921.12,total_return,中证指数官网,2026-09-03T01:01:38.738585+08:00
932047,2024-04-16,916.14,total_return,中证指数官网,2026-09-03T01:01:38.738585+08:00
932047,2024-04-17,921.36,total_return,中证指数官网,2026-09-03T01:01:38.738585+08:00
932047,2024-04-18,922.64,total_return,中证指数官网,2026-09-03T01:01:38.738585+08:00
932047,2024-04-19,921.23,total_return,中证指数官网,2026-09-03T01:01:38.738585+08:00
932047,2024-04-22,926.5,total_return,中证指数官网,2026-09-03T01:01:38.738585+08:00
932047,2024-04-23,930.33,total_return,中证指数官网,2026-09-03T01:01:38.738585+08:00
932047,2024-04-24,933.18,total_return,中证指数官网,2026-09-03T01:01:38.738585+08:00
932047,2024-04-25,942.94,total_return,中证指数官网,2026-09-03T01:01:38.738585+08:00
932047,2024-04-26,949.31,total_return,中证指数官网,2026-09-03T01:01:38.738585+08:00
932047,2024-04-29,945.21,total_return,中证指数官网,2026-09-03T01:01:38.738585+08:00
932047,2024-04-30,942.93,total_return,中证指数官网,2026-09-03T01:01:38.738585+08:00
932047,2024-05-06,945.41,total_return,中证指数官网,2026-09-03T01:01:38.738585+08:00
932047,2024-05-07,949.75,total_return,中证指数官网,2026-09-03T01:01:38.738585+08:00
932047,2024-05-08,947.31,total_return,中证指数官网,2026-09-03T01:01:38.738585+08:00
932047,2024-05-09,948.88,total_return,中证指数官网,2026-09-03T01:01:38.738585+08:00
932047,2024-05-10,948.8,total_return,中证指数官网,2026-09-03T01:01:38.738585+08:00
932047,2024-05-13,944.86,total_return,中证指数官网,2026-09-03T01:01:38.738585+08:00
932047,2024-05-14,943.1,total_return,中证指数官网,2026-09-03T01:01:38.738585+08:00
932047,2024-05-15,939.63,total_return,中证指数官网,2026-09-03T01:01:38.738585+08:00
932047,2024-05-16,940.92,total_return,中证指数官网,2026-09-03T01:01:38.738585+08:00
932047,2024-05-17,942.08,total_return,中证指数官网,2026-09-03T01:01:38.738585+08:00
932047,2024-05-20,938.94,total_return,中证指数官网,2026-09-03T01:01:38.738585+08:00
932047,2024-05-21,936.14,total_return,中证指数官网,2026-09-03T01:01:38.738585+08:00
932047,2024-05-22,933.2,total_return,中证指数官网,2026-09-03T01:01:38.738585+08:00
932047,2024-05-23,931.4,total_return,中证指数官网,2026-09-03T01:01:38.738585+08:00
932047,2024-05-24,937.67,total_return,中证指数官网,2026-09-03T01:01:38.738585+08:00
932047,2024-05-27,938.94,total_return,中证指数官网,2026-09-03T01:01:38.738585+08:00
932047,2024-05-28,937.29,total_return,中证指数官网,2026-09-03T01:01:38.738585+08:00
932047,2024-05-29,936.66,total_return,中证指数官网,2026-09-03T01:01:38.738585+08:00
932047,2024-05-30,933.67,total_return,中证指数官网,2026-09-03T01:01:38.738585+08:00
932047,2024-05-31,933.48,total_return,中证指数官网,2026-09-03T01:01:38.738585+08:00
932047,2024-06-03,932.79,total_return,中证指数官网,2026-09-03T01:01:38.738585+08:00
932047,2024-06-04,933.41,total_return,中证指数官网,2026-09-03T01:01:38.738585+08:00
932047,2024-06-05,936.46,total_return,中证指数官网,2026-09-03T01:01:38.738585+08:00
932047,2024-06-06,938.19,total_return,中证指数官网,2026-09-03T01:01:38.738585+08:00
932047,2024-06-07,937.92,total_return,中证指数官网,2026-09-03T01:01:38.738585+08:00
932047,2024-06-11,935.13,total_return,中证指数官网,2026-09-03T01:01:38.738585+08:00
932047,2024-06-12,933.28,total_return,中证指数官网,2026-09-03T01:01:38.738585+08:00
932047,2024-06-13,936.24,total_return,中证指数官网,2026-09-03T01:01:38.738585+08:00
932047,2024-06-14,937.23,total_return,中证指数官网,2026-09-03T01:01:38.738585+08:00
932047,2024-06-17,933.96,total_return,中证指数官网,2026-09-03T01:01:38.738585+08:00
932047,2024-06-18,933.42,total_return,中证指数官网,2026-09-03T01:01:38.738585+08:00
932047,2024-06-19,933.27,total_return,中证指数官网,2026-09-03T01:01:38.738585+08:00
932047,2024-06-20,930.8,total_return,中证指数官网,2026-09-03T01:01:38.738585+08:00
932047,2024-06-21,933.61,total_return,中证指数官网,2026-09-03T01:01:38.738585+08:00
932047,2024-06-24,935.55,total_return,中证指数官网,2026-09-03T01:01:38.738585+08:00
932047,2024-06-25,933.0,total_return,中证指数官网,2026-09-03T01:01:38.738585+08:00
932047,2024-06-26,933.21,total_return,中证指数官网,2026-09-03T01:01:38.738585+08:00
932047,2024-06-27,939.1,total_return,中证指数官网,2026-09-03T01:01:38.738585+08:00
932047,2024-06-28,936.28,total_return,中证指数官网,2026-09-03T01:01:38.738585+08:00
932047,2024-07-01,931.69,total_return,中证指数官网,2026-09-03T01:01:38.738585+08:00
932047,2024-07-02,934.14,total_return,中证指数官网,2026-09-03T01:01:38.738585+08:00
932047,2024-07-03,934.65,total_return,中证指数官网,2026-09-03T01:01:38.738585+08:00
932047,2024-07-04,933.12,total_return,中证指数官网,2026-09-03T01:01:38.738585+08:00
932047,2024-07-05,931.84,total_return,中证指数官网,2026-09-03T01:01:38.738585+08:00
932047,2024-07-08,929.52,total_return,中证指数官网,2026-09-03T01:01:38.738585+08:00
932047,2024-07-09,927.43,total_return,中证指数官网,2026-09-03T01:01:38.738585+08:00
932047,2024-07-10,928.62,total_return,中证指数官网,2026-09-03T01:01:38.738585+08:00
932047,2024-07-11,927.61,total_return,中证指数官网,2026-09-03T01:01:38.738585+08:00
932047,2024-07-12,929.5,total_return,中证指数官网,2026-09-03T01:01:38.738585+08:00
932047,2024-07-15,934.41,total_return,中证指数官网,2026-09-03T01:01:38.738585+08:00
932047,2024-07-16,934.69,total_return,中证指数官网,2026-09-03T01:01:38.738585+08:00
932047,2024-07-17,934.69,total_return,中证指数官网,2026-09-03T01:01:38.738585+08:00
932047,2024-07-18,933.53,total_return,中证指数官网,2026-09-03T01:01:38.738585+08:00
932047,2024-07-19,935.23,total_return,中证指数官网,2026-09-03T01:01:38.738585+08:00
932047,2024-07-22,933.43,total_return,中证指数官网,2026-09-03T01:01:38.738585+08:00
932047,2024-07-23,931.72,total_return,中证指数官网,2026-09-03T01:01:38.738585+08:00
932047,2024-07-24,930.6,total_return,中证指数官网,2026-09-03T01:01:38.738585+08:00
932047,2024-07-25,929.62,total_return,中证指数官网,2026-09-03T01:01:38.738585+08:00
932047,2024-07-26,934.83,total_return,中证指数官网,2026-09-03T01:01:38.738585+08:00
932047,2024-07-29,935.19,total_return,中证指数官网,2026-09-03T01:01:38.738585+08:00
932047,2024-07-30,938.59,total_return,中证指数官网,2026-09-03T01:01:38.738585+08:00
932047,2024-07-31,940.13,total_return,中证指数官网,2026-09-03T01:01:38.738585+08:00
932047,2024-08-01,941.38,total_return,中证指数官网,2026-09-03T01:01:38.738585+08:00
932047,2024-08-02,944.72,total_return,中证指数官网,2026-09-03T01:01:38.738585+08:00
932047,2024-08-05,952.62,total_return,中证指数官网,2026-09-03T01:01:38.738585+08:00
932047,2024-08-06,959.81,total_return,中证指数官网,2026-09-03T01:01:38.738585+08:00
932047,2024-08-07,972.54,total_return,中证指数官网,2026-09-03T01:01:38.738585+08:00
932047,2024-08-08,968.78,total_return,中证指数官网,2026-09-03T01:01:38.738585+08:00
932047,2024-08-09,970.36,total_return,中证指数官网,2026-09-03T01:01:38.738585+08:00
932047,2024-08-12,970.07,total_return,中证指数官网,2026-09-03T01:01:38.738585+08:00
932047,2024-08-13,968.62,total_return,中证指数官网,2026-09-03T01:01:38.738585+08:00
932047,2024-08-14,972.26,total_return,中证指数官网,2026-09-03T01:01:38.738585+08:00
932047,2024-08-15,972.45,total_return,中证指数官网,2026-09-03T01:01:38.738585+08:00
932047,2024-08-16,969.62,total_return,中证指数官网,2026-09-03T01:01:38.738585+08:00
932047,2024-08-19,966.5,total_return,中证指数官网,2026-09-03T01:01:38.738585+08:00
932047,2024-08-20,963.37,total_return,中证指数官网,2026-09-03T01:01:38.738585+08:00
932047,2024-08-21,960.36,total_return,中证指数官网,2026-09-03T01:01:38.738585+08:00
932047,2024-08-22,960.19,total_return,中证指数官网,2026-09-03T01:01:38.738585+08:00
932047,2024-08-23,959.86,total_return,中证指数官网,2026-09-03T01:01:38.738585+08:00
932047,2024-08-26,956.57,total_return,中证指数官网,2026-09-03T01:01:38.738585+08:00
932047,2024-08-27,955.01,total_return,中证指数官网,2026-09-03T01:01:38.738585+08:00
932047,2024-08-28,957.76,total_return,中证指数官网,2026-09-03T01:01:38.738585+08:00
932047,2024-08-29,953.65,total_return,中证指数官网,2026-09-03T01:01:38.738585+08:00
932047,2024-08-30,954.32,total_return,中证指数官网,2026-09-03T01:01:38.738585+08:00
932047,2024-09-02,955.26,total_return,中证指数官网,2026-09-03T01:01:38.738585+08:00
932047,2024-09-03,950.59,total_return,中证指数官网,2026-09-03T01:01:38.738585+08:00
932047,2024-09-04,947.51,total_return,中证指数官网,2026-09-03T01:01:38.738585+08:00
932047,2024-09-05,951.79,total_return,中证指数官网,2026-09-03T01:01:38.738585+08:00
932047,2024-09-06,951.22,total_return,中证指数官网,2026-09-03T01:01:38.738585+08:00
932047,2024-09-09,948.23,total_return,中证指数官网,2026-09-03T01:01:38.738585+08:00
932047,2024-09-10,944.66,total_return,中证指数官网,2026-09-03T01:01:38.738585+08:00
932047,2024-09-11,942.68,total_return,中证指数官网,2026-09-03T01:01:38.738585+08:00
932047,2024-09-12,940.1,total_return,中证指数官网,2026-09-03T01:01:38.738585+08:00
932047,2024-09-13,940.48,total_return,中证指数官网,2026-09-03T01:01:38.738585+08:00
932047,2024-09-18,937.33,total_return,中证指数官网,2026-09-03T01:01:38.738585+08:00
932047,2024-09-19,934.46,total_return,中证指数官网,2026-09-03T01:01:38.738585+08:00
932047,2024-09-20,935.95,total_return,中证指数官网,2026-09-03T01:01:38.738585+08:00
932047,2024-09-23,933.22,total_return,中证指数官网,2026-09-03T01:01:38.738585+08:00
932047,2024-09-24,938.92,total_return,中证指数官网,2026-09-03T01:01:38.738585+08:00
932047,2024-09-25,945.13,total_return,中证指数官网,2026-09-03T01:01:38.738585+08:00
932047,2024-09-26,947.41,total_return,中证指数官网,2026-09-03T01:01:38.738585+08:00
932047,2024-09-27,945.03,total_return,中证指数官网,2026-09-03T01:01:38.738585+08:00
932047,2024-09-30,942.21,total_return,中证指数官网,2026-09-03T01:01:38.738585+08:00
932047,2024-10-08,946.85,total_return,中证指数官网,2026-09-03T01:01:38.738585+08:00
932047,2024-10-09,939.62,total_return,中证指数官网,2026-09-03T01:01:38.738585+08:00
932047,2024-10-10,939.25,total_return,中证指数官网,2026-09-03T01:01:38.738585+08:00
932047,2024-10-11,944.53,total_return,中证指数官网,2026-09-03T01:01:38.738585+08:00
932047,2024-10-14,942.67,total_return,中证指数官网,2026-09-03T01:01:38.738585+08:00
932047,2024-10-15,940.37,total_return,中证指数官网,2026-09-03T01:01:38.738585+08:00
932047,2024-10-16,939.08,total_return,中证指数官网,2026-09-03T01:01:38.738585+08:00
932047,2024-10-17,938.37,total_return,中证指数官网,2026-09-03T01:01:38.738585+08:00
932047,2024-10-18,939.35,total_return,中证指数官网,2026-09-03T01:01:38.738585+08:00
932047,2024-10-21,937.17,total_return,中证指数官网,2026-09-03T01:01:38.738585+08:00
932047,2024-10-22,937.41,total_return,中证指数官网,2026-09-03T01:01:38.738585+08:00
932047,2024-10-23,935.9,total_return,中证指数官网,2026-09-03T01:01:38.738585+08:00
932047,2024-10-24,932.86,total_return,中证指数官网,2026-09-03T01:01:38.738585+08:00
932047,2024-10-25,933.71,total_return,中证指数官网,2026-09-03T01:01:38.738585+08:00
932047,2024-10-28,934.63,total_return,中证指数官网,2026-09-03T01:01:38.738585+08:00
932047,2024-10-29,934.43,total_return,中证指数官网,2026-09-03T01:01:38.738585+08:00
932047,2024-10-30,933.88,total_return,中证指数官网,2026-09-03T01:01:38.738585+08:00
932047,2024-10-31,932.69,total_return,中证指数官网,2026-09-03T01:01:38.738585+08:00
932047,2024-11-01,931.21,total_return,中证指数官网,2026-09-03T01:01:38.738585+08:00
932047,2024-11-04,931.68,total_return,中证指数官网,2026-09-03T01:01:38.738585+08:00
932047,2024-11-05,931.54,total_return,中证指数官网,2026-09-03T01:01:38.738585+08:00
932047,2024-11-06,931.24,total_return,中证指数官网,2026-09-03T01:01:38.738585+08:00
932047,2024-11-07,931.74,total_return,中证指数官网,2026-09-03T01:01:38.738585+08:00
932047,2024-11-08,932.66,total_return,中证指数官网,2026-09-03T01:01:38.738585+08:00
932047,2024-11-11,937.95,total_return,中证指数官网,2026-09-03T01:01:38.738585+08:00
932047,2024-11-12,941.11,total_return,中证指数官网,2026-09-03T01:01:38.738585+08:00
932047,2024-11-13,940.24,total_return,中证指数官网,2026-09-03T01:01:38.738585+08:00
932047,2024-11-14,937.98,total_return,中证指数官网,2026-09-03T01:01:38.738585+08:00
932047,2024-11-15,936.33,total_return,中证指数官网,2026-09-03T01:01:38.738585+08:00
932047,2024-11-18,934.31,total_return,中证指数官网,2026-09-03T01:01:38.738585+08:00
932047,2024-11-19,932.76,total_return,中证指数官网,2026-09-03T01:01:38.738585+08:00
932047,2024-11-20,932.56,total_return,中证指数官网,2026-09-03T01:01:38.738585+08:00
932047,2024-11-21,932.54,total_return,中证指数官网,2026-09-03T01:01:38.738585+08:00
932047,2024-11-22,930.93,total_return,中证指数官网,2026-09-03T01:01:38.738585+08:00
932047,2024-11-25,929.77,total_return,中证指数官网,2026-09-03T01:01:38.738585+08:00
932047,2024-11-26,928.67,total_return,中证指数官网,2026-09-03T01:01:38.738585+08:00
932047,2024-11-27,927.9,total_return,中证指数官网,2026-09-03T01:01:38.738585+08:00
932047,2024-11-28,927.99,total_return,中证指数官网,2026-09-03T01:01:38.738585+08:00
932047,2024-11-29,928.8,total_return,中证指数官网,2026-09-03T01:01:38.738585+08:00
932047,2024-12-02,930.13,total_return,中证指数官网,2026-09-03T01:01:38.738585+08:00
932047,2024-12-03,930.72,total_return,中证指数官网,2026-09-03T01:01:38.738585+08:00
932047,2024-12-04,930.05,total_return,中证指数官网,2026-09-03T01:01:38.738585+08:00
932047,2024-12-05,928.06,total_return,中证指数官网,2026-09-03T01:01:38.738585+08:00
932047,2024-12-06,927.43,total_return,中证指数官网,2026-09-03T01:01:38.738585+08:00
932047,2024-12-09,927.09,total_return,中证指数官网,2026-09-03T01:01:38.738585+08:00
932047,2024-12-10,934.58,total_return,中证指数官网,2026-09-03T01:01:38.738585+08:00
932047,2024-12-11,946.59,total_return,中证指数官网,2026-09-03T01:01:38.738585+08:00
932047,2024-12-12,951.64,total_return,中证指数官网,2026-09-03T01:01:38.738585+08:00
932047,2024-12-13,951.43,total_return,中证指数官网,2026-09-03T01:01:38.738585+08:00
932047,2024-12-16,957.99,total_return,中证指数官网,2026-09-03T01:01:38.738585+08:00
932047,2024-12-17,956.02,total_return,中证指数官网,2026-09-03T01:01:38.738585+08:00
932047,2024-12-18,950.5,total_return,中证指数官网,2026-09-03T01:01:38.738585+08:00
932047,2024-12-19,947.55,total_return,中证指数官网,2026-09-03T01:01:38.738585+08:00
932047,2024-12-20,950.79,total_return,中证指数官网,2026-09-03T01:01:38.738585+08:00
932047,2024-12-23,953.63,total_return,中证指数官网,2026-09-03T01:01:38.738585+08:00
932047,2024-12-24,953.88,total_return,中证指数官网,2026-09-03T01:01:38.738585+08:00
932047,2024-12-25,955.74,total_return,中证指数官网,2026-09-03T01:01:38.738585+08:00
932047,2024-12-26,956.7,total_return,中证指数官网,2026-09-03T01:01:38.738585+08:00
932047,2024-12-27,963.74,total_return,中证指数官网,2026-09-03T01:01:38.738585+08:00
932047,2024-12-30,968.61,total_return,中证指数官网,2026-09-03T01:01:38.738585+08:00
932047,2024-12-31,967.88,total_return,中证指数官网,2026-09-03T01:01:38.738585+08:00
932047,2025-01-02,974.71,total_return,中证指数官网,2026-09-03T01:01:38.738585+08:00
932047,2025-01-03,987.73,total_return,中证指数官网,2026-09-03T01:01:38.738585+08:00
932047,2025-01-06,991.55,total_return,中证指数官网,2026-09-03T01:01:38.738585+08:00
932047,2025-01-07,982.46,total_return,中证指数官网,2026-09-03T01:01:38.738585+08:00
932047,2025-01-08,992.39,total_return,中证指数官网,2026-09-03T01:01:38.738585+08:00
932047,2025-01-09,1002.21,total_return,中证指数官网,2026-09-03T01:01:38.738585+08:00
932047,2025-01-10,1005.81,total_return,中证指数官网,2026-09-03T01:01:38.738585+08:00
932047,2025-01-13,1000.85,total_return,中证指数官网,2026-09-03T01:01:38.738585+08:00
932047,2025-01-14,991.52,total_return,中证指数官网,2026-09-03T01:01:38.738585+08:00
932047,2025-01-15,999.96,total_return,中证指数官网,2026-09-03T01:01:38.738585+08:00
932047,2025-01-16,997.97,total_return,中证指数官网,2026-09-03T01:01:38.738585+08:00
932047,2025-01-17,997.68,total_return,中证指数官网,2026-09-03T01:01:38.738585+08:00
932047,2025-01-20,1000.68,total_return,中证指数官网,2026-09-03T01:01:38.738585+08:00
932047,2025-01-21,1001.97,total_return,中证指数官网,2026-09-03T01:01:38.738585+08:00
932047,2025-01-22,1013.89,total_return,中证指数官网,2026-09-03T01:01:38.738585+08:00
932047,2025-01-23,1017.81,total_return,中证指数官网,2026-09-03T01:01:38.738585+08:00
932047,2025-01-24,1020.29,total_return,中证指数官网,2026-09-03T01:01:38.738585+08:00
932047,2025-01-27,1027.97,total_return,中证指数官网,2026-09-03T01:01:38.738585+08:00
932047,2025-02-05,1031.55,total_return,中证指数官网,2026-09-03T01:01:38.738585+08:00
932047,2025-02-06,1031.67,total_return,中证指数官网,2026-09-03T01:01:38.738585+08:00
932047,2025-02-07,1032.82,total_return,中证指数官网,2026-09-03T01:01:38.738585+08:00
932047,2025-02-10,1046.68,total_return,中证指数官网,2026-09-03T01:01:38.738585+08:00
932047,2025-02-11,1062.7,total_return,中证指数官网,2026-09-03T01:01:38.738585+08:00
932047,2025-02-12,1053.61,total_return,中证指数官网,2026-09-03T01:01:38.738585+08:00
932047,2025-02-13,1041.33,total_return,中证指数官网,2026-09-03T01:01:38.738585+08:00
932047,2025-02-14,1051.11,total_return,中证指数官网,2026-09-03T01:01:38.738585+08:00
932047,2025-02-17,1057.7,total_return,中证指数官网,2026-09-03T01:01:38.738585+08:00
932047,2025-02-18,1055.34,total_return,中证指数官网,2026-09-03T01:01:38.738585+08:00
932047,2025-02-19,1054.56,total_return,中证指数官网,2026-09-03T01:01:38.738585+08:00
932047,2025-02-20,1059.07,total_return,中证指数官网,2026-09-03T01:01:38.738585+08:00
932047,2025-02-21,1064.08,total_return,中证指数官网,2026-09-03T01:01:38.738585+08:00
932047,2025-02-24,1053.44,total_return,中证指数官网,2026-09-03T01:01:38.738585+08:00
932047,2025-02-25,1045.88,total_return,中证指数官网,2026-09-03T01:01:38.738585+08:00
932047,2025-02-26,1045.59,total_return,中证指数官网,2026-09-03T01:01:38.738585+08:00
932047,2025-02-27,1039.5,total_return,中证指数官网,2026-09-03T01:01:38.738585+08:00
932047,2025-02-28,1033.17,total_return,中证指数官网,2026-09-03T01:01:38.738585+08:00
932047,2025-03-03,1043.99,total_return,中证指数官网,2026-09-03T01:01:38.738585+08:00
932047,2025-03-04,1052.26,total_return,中证指数官网,2026-09-03T01:01:38.738585+08:00
932047,2025-03-05,1051.19,total_return,中证指数官网,2026-09-03T01:01:38.738585+08:00
932047,2025-03-06,1047.07,total_return,中证指数官网,2026-09-03T01:01:38.738585+08:00
932047,2025-03-07,1045.48,total_return,中证指数官网,2026-09-03T01:01:38.738585+08:00
932047,2025-03-10,1048.33,total_return,中证指数官网,2026-09-03T01:01:38.738585+08:00
932047,2025-03-11,1044.77,total_return,中证指数官网,2026-09-03T01:01:38.738585+08:00
932047,2025-03-12,1043.2,total_return,中证指数官网,2026-09-03T01:01:38.738585+08:00
932047,2025-03-13,1044.04,total_return,中证指数官网,2026-09-03T01:01:38.738585+08:00
932047,2025-03-14,1046.78,total_return,中证指数官网,2026-09-03T01:01:38.738585+08:00
932047,2025-03-17,1046.51,total_return,中证指数官网,2026-09-03T01:01:38.738585+08:00
932047,2025-03-18,1049.78,total_return,中证指数官网,2026-09-03T01:01:38.738585+08:00
932047,2025-03-19,1055.78,total_return,中证指数官网,2026-09-03T01:01:38.738585+08:00
932047,2025-03-20,1058.79,total_return,中证指数官网,2026-09-03T01:01:38.738585+08:00
932047,2025-03-21,1057.99,total_return,中证指数官网,2026-09-03T01:01:38.738585+08:00
932047,2025-03-24,1058.08,total_return,中证指数官网,2026-09-03T01:01:38.738585+08:00
932047,2025-03-25,1061.71,total_return,中证指数官网,2026-09-03T01:01:38.738585+08:00
932047,2025-03-26,1060.35,total_return,中证指数官网,2026-09-03T01:01:38.738585+08:00
932047,2025-03-27,1064.9,total_return,中证指数官网,2026-09-03T01:01:38.738585+08:00
932047,2025-03-28,1071.37,total_return,中证指数官网,2026-09-03T01:01:38.738585+08:00
932047,2025-03-31,1066.55,total_return,中证指数官网,2026-09-03T01:01:38.738585+08:00
932047,2025-04-01,1062.53,total_return,中证指数官网,2026-09-03T01:01:38.738585+08:00
932047,2025-04-02,1069.8,total_return,中证指数官网,2026-09-03T01:01:38.738585+08:00
932047,2025-04-03,1078.09,total_return,中证指数官网,2026-09-03T01:01:38.738585+08:00
932047,2025-04-07,1068.27,total_return,中证指数官网,2026-09-03T01:01:38.738585+08:00
932047,2025-04-08,1063.33,total_return,中证指数官网,2026-09-03T01:01:38.738585+08:00
932047,2025-04-09,1058.12,total_return,中证指数官网,2026-09-03T01:01:38.738585+08:00
932047,2025-04-10,1061.93,total_return,中证指数官网,2026-09-03T01:01:38.738585+08:00
932047,2025-04-11,1065.39,total_return,中证指数官网,2026-09-03T01:01:38.738585+08:00
932047,2025-04-14,1068.26,total_return,中证指数官网,2026-09-03T01:01:38.738585+08:00
932047,2025-04-15,1071.26,total_return,中证指数官网,2026-09-03T01:01:38.738585+08:00
932047,2025-04-16,1075.37,total_return,中证指数官网,2026-09-03T01:01:38.738585+08:00
932047,2025-04-17,1079.15,total_return,中证指数官网,2026-09-03T01:01:38.738585+08:00
932047,2025-04-18,1074.34,total_return,中证指数官网,2026-09-03T01:01:38.738585+08:00
932047,2025-04-21,1070.97,total_return,中证指数官网,2026-09-03T01:01:38.738585+08:00
932047,2025-04-22,1067.0,total_return,中证指数官网,2026-09-03T01:01:38.738585+08:00
932047,2025-04-23,1063.91,total_return,中证指数官网,2026-09-03T01:01:38.738585+08:00
932047,2025-04-24,1061.31,total_return,中证指数官网,2026-09-03T01:01:38.738585+08:00
932047,2025-04-25,1058.94,total_return,中证指数官网,2026-09-03T01:01:38.738585+08:00
932047,2025-04-28,1051.79,total_return,中证指数官网,2026-09-03T01:01:38.738585+08:00
932047,2025-04-29,1054.24,total_return,中证指数官网,2026-09-03T01:01:38.738585+08:00
932047,2025-04-30,1057.92,total_return,中证指数官网,2026-09-03T01:01:38.738585+08:00
932047,2025-05-06,1061.14,total_return,中证指数官网,2026-09-03T01:01:38.738585+08:00
932047,2025-05-07,1063.09,total_return,中证指数官网,2026-09-03T01:01:38.738585+08:00
932047,2025-05-08,1061.69,total_return,中证指数官网,2026-09-03T01:01:38.738585+08:00
932047,2025-05-09,1062.05,total_return,中证指数官网,2026-09-03T01:01:38.738585+08:00
932047,2025-05-12,1068.45,total_return,中证指数官网,2026-09-03T01:01:38.738585+08:00
932047,2025-05-13,1068.33,total_return,中证指数官网,2026-09-03T01:01:38.738585+08:00
932047,2025-05-14,1073.24,total_return,中证指数官网,2026-09-03T01:01:38.738585+08:00
932047,2025-05-15,1072.36,total_return,中证指数官网,2026-09-03T01:01:38.738585+08:00
932047,2025-05-16,1076.78,total_return,中证指数官网,2026-09-03T01:01:38.738585+08:00
932047,2025-05-19,1078.24,total_return,中证指数官网,2026-09-03T01:01:38.738585+08:00
932047,2025-05-20,1083.95,total_return,中证指数官网,2026-09-03T01:01:38.738585+08:00
932047,2025-05-21,1093.11,total_return,中证指数官网,2026-09-03T01:01:38.738585+08:00
932047,2025-05-22,1090.95,total_return,中证指数官网,2026-09-03T01:01:38.738585+08:00
932047,2025-05-23,1089.72,total_return,中证指数官网,2026-09-03T01:01:38.738585+08:00
932047,2025-05-26,1091.23,total_return,中证指数官网,2026-09-03T01:01:38.738585+08:00
932047,2025-05-27,1088.25,total_return,中证指数官网,2026-09-03T01:01:38.738585+08:00
932047,2025-05-28,1089.46,total_return,中证指数官网,2026-09-03T01:01:38.738585+08:00
932047,2025-05-29,1089.65,total_return,中证指数官网,2026-09-03T01:01:38.738585+08:00
932047,2025-05-30,1090.07,total_return,中证指数官网,2026-09-03T01:01:38.738585+08:00
932047,2025-06-03,1090.76,total_return,中证指数官网,2026-09-03T01:01:38.738585+08:00
932047,2025-06-04,1096.1,total_return,中证指数官网,2026-09-03T01:01:38.738585+08:00
932047,2025-06-05,1107.35,total_return,中证指数官网,2026-09-03T01:01:38.738585+08:00
932047,2025-06-06,1107.26,total_return,中证指数官网,2026-09-03T01:01:38.738585+08:00
932047,2025-06-09,1104.73,total_return,中证指数官网,2026-09-03T01:01:38.738585+08:00
932047,2025-06-10,1107.06,total_return,中证指数官网,2026-09-03T01:01:38.738585+08:00
932047,2025-06-11,1108.9,total_return,中证指数官网,2026-09-03T01:01:38.738585+08:00
932047,2025-06-12,1110.21,total_return,中证指数官网,2026-09-03T01:01:38.738585+08:00
932047,2025-06-13,1114.86,total_return,中证指数官网,2026-09-03T01:01:38.738585+08:00
932047,2025-06-16,1117.87,total_return,中证指数官网,2026-09-03T01:01:38.738585+08:00
932047,2025-06-17,1116.07,total_return,中证指数官网,2026-09-03T01:01:38.738585+08:00
932047,2025-06-18,1120.36,total_return,中证指数官网,2026-09-03T01:01:38.738585+08:00
932047,2025-06-19,1120.61,total_return,中证指数官网,2026-09-03T01:01:38.738585+08:00
932047,2025-06-20,1124.63,total_return,中证指数官网,2026-09-03T01:01:38.738585+08:00
932047,2025-06-23,1124.56,total_return,中证指数官网,2026-09-03T01:01:38.738585+08:00
932047,2025-06-24,1114.41,total_return,中证指数官网,2026-09-03T01:01:38.738585+08:00
932047,2025-06-25,1114.93,total_return,中证指数官网,2026-09-03T01:01:38.738585+08:00
932047,2025-06-26,1112.43,total_return,中证指数官网,2026-09-03T01:01:38.738585+08:00
932047,2025-06-27,1109.13,total_return,中证指数官网,2026-09-03T01:01:38.738585+08:00
932047,2025-06-30,1105.45,total_return,中证指数官网,2026-09-03T01:01:38.738585+08:00
932047,2025-07-01,1104.73,total_return,中证指数官网,2026-09-03T01:01:38.738585+08:00
932047,2025-07-02,1115.84,total_return,中证指数官网,2026-09-03T01:01:38.738585+08:00
932047,2025-07-03,1116.94,total_return,中证指数官网,2026-09-03T01:01:38.738585+08:00
932047,2025-07-04,1116.42,total_return,中证指数官网,2026-09-03T01:01:38.738585+08:00
932047,2025-07-07,1116.15,total_return,中证指数官网,2026-09-03T01:01:38.738585+08:00
932047,2025-07-08,1108.93,total_return,中证指数官网,2026-09-03T01:01:38.738585+08:00
932047,2025-07-09,1105.35,total_return,中证指数官网,2026-09-03T01:01:38.738585+08:00
932047,2025-07-10,1105.67,total_return,中证指数官网,2026-09-03T01:01:38.738585+08:00
932047,2025-07-11,1103.87,total_return,中证指数官网,2026-09-03T01:01:38.738585+08:00
932047,2025-07-14,1101.69,total_return,中证指数官网,2026-09-03T01:01:38.738585+08:00
932047,2025-07-15,1104.37,total_return,中证指数官网,2026-09-03T01:01:38.738585+08:00
932047,2025-07-16,1106.48,total_return,中证指数官网,2026-09-03T01:01:38.738585+08:00
932047,2025-07-17,1105.25,total_return,中证指数官网,2026-09-03T01:01:38.738585+08:00
932047,2025-07-18,1104.55,total_return,中证指数官网,2026-09-03T01:01:38.738585+08:00
932047,2025-07-21,1099.51,total_return,中证指数官网,2026-09-03T01:01:38.738585+08:00
932047,2025-07-22,1093.95,total_return,中证指数官网,2026-09-03T01:01:38.738585+08:00
932047,2025-07-23,1086.8,total_return,中证指数官网,2026-09-03T01:01:38.738585+08:00
932047,2025-07-24,1087.29,total_return,中证指数官网,2026-09-03T01:01:38.738585+08:00
932047,2025-07-25,1087.36,total_return,中证指数官网,2026-09-03T01:01:38.738585+08:00
932047,2025-07-28,1091.88,total_return,中证指数官网,2026-09-03T01:01:38.738585+08:00
932047,2025-07-29,1089.58,total_return,中证指数官网,2026-09-03T01:01:38.738585+08:00
932047,2025-07-30,1092.92,total_return,中证指数官网,2026-09-03T01:01:38.738585+08:00
932047,2025-07-31,1102.15,total_return,中证指数官网,2026-09-03T01:01:38.738585+08:00
932047,2025-08-01,1100.9,total_return,中证指数官网,2026-09-03T01:01:38.738585+08:00
932047,2025-08-04,1096.92,total_return,中证指数官网,2026-09-03T01:01:38.738585+08:00
932047,2025-08-05,1093.95,total_return,中证指数官网,2026-09-03T01:01:38.738585+08:00
932047,2025-08-06,1094.3,total_return,中证指数官网,2026-09-03T01:01:38.738585+08:00
932047,2025-08-07,1097.1,total_return,中证指数官网,2026-09-03T01:01:38.738585+08:00
932047,2025-08-08,1097.31,total_return,中证指数官网,2026-09-03T01:01:38.738585+08:00
932047,2025-08-11,1093.62,total_return,中证指数官网,2026-09-03T01:01:38.738585+08:00
932047,2025-08-12,1093.26,total_return,中证指数官网,2026-09-03T01:01:38.738585+08:00
932047,2025-08-13,1091.29,total_return,中证指数官网,2026-09-03T01:01:38.738585+08:00
932047,2025-08-14,1087.28,total_return,中证指数官网,2026-09-03T01:01:38.738585+08:00
932047,2025-08-15,1080.91,total_return,中证指数官网,2026-09-03T01:01:38.738585+08:00
932047,2025-08-18,1062.52,total_return,中证指数官网,2026-09-03T01:01:38.738585+08:00
932047,2025-08-19,1054.03,total_return,中证指数官网,2026-09-03T01:01:38.738585+08:00
932047,2025-08-20,1058.6,total_return,中证指数官网,2026-09-03T01:01:38.738585+08:00
932047,2025-08-21,1060.24,total_return,中证指数官网,2026-09-03T01:01:38.738585+08:00
932047,2025-08-22,1062.06,total_return,中证指数官网,2026-09-03T01:01:38.738585+08:00
932047,2025-08-25,1064.31,total_return,中证指数官网,2026-09-03T01:01:38.738585+08:00
932047,2025-08-26,1077.04,total_return,中证指数官网,2026-09-03T01:01:38.738585+08:00
932047,2025-08-27,1077.87,total_return,中证指数官网,2026-09-03T01:01:38.738585+08:00
932047,2025-08-28,1076.41,total_return,中证指数官网,2026-09-03T01:01:38.738585+08:00
932047,2025-08-29,1073.33,total_return,中证指数官网,2026-09-03T01:01:38.738585+08:00
932047,2025-09-01,1070.31,total_return,中证指数官网,2026-09-03T01:01:38.738585+08:00
932047,2025-09-02,1075.59,total_return,中证指数官网,2026-09-03T01:01:38.738585+08:00
932047,2025-09-03,1078.54,total_return,中证指数官网,2026-09-03T01:01:38.738585+08:00
932047,2025-09-04,1083.09,total_return,中证指数官网,2026-09-03T01:01:38.738585+08:00
932047,2025-09-05,1078.42,total_return,中证指数官网,2026-09-03T01:01:38.738585+08:00
932047,2025-09-08,1073.21,total_return,中证指数官网,2026-09-03T01:01:38.738585+08:00
932047,2025-09-09,1073.82,total_return,中证指数官网,2026-09-03T01:01:38.738585+08:00
932047,2025-09-10,1070.84,total_return,中证指数官网,2026-09-03T01:01:38.738585+08:00
932047,2025-09-11,1069.66,total_return,中证指数官网,2026-09-03T01:01:38.738585+08:00
932047,2025-09-12,1070.04,total_return,中证指数官网,2026-09-03T01:01:38.738585+08:00
932047,2025-09-15,1071.9,total_return,中证指数官网,2026-09-03T01:01:38.738585+08:00
932047,2025-09-16,1069.74,total_return,中证指数官网,2026-09-03T01:01:38.738585+08:00
932047,2025-09-17,1071.32,total_return,中证指数官网,2026-09-03T01:01:38.738585+08:00
932047,2025-09-18,1071.2,total_return,中证指数官网,2026-09-03T01:01:38.738585+08:00
932047,2025-09-19,1071.34,total_return,中证指数官网,2026-09-03T01:01:38.738585+08:00
932047,2025-09-22,1068.64,total_return,中证指数官网,2026-09-03T01:01:38.738585+08:00
932047,2025-09-23,1067.96,total_return,中证指数官网,2026-09-03T01:01:38.738585+08:00
932047,2025-09-24,1066.29,total_return,中证指数官网,2026-09-03T01:01:38.738585+08:00
932047,2025-09-25,1063.61,total_return,中证指数官网,2026-09-03T01:01:38.738585+08:00
932047,2025-09-26,1064.42,total_return,中证指数官网,2026-09-03T01:01:38.738585+08:00
932047,2025-09-29,1061.91,total_return,中证指数官网,2026-09-03T01:01:38.738585+08:00
932047,2025-09-30,1061.47,total_return,中证指数官网,2026-09-03T01:01:38.738585+08:00
932047,2025-10-09,1059.6,total_return,中证指数官网,2026-09-03T01:01:38.738585+08:00
932047,2025-10-10,1058.71,total_return,中证指数官网,2026-09-03T01:01:38.738585+08:00
932047,2025-10-13,1058.72,total_return,中证指数官网,2026-09-03T01:01:38.738585+08:00
932047,2025-10-14,1055.45,total_return,中证指数官网,2026-09-03T01:01:38.738585+08:00
932047,2025-10-15,1051.93,total_return,中证指数官网,2026-09-03T01:01:38.738585+08:00
932047,2025-10-16,1047.78,total_return,中证指数官网,2026-09-03T01:01:38.738585+08:00
932047,2025-10-17,1043.46,total_return,中证指数官网,2026-09-03T01:01:38.738585+08:00
932047,2025-10-20,1036.81,total_return,中证指数官网,2026-09-03T01:01:38.738585+08:00
932047,2025-10-21,1031.66,total_return,中证指数官网,2026-09-03T01:01:38.738585+08:00
932047,2025-10-22,1031.79,total_return,中证指数官网,2026-09-03T01:01:38.738585+08:00
932047,2025-10-23,1036.34,total_return,中证指数官网,2026-09-03T01:01:38.738585+08:00
932047,2025-10-24,1045.13,total_return,中证指数官网,2026-09-03T01:01:38.738585+08:00
932047,2025-10-27,1040.52,total_return,中证指数官网,2026-09-03T01:01:38.738585+08:00
932047,2025-10-28,1049.4,total_return,中证指数官网,2026-09-03T01:01:38.738585+08:00
932047,2025-10-29,1051.95,total_return,中证指数官网,2026-09-03T01:01:38.738585+08:00
932047,2025-10-30,1051.41,total_return,中证指数官网,2026-09-03T01:01:38.738585+08:00
932047,2025-10-31,1045.73,total_return,中证指数官网,2026-09-03T01:01:38.738585+08:00
932047,2025-11-03,1039.1,total_return,中证指数官网,2026-09-03T01:01:38.738585+08:00
932047,2025-11-04,1033.05,total_return,中证指数官网,2026-09-03T01:01:38.738585+08:00
932047,2025-11-05,1035.9,total_return,中证指数官网,2026-09-03T01:01:38.738585+08:00
932047,2025-11-06,1035.2,total_return,中证指数官网,2026-09-03T01:01:38.738585+08:00
932047,2025-11-07,1041.51,total_return,中证指数官网,2026-09-03T01:01:38.738585+08:00
932047,2025-11-10,1046.59,total_return,中证指数官网,2026-09-03T01:01:38.738585+08:00
932047,2025-11-11,1046.8,total_return,中证指数官网,2026-09-03T01:01:38.738585+08:00
932047,2025-11-12,1047.79,total_return,中证指数官网,2026-09-03T01:01:38.738585+08:00
932047,2025-11-13,1047.32,total_return,中证指数官网,2026-09-03T01:01:38.738585+08:00
932047,2025-11-14,1050.45,total_return,中证指数官网,2026-09-03T01:01:38.738585+08:00
932047,2025-11-17,1051.35,total_return,中证指数官网,2026-09-03T01:01:38.738585+08:00
932047,2025-11-18,1051.18,total_return,中证指数官网,2026-09-03T01:01:38.738585+08:00
932047,2025-11-19,1047.89,total_return,中证指数官网,2026-09-03T01:01:38.738585+08:00
932047,2025-11-20,1044.2,total_return,中证指数官网,2026-09-03T01:01:38.738585+08:00
932047,2025-11-21,1041.16,total_return,中证指数官网,2026-09-03T01:01:38.738585+08:00
932047,2025-11-24,1036.41,total_return,中证指数官网,2026-09-03T01:01:38.738585+08:00
932047,2025-11-25,1040.36,total_return,中证指数官网,2026-09-03T01:01:38.738585+08:00
932047,2025-11-26,1043.63,total_return,中证指数官网,2026-09-03T01:01:38.738585+08:00
932047,2025-11-27,1040.5,total_return,中证指数官网,2026-09-03T01:01:38.738585+08:00
932047,2025-11-28,1040.34,total_return,中证指数官网,2026-09-03T01:01:38.738585+08:00
932047,2025-12-01,1037.85,total_return,中证指数官网,2026-09-03T01:01:38.738585+08:00
932047,2025-12-02,1035.28,total_return,中证指数官网,2026-09-03T01:01:38.738585+08:00
932047,2025-12-03,1035.82,total_return,中证指数官网,2026-09-03T01:01:38.738585+08:00
932047,2025-12-04,1033.28,total_return,中证指数官网,2026-09-03T01:01:38.738585+08:00
932047,2025-12-05,1031.5,total_return,中证指数官网,2026-09-03T01:01:38.738585+08:00
932047,2025-12-08,1027.84,total_return,中证指数官网,2026-09-03T01:01:38.738585+08:00
932047,2025-12-09,1025.11,total_return,中证指数官网,2026-09-03T01:01:38.738585+08:00
932047,2025-12-10,1029.56,total_return,中证指数官网,2026-09-03T01:01:38.738585+08:00
932047,2025-12-11,1027.8,total_return,中证指数官网,2026-09-03T01:01:38.738585+08:00
932047,2025-12-12,1028.5,total_return,中证指数官网,2026-09-03T01:01:38.738585+08:00
932047,2025-12-15,1021.85,total_return,中证指数官网,2026-09-03T01:01:38.738585+08:00
932047,2025-12-16,1017.95,total_return,中证指数官网,2026-09-03T01:01:38.738585+08:00
932047,2025-12-17,1013.19,total_return,中证指数官网,2026-09-03T01:01:38.738585+08:00
932047,2025-12-18,1007.38,total_return,中证指数官网,2026-09-03T01:01:38.738585+08:00
932047,2025-12-19,999.19,total_return,中证指数官网,2026-09-03T01:01:38.738585+08:00
932047,2025-12-22,992.05,total_return,中证指数官网,2026-09-03T01:01:38.738585+08:00
932047,2025-12-23,983.81,total_return,中证指数官网,2026-09-03T01:01:38.738585+08:00
932047,2025-12-24,1006.71,total_return,中证指数官网,2026-09-03T01:01:38.738585+08:00
932047,2025-12-25,1016.67,total_return,中证指数官网,2026-09-03T01:01:38.738585+08:00
932047,2025-12-26,1014.8,total_return,中证指数官网,2026-09-03T01:01:38.738585+08:00
932047,2025-12-29,1010.54,total_return,中证指数官网,2026-09-03T01:01:38.738585+08:00
932047,2025-12-30,1009.52,total_return,中证指数官网,2026-09-03T01:01:38.738585+08:00
932047,2025-12-31,1009.84,total_return,中证指数官网,2026-09-03T01:01:38.738585+08:00
932047,2026-01-05,1015.85,total_return,中证指数官网,2026-09-03T01:01:38.738585+08:00
932047,2026-01-06,1023.3,total_return,中证指数官网,2026-09-03T01:01:38.738585+08:00
932047,2026-01-07,1029.23,total_return,中证指数官网,2026-09-03T01:01:38.738585+08:00
932047,2026-01-08,1030.64,total_return,中证指数官网,2026-09-03T01:01:38.738585+08:00
932047,2026-01-09,1028.93,total_return,中证指数官网,2026-09-03T01:01:38.738585+08:00
932047,2026-01-12,1028.82,total_return,中证指数官网,2026-09-03T01:01:38.738585+08:00
932047,2026-01-13,1027.77,total_return,中证指数官网,2026-09-03T01:01:38.738585+08:00
932047,2026-01-14,1027.74,total_return,中证指数官网,2026-09-03T01:01:38.738585+08:00
932047,2026-01-15,1025.22,total_return,中证指数官网,2026-09-03T01:01:38.738585+08:00
932047,2026-01-16,1025.26,total_return,中证指数官网,2026-09-03T01:01:38.738585+08:00
932047,2026-01-19,1024.52,total_return,中证指数官网,2026-09-03T01:01:38.738585+08:00
932047,2026-01-20,1030.01,total_return,中证指数官网,2026-09-03T01:01:38.738585+08:00
932047,2026-01-21,1034.68,total_return,中证指数官网,2026-09-03T01:01:38.738585+08:00
932047,2026-01-22,1043.35,total_return,中证指数官网,2026-09-03T01:01:38.738585+08:00
932047,2026-01-23,1047.51,total_return,中证指数官网,2026-09-03T01:01:38.738585+08:00
932047,2026-01-26,1044.93,total_return,中证指数官网,2026-09-03T01:01:38.738585+08:00
932047,2026-01-27,1045.72,total_return,中证指数官网,2026-09-03T01:01:38.738585+08:00
932047,2026-01-28,1046.18,total_return,中证指数官网,2026-09-03T01:01:38.738585+08:00
932047,2026-01-29,1056.78,total_return,中证指数官网,2026-09-03T01:01:38.738585+08:00
932047,2026-01-30,1052.42,total_return,中证指数官网,2026-09-03T01:01:38.738585+08:00
932047,2026-02-02,1043.27,total_return,中证指数官网,2026-09-03T01:01:38.738585+08:00
932047,2026-02-03,1044.66,total_return,中证指数官网,2026-09-03T01:01:38.738585+08:00
932047,2026-02-04,1045.7,total_return,中证指数官网,2026-09-03T01:01:38.738585+08:00
932047,2026-02-05,1043.65,total_return,中证指数官网,2026-09-03T01:01:38.738585+08:00
932047,2026-02-06,1042.83,total_return,中证指数官网,2026-09-03T01:01:38.738585+08:00
932047,2026-02-09,1040.72,total_return,中证指数官网,2026-09-03T01:01:38.738585+08:00
932047,2026-02-10,1044.1,total_return,中证指数官网,2026-09-03T01:01:38.738585+08:00
932047,2026-02-11,1044.98,total_return,中证指数官网,2026-09-03T01:01:38.738585+08:00
932047,2026-02-12,1045.91,total_return,中证指数官网,2026-09-03T01:01:38.738585+08:00
932047,2026-02-13,1047.08,total_return,中证指数官网,2026-09-03T01:01:38.738585+08:00
932047,2026-02-24,1043.88,total_return,中证指数官网,2026-09-03T01:01:38.738585+08:00
932047,2026-02-25,1044.36,total_return,中证指数官网,2026-09-03T01:01:38.738585+08:00
932047,2026-02-26,1040.7,total_return,中证指数官网,2026-09-03T01:01:38.738585+08:00
932047,2026-02-27,1035.78,total_return,中证指数官网,2026-09-03T01:01:38.738585+08:00
932047,2026-03-02,1031.23,total_return,中证指数官网,2026-09-03T01:01:38.738585+08:00
932047,2026-03-03,1033.55,total_return,中证指数官网,2026-09-03T01:01:38.738585+08:00
932047,2026-03-04,1031.63,total_return,中证指数官网,2026-09-03T01:01:38.738585+08:00
932047,2026-03-05,1030.77,total_return,中证指数官网,2026-09-03T01:01:38.738585+08:00
932047,2026-03-06,1027.62,total_return,中证指数官网,2026-09-03T01:01:38.738585+08:00
932047,2026-03-09,1023.06,total_return,中证指数官网,2026-09-03T01:01:38.738585+08:00
932047,2026-03-10,1027.11,total_return,中证指数官网,2026-09-03T01:01:38.738585+08:00
932047,2026-03-11,1026.36,total_return,中证指数官网,2026-09-03T01:01:38.738585+08:00
932047,2026-03-12,1021.94,total_return,中证指数官网,2026-09-03T01:01:38.738585+08:00
932047,2026-03-13,1023.15,total_return,中证指数官网,2026-09-03T01:01:38.738585+08:00
932047,2026-03-16,1018.19,total_return,中证指数官网,2026-09-03T01:01:38.738585+08:00
932047,2026-03-17,1020.3,total_return,中证指数官网,2026-09-03T01:01:38.738585+08:00
932047,2026-03-18,1023.57,total_return,中证指数官网,2026-09-03T01:01:38.738585+08:00
932047,2026-03-19,1023.62,total_return,中证指数官网,2026-09-03T01:01:38.738585+08:00
932047,2026-03-20,1021.78,total_return,中证指数官网,2026-09-03T01:01:38.738585+08:00
932047,2026-03-23,1012.04,total_return,中证指数官网,2026-09-03T01:01:38.738585+08:00
932047,2026-03-24,1013.78,total_return,中证指数官网,2026-09-03T01:01:38.738585+08:00
932047,2026-03-25,1014.64,total_return,中证指数官网,2026-09-03T01:01:38.738585+08:00
932047,2026-03-26,1012.85,total_return,中证指数官网,2026-09-03T01:01:38.738585+08:00
932047,2026-03-27,1013.34,total_return,中证指数官网,2026-09-03T01:01:38.738585+08:00
932047,2026-03-30,1012.57,total_return,中证指数官网,2026-09-03T01:01:38.738585+08:00
932047,2026-03-31,1010.36,total_return,中证指数官网,2026-09-03T01:01:38.738585+08:00
932047,2026-04-01,1010.72,total_return,中证指数官网,2026-09-03T01:01:38.738585+08:00
932047,2026-04-02,1010.8,total_return,中证指数官网,2026-09-03T01:01:38.738585+08:00
932047,2026-04-03,1013.29,total_return,中证指数官网,2026-09-03T01:01:38.738585+08:00
932047,2026-04-07,1016.44,total_return,中证指数官网,2026-09-03T01:01:38.738585+08:00
932047,2026-04-08,1022.67,total_return,中证指数官网,2026-09-03T01:01:38.738585+08:00
932047,2026-04-09,1020.09,total_return,中证指数官网,2026-09-03T01:01:38.738585+08:00
932047,2026-04-10,1019.81,total_return,中证指数官网,2026-09-03T01:01:38.738585+08:00
932047,2026-04-13,1018.07,total_return,中证指数官网,2026-09-03T01:01:38.738585+08:00
932047,2026-04-14,1021.91,total_return,中证指数官网,2026-09-03T01:01:38.738585+08:00
932047,2026-04-15,1022.13,total_return,中证指数官网,2026-09-03T01:01:38.738585+08:00
932047,2026-04-16,1029.05,total_return,中证指数官网,2026-09-03T01:01:38.738585+08:00
932047,2026-04-17,1029.57,total_return,中证指数官网,2026-09-03T01:01:38.738585+08:00
932047,2026-04-20,1030.36,total_return,中证指数官网,2026-09-03T01:01:38.738585+08:00
932047,2026-04-21,1028.61,total_return,中证指数官网,2026-09-03T01:01:38.738585+08:00
932047,2026-04-22,1029.34,total_return,中证指数官网,2026-09-03T01:01:38.738585+08:00
932047,2026-04-23,1026.0,total_return,中证指数官网,2026-09-03T01:01:38.738585+08:00
932047,2026-04-24,1024.58,total_return,中证指数官网,2026-09-03T01:01:38.738585+08:00
932047,2026-04-27,1018.46,total_return,中证指数官网,2026-09-03T01:01:38.738585+08:00
932047,2026-04-28,1016.06,total_return,中证指数官网,2026-09-03T01:01:38.738585+08:00
932047,2026-04-29,1013.74,total_return,中证指数官网,2026-09-03T01:01:38.738585+08:00
932047,2026-04-30,1011.08,total_return,中证指数官网,2026-09-03T01:01:38.738585+08:00
932047,2026-05-06,1009.53,total_return,中证指数官网,2026-09-03T01:01:38.738585+08:00
932047,2026-05-07,1010.37,total_return,中证指数官网,2026-09-03T01:01:38.738585+08:00
932047,2026-05-08,1011.66,total_return,中证指数官网,2026-09-03T01:01:38.738585+08:00
932047,2026-05-11,1009.02,total_return,中证指数官网,2026-09-03T01:01:38.738585+08:00
932047,2026-05-12,1007.61,total_return,中证指数官网,2026-09-03T01:01:38.738585+08:00
932047,2026-05-13,1002.11,total_return,中证指数官网,2026-09-03T01:01:38.738585+08:00
932047,2026-05-14,994.7,total_return,中证指数官网,2026-09-03T01:01:38.738585+08:00
932047,2026-05-15,989.93,total_return,中证指数官网,2026-09-03T01:01:38.738585+08:00
932047,2026-05-18,991.24,total_return,中证指数官网,2026-09-03T01:01:38.738585+08:00
932047,2026-05-19,1014.7,total_return,中证指数官网,2026-09-03T01:01:38.738585+08:00
932047,2026-05-20,1011.11,total_return,中证指数官网,2026-09-03T01:01:38.738585+08:00
932047,2026-05-21,1004.67,total_return,中证指数官网,2026-09-03T01:01:38.738585+08:00
932047,2026-05-22,1004.41,total_return,中证指数官网,2026-09-03T01:01:38.738585+08:00
932047,2026-05-25,1002.65,total_return,中证指数官网,2026-09-03T01:01:38.738585+08:00
932047,2026-05-26,997.89,total_return,中证指数官网,2026-09-03T01:01:38.738585+08:00
932047,2026-05-27,989.62,total_return,中证指数官网,2026-09-03T01:01:38.738585+08:00
932047,2026-05-28,981.93,total_return,中证指数官网,2026-09-03T01:01:38.738585+08:00
932047,2026-05-29,989.83,total_return,中证指数官网,2026-09-03T01:01:38.738585+08:00
932047,2026-06-01,999.89,total_return,中证指数官网,2026-09-03T01:01:38.738585+08:00
932047,2026-06-02,998.56,total_return,中证指数官网,2026-09-03T01:01:38.738585+08:00
932047,2026-06-03,999.71,total_return,中证指数官网,2026-09-03T01:01:38.738585+08:00
932047,2026-06-04,1000.72,total_return,中证指数官网,2026-09-03T01:01:38.738585+08:00
932047,2026-06-05,1002.77,total_return,中证指数官网,2026-09-03T01:01:38.738585+08:00
932047,2026-06-08,999.72,total_return,中证指数官网,2026-09-03T01:01:38.738585+08:00
932047,2026-06-09,994.08,total_return,中证指数官网,2026-09-03T01:01:38.738585+08:00
932047,2026-06-10,987.03,total_return,中证指数官网,2026-09-03T01:01:38.738585+08:00
932047,2026-06-11,980.61,total_return,中证指数官网,2026-09-03T01:01:38.738585+08:00
932047,2026-06-12,983.81,total_return,中证指数官网,2026-09-03T01:01:38.738585+08:00
932047,2026-06-15,982.54,total_return,中证指数官网,2026-09-03T01:01:38.738585+08:00
932047,2026-06-16,981.28,total_return,中证指数官网,2026-09-03T01:01:38.738585+08:00
932047,2026-06-17,980.82,total_return,中证指数官网,2026-09-03T01:01:38.738585+08:00
932047,2026-06-18,968.09,total_return,中证指数官网,2026-09-03T01:01:38.738585+08:00
932047,2026-06-22,948.37,total_return,中证指数官网,2026-09-03T01:01:38.738585+08:00
932047,2026-06-23,941.69,total_return,中证指数官网,2026-09-03T01:01:38.738585+08:00
932047,2026-06-24,928.96,total_return,中证指数官网,2026-09-03T01:01:38.738585+08:00
932047,2026-06-25,950.66,total_return,中证指数官网,2026-09-03T01:01:38.738585+08:00
932047,2026-06-26,944.9,total_return,中证指数官网,2026-09-03T01:01:38.738585+08:00
932047,2026-06-29,958.81,total_return,中证指数官网,2026-09-03T01:01:38.738585+08:00
932047,2026-06-30,970.51,total_return,中证指数官网,2026-09-03T01:01:38.738585+08:00
932047,2026-07-01,972.88,total_return,中证指数官网,2026-09-03T01:01:38.738585+08:00
932047,2026-07-02,969.22,total_return,中证指数官网,2026-09-03T01:01:38.738585+08:00
932047,2026-07-03,982.33,total_return,中证指数官网,2026-09-03T01:01:38.738585+08:00
932047,2026-07-06,984.38,total_return,中证指数官网,2026-09-03T01:01:38.738585+08:00
932047,2026-07-07,979.95,total_return,中证指数官网,2026-09-03T01:01:38.738585+08:00
932047,2026-07-08,972.79,total_return,中证指数官网,2026-09-03T01:01:38.738585+08:00
932047,2026-07-09,973.83,total_return,中证指数官网,2026-09-03T01:01:38.738585+08:00
932047,2026-07-10,980.69,total_return,中证指数官网,2026-09-03T01:01:38.738585+08:00
932047,2026-07-13,977.23,total_return,中证指数官网,2026-09-03T01:01:38.738585+08:00
932047,2026-07-14,974.73,total_return,中证指数官网,2026-09-03T01:01:38.738585+08:00
932047,2026-07-15,970.28,total_return,中证指数官网,2026-09-03T01:01:38.738585+08:00
932047,2026-07-16,975.1,total_return,中证指数官网,2026-09-03T01:01:38.738585+08:00
932047,2026-07-17,970.03,total_return,中证指数官网,2026-09-03T01:01:38.738585+08:00
932047,2026-07-20,964.16,total_return,中证指数官网,2026-09-03T01:01:38.738585+08:00
932047,2026-07-21,958.53,total_return,中证指数官网,2026-09-03T01:01:38.738585+08:00
932047,2026-07-22,949.59,total_return,中证指数官网,2026-09-03T01:01:38.738585+08:00
932047,2026-07-23,948.35,total_return,中证指数官网,2026-09-03T01:01:38.738585+08:00
932047,2026-07-24,949.2,total_return,中证指数官网,2026-09-03T01:01:38.738585+08:00
932047,2026-07-27,944.13,total_return,中证指数官网,2026-09-03T01:01:38.738585+08:00
932047,2026-07-28,940.31,total_return,中证指数官网,2026-09-03T01:01:38.738585+08:00
932047,2026-07-29,941.83,total_return,中证指数官网,2026-09-03T01:01:38.738585+08:00
932047,2026-07-30,943.17,total_return,中证指数官网,2026-09-03T01:01:38.738585+08:00
932047,2026-07-31,953.74,total_return,中证指数官网,2026-09-03T01:01:38.738585+08:00
932047,2026-08-03,950.34,total_return,中证指数官网,2026-09-03T01:01:38.738585+08:00
932047,2026-08-04,942.63,total_return,中证指数官网,2026-09-03T01:01:38.738585+08:00
932047,2026-08-05,936.43,total_return,中证指数官网,2026-09-03T01:01:38.738585+08:00
932047,2026-08-06,932.84,total_return,中证指数官网,2026-09-03T01:01:38.738585+08:00
932047,2026-08-07,938.08,total_return,中证指数官网,2026-09-03T01:01:38.738585+08:00
932047,2026-08-10,936.66,total_return,中证指数官网,2026-09-03T01:01:38.738585+08:00
932047,2026-08-11,935.32,total_return,中证指数官网,2026-09-03T01:01:38.738585+08:00
932047,2026-08-12,932.97,total_return,中证指数官网,2026-09-03T01:01:38.738585+08:00
932047,2026-08-13,929.9,total_return,中证指数官网,2026-09-03T01:01:38.738585+08:00
932047,2026-08-14,931.23,total_return,中证指数官网,2026-09-03T01:01:38.738585+08:00
932047,2026-08-17,927.57,total_return,中证指数官网,2026-09-03T01:01:38.738585+08:00
932047,2026-08-18,931.36,total_return,中证指数官网,2026-09-03T01:01:38.738585+08:00
932047,2026-08-19,935.84,total_return,中证指数官网,2026-09-03T01:01:38.738585+08:00
932047,2026-08-20,942.04,total_return,中证指数官网,2026-09-03T01:01:38.738585+08:00
932047,2026-08-21,942.21,total_return,中证指数官网,2026-09-03T01:01:38.738585+08:00
932047,2026-08-24,942.35,total_return,中证指数官网,2026-09-03T01:01:38.738585+08:00
932047,2026-08-25,945.16,total_return,中证指数官网,2026-09-03T01:01:38.738585+08:00
932047,2026-08-26,956.63,total_return,中证指数官网,2026-09-03T01:01:38.738585+08:00
932047,2026-08-27,958.8,total_return,中证指数官网,2026-09-03T01:01:38.738585+08:00
932047,2026-08-28,955.33,total_return,中证指数官网,2026-09-03T01:01:38.738585+08:00
932047,2026-08-31,951.91,total_return,中证指数官网,2026-09-03T01:01:38.738585+08:00
932047,2026-09-01,945.91,total_return,中证指数官网,2026-09-03T01:01:38.738585+08:00
932047,2026-09-02,941.0,total_return,中证指数官网,2026-09-03T01:01:38.738585+08:00
